claim_id,denial_probability,delay_probability,recovery_probability,expected_recovery,priority_score,priority_band
CLM0000001,0.5811,0.5984,0.51,10811.17,51.5,Medium
CLM0000002,0.5627,0.4182,0.4125,342.81,31.5,Low
CLM0000003,0.0923,0.1431,0.64,478.64,33.5,Low
CLM0000004,0.0812,0.2395,0.64,1614.45,37.2,Low
CLM0000005,0.107,0.1777,0.5425,2865.96,32.4,Low
CLM0000006,0.1109,0.2628,0.64,2507.1,38.6,Low
CLM0000007,0.173,0.2966,0.9,6493.71,53.0,Medium
CLM0000008,0.1174,0.2498,0.5425,2083.04,33.8,Low
CLM0000009,0.3017,0.4837,0.38,1904.42,34.1,Low
CLM0000010,0.3121,0.4568,0.4775,1589.23,36.9,Low
CLM0000011,0.5617,0.4599,0.51,1608.67,38.3,Low
CLM0000012,0.0909,0.2865,0.5425,1156.12,34.1,Low
CLM0000013,0.5815,0.5697,0.6075,11969.27,54.3,Medium
CLM0000014,0.2937,0.3645,0.64,3983.27,42.8,Medium
CLM0000015,0.1474,0.1874,0.64,504.58,34.8,Low
CLM0000016,0.2824,0.3006,0.5425,437.07,33.8,Low
CLM0000017,0.2372,0.4976,0.38,901.62,33.2,Low
CLM0000018,0.0897,0.2336,0.64,1851.3,37.3,Low
CLM0000019,0.2245,0.4072,0.38,446.22,29.9,Low
CLM0000020,0.5645,0.3918,0.51,2237.01,36.9,Low
CLM0000021,0.5904,0.6679,0.25,1179.18,33.6,Low
CLM0000022,0.1868,0.2969,0.64,154.3,37.8,Low
CLM0000023,0.1945,0.2701,0.64,374.97,37.2,Low
CLM0000024,0.5512,0.4887,0.51,593.74,38.2,Low
CLM0000025,0.6095,0.5954,0.51,4117.32,44.8,Medium
CLM0000026,0.2475,0.3924,0.38,721.77,29.8,Low
CLM0000027,0.4127,0.5356,0.64,11428.92,53.8,Medium
CLM0000028,0.2047,0.3366,0.9,11952.41,57.2,Medium
CLM0000029,0.5718,0.5395,0.51,536.0,39.7,Low
CLM0000030,0.107,0.224,0.64,73.88,35.6,Low
CLM0000031,0.109,0.1999,0.5425,2395.77,32.6,Low
CLM0000032,0.6013,0.5047,0.25,451.63,27.3,Low
CLM0000033,0.1077,0.1978,0.64,141.96,34.8,Low
CLM0000034,0.5136,0.4516,0.77,25751.73,64.9,Medium
CLM0000035,0.5563,0.5199,0.6725,4288.86,49.0,Medium
CLM0000036,0.4132,0.4741,0.38,685.13,32.2,Low
CLM0000037,0.248,0.4666,0.38,435.14,31.7,Low
CLM0000038,0.2812,0.3771,0.5425,647.07,36.3,Low
CLM0000039,0.2537,0.3605,0.64,8695.3,46.4,Medium
CLM0000040,0.1586,0.2023,0.64,396.52,35.2,Low
CLM0000041,0.1189,0.2669,0.5425,1863.36,34.1,Low
CLM0000042,0.2005,0.3037,0.64,1708.99,39.2,Low
CLM0000043,0.0998,0.231,0.64,1391.09,36.8,Low
CLM0000044,0.2053,0.3265,0.5425,970.74,35.1,Low
CLM0000045,0.1029,0.1601,0.8025,4715.3,43.9,Medium
CLM0000046,0.5929,0.6145,0.4125,1179.87,38.4,Low
CLM0000047,0.3018,0.4564,0.64,4573.12,46.1,Medium
CLM0000048,0.3027,0.4287,0.7375,7245.94,51.0,Medium
CLM0000049,0.2892,0.426,0.38,942.64,31.1,Low
CLM0000050,0.1402,0.2037,0.64,3048.21,37.3,Low
CLM0000051,0.4152,0.5454,0.4775,1298.84,39.2,Low
CLM0000052,0.6169,0.5557,0.25,1164.15,30.2,Low
CLM0000053,0.5995,0.4314,0.51,1039.57,36.9,Low
CLM0000054,0.1468,0.2554,0.64,651.01,37.0,Low
CLM0000055,0.2719,0.4097,0.38,929.28,30.6,Low
CLM0000056,0.1183,0.2544,0.64,167.42,36.6,Low
CLM0000057,0.143,0.3599,0.64,1503.83,40.8,Medium
CLM0000058,0.1252,0.2475,0.5425,1903.51,33.6,Low
CLM0000059,0.6243,0.5596,0.3475,451.45,33.1,Low
CLM0000060,0.2461,0.4497,0.64,19265.29,57.3,Medium
CLM0000061,0.2476,0.4114,0.4775,2379.04,36.3,Low
CLM0000062,0.2247,0.2756,0.64,49.2,37.1,Low
CLM0000063,0.1223,0.2006,0.5425,771.1,31.1,Low
CLM0000064,0.2634,0.509,0.7375,7069.41,53.2,Medium
CLM0000065,0.623,0.4945,0.25,170.46,26.4,Low
CLM0000066,0.2038,0.3866,0.64,2739.72,42.5,Medium
CLM0000067,0.275,0.5418,0.9,7878.84,61.1,Medium
CLM0000068,0.5818,0.6466,0.6075,27344.45,69.2,Medium
CLM0000069,0.083,0.1372,0.5425,805.41,29.3,Low
CLM0000070,0.2732,0.4945,0.64,10508.83,51.8,Medium
CLM0000071,0.5345,0.4278,0.6725,7570.73,48.7,Medium
CLM0000072,0.2266,0.498,0.4775,2388.55,38.9,Low
CLM0000073,0.1822,0.2119,0.5425,526.57,31.3,Low
CLM0000074,0.2587,0.3955,0.4775,900.0,34.3,Low
CLM0000075,0.1642,0.2728,0.5425,1169.43,33.7,Low
CLM0000076,0.2436,0.4043,0.64,1616.7,42.2,Medium
CLM0000077,0.5449,0.4535,0.51,989.18,37.5,Low
CLM0000078,0.2716,0.3882,0.4775,500.4,33.7,Low
CLM0000079,0.2409,0.4509,0.38,229.02,30.9,Low
CLM0000080,0.2637,0.3463,0.8025,13162.76,54.7,Medium
CLM0000081,0.2955,0.3777,0.64,1728.29,41.5,Medium
CLM0000082,0.1421,0.3005,0.64,438.94,38.2,Low
CLM0000083,0.5789,0.5479,0.6075,8972.48,51.2,Medium
CLM0000084,0.2536,0.467,0.38,1674.93,33.3,Low
CLM0000085,0.2544,0.34,0.9,17904.73,60.6,Medium
CLM0000086,0.3875,0.5202,0.4775,559.48,37.7,Low
CLM0000087,0.1039,0.2693,0.5425,2055.61,34.4,Low
CLM0000088,0.2134,0.3294,0.64,1093.95,39.5,Low
CLM0000089,0.5729,0.5462,0.77,5578.53,54.7,Medium
CLM0000090,0.2799,0.4255,0.7375,5868.52,49.9,Medium
CLM0000091,0.4671,0.3304,0.51,814.05,33.7,Low
CLM0000092,0.5855,0.4856,0.6725,4705.66,48.3,Medium
CLM0000093,0.1064,0.2594,0.64,491.42,37.0,Low
CLM0000094,0.1966,0.3699,0.64,191.04,40.0,Low
CLM0000095,0.098,0.2298,0.64,155.1,35.8,Low
CLM0000096,0.1049,0.2214,0.8025,5833.81,46.4,Medium
CLM0000097,0.1304,0.2469,0.64,646.44,36.7,Low
CLM0000098,0.6366,0.5176,0.3475,598.77,32.0,Low
CLM0000099,0.0734,0.1825,0.64,740.51,34.9,Low
CLM0000100,0.5647,0.5008,0.51,4919.57,42.8,Medium
CLM0000101,0.2581,0.4645,0.38,1705.46,33.3,Low
CLM0000102,0.3108,0.399,0.38,560.45,29.8,Low
CLM0000103,0.78,0.6614,0.3475,759.45,36.6,Low
CLM0000104,0.1542,0.1702,0.64,71.9,34.0,Low
CLM0000105,0.2228,0.342,0.9,7976.92,55.2,Medium
CLM0000106,0.3011,0.3854,0.4775,1408.31,34.5,Low
CLM0000107,0.2755,0.4611,0.4775,346.0,35.7,Low
CLM0000108,0.1131,0.1907,0.64,400.56,34.8,Low
CLM0000109,0.278,0.4473,0.38,429.94,31.1,Low
CLM0000110,0.2215,0.2999,0.64,348.99,38.1,Low
CLM0000111,0.2656,0.4695,0.7375,10212.46,54.2,Medium
CLM0000112,0.582,0.4795,0.3475,563.21,30.8,Low
CLM0000113,0.2677,0.489,0.7375,4238.83,50.7,Medium
CLM0000114,0.2552,0.4159,0.38,151.37,29.8,Low
CLM0000115,0.2826,0.3674,0.5425,1570.96,36.9,Low
CLM0000116,0.6107,0.6108,0.6075,5202.9,49.9,Medium
CLM0000117,0.1462,0.2358,0.64,154.37,36.0,Low
CLM0000118,0.2369,0.5315,0.7375,22276.47,64.2,Medium
CLM0000119,0.7608,0.5413,0.25,721.8,28.9,Low
CLM0000120,0.5243,0.4532,0.77,8234.89,53.6,Medium
CLM0000121,0.1814,0.314,0.7375,4667.63,45.8,Medium
CLM0000122,0.1796,0.187,0.8025,4867.64,44.8,Medium
CLM0000123,0.2093,0.3352,0.5425,987.71,35.4,Low
CLM0000124,0.2939,0.3926,0.7375,5093.29,48.4,Medium
CLM0000125,0.2682,0.3265,0.4775,691.19,32.0,Low
CLM0000126,0.2613,0.3491,0.64,179.52,39.4,Low
CLM0000127,0.1084,0.092,0.64,25.14,31.6,Low
CLM0000128,0.2431,0.3695,0.7375,4257.86,47.2,Medium
CLM0000129,0.6329,0.6267,0.3475,1335.49,36.4,Low
CLM0000130,0.0963,0.2274,0.64,1434.5,36.7,Low
CLM0000131,0.2319,0.568,0.7375,16038.93,61.1,Medium
CLM0000132,0.3523,0.5486,0.64,858.07,45.9,Medium
CLM0000133,0.783,0.6592,0.51,5041.93,47.7,Medium
CLM0000134,0.604,0.6594,0.3475,578.1,36.3,Low
CLM0000135,0.3818,0.5498,0.4775,2273.96,40.4,Medium
CLM0000136,0.2422,0.3998,0.64,4163.53,44.0,Medium
CLM0000137,0.0715,0.183,0.5425,2541.11,32.2,Low
CLM0000138,0.287,0.3438,0.64,1317.8,40.1,Medium
CLM0000139,0.0618,0.2175,0.64,112.64,35.4,Low
CLM0000140,0.0999,0.16,0.5425,1610.92,30.7,Low
CLM0000141,0.4805,0.4863,0.4125,938.47,34.3,Low
CLM0000142,0.1177,0.1797,0.5425,563.59,30.3,Low
CLM0000143,0.1348,0.176,0.64,105.45,34.2,Low
CLM0000144,0.1121,0.1419,0.64,2799.26,35.2,Low
CLM0000145,0.1028,0.3077,0.64,2636.19,40.1,Medium
CLM0000146,0.5945,0.4867,0.3475,1002.76,31.7,Low
CLM0000147,0.6266,0.5685,0.25,748.62,29.8,Low
CLM0000148,0.1541,0.2948,0.64,5.9,37.6,Low
CLM0000149,0.2104,0.3824,0.64,1156.25,41.2,Medium
CLM0000150,0.1788,0.229,0.5425,1204.56,32.4,Low
CLM0000151,0.2253,0.4303,0.8025,17509.84,59.9,Medium
CLM0000152,0.259,0.4697,0.7375,6776.44,51.9,Medium
CLM0000153,0.171,0.3936,0.5425,916.59,37.1,Low
CLM0000154,0.2886,0.3972,0.4775,265.96,33.7,Low
CLM0000155,0.5601,0.5018,0.4125,531.66,34.3,Low
CLM0000156,0.1163,0.2533,0.64,2276.2,38.2,Low
CLM0000157,0.5783,0.5814,0.51,3811.67,44.1,Medium
CLM0000158,0.6302,0.6409,0.3475,431.51,35.5,Low
CLM0000159,0.0927,0.2776,0.8025,8243.29,49.6,Medium
CLM0000160,0.1833,0.2717,0.64,143.1,37.1,Low
CLM0000161,0.2717,0.5209,0.38,300.83,33.1,Low
CLM0000162,0.2508,0.3117,0.64,186.97,38.3,Low
CLM0000163,0.3034,0.4457,0.38,1152.22,32.0,Low
CLM0000164,0.2556,0.4871,0.4775,934.69,37.1,Low
CLM0000165,0.6344,0.46,0.6725,12552.91,53.4,Medium
CLM0000166,0.1223,0.191,0.5425,304.81,30.4,Low
CLM0000167,0.2478,0.5208,0.7375,8601.12,54.6,Medium
CLM0000168,0.7871,0.6722,0.6075,4489.8,51.2,Medium
CLM0000169,0.3016,0.4746,0.38,507.11,32.0,Low
CLM0000170,0.2786,0.4172,0.38,1859.04,32.1,Low
CLM0000171,0.0633,0.1522,0.5425,1248.38,30.1,Low
CLM0000172,0.6266,0.4868,0.3475,1070.94,31.8,Low
CLM0000173,0.1358,0.2494,0.64,326.77,36.5,Low
CLM0000174,0.2731,0.2856,0.64,1839.8,38.8,Low
CLM0000175,0.2895,0.3713,0.4775,409.66,33.1,Low
CLM0000176,0.1422,0.2336,0.64,409.75,36.1,Low
CLM0000177,0.622,0.5243,0.25,1196.62,29.4,Low
CLM0000178,0.4315,0.5655,0.4775,723.09,39.2,Low
CLM0000179,0.2944,0.4487,0.38,490.96,31.2,Low
CLM0000180,0.3895,0.5521,0.4775,1196.48,39.3,Low
CLM0000181,0.1547,0.3836,0.64,1420.31,41.4,Medium
CLM0000182,0.2556,0.4812,0.4775,1296.55,37.3,Low
CLM0000183,0.2648,0.4959,0.4775,2239.45,38.7,Low
CLM0000184,0.2203,0.271,0.64,103.59,37.0,Low
CLM0000185,0.1845,0.2298,0.64,183.97,35.8,Low
CLM0000186,0.27,0.3647,0.4775,474.94,32.9,Low
CLM0000187,0.5918,0.5732,0.25,758.84,30.0,Low
CLM0000188,0.1141,0.2998,0.64,585.36,38.3,Low
CLM0000189,0.1001,0.2661,0.64,289.94,37.0,Low
CLM0000190,0.1093,0.2268,0.64,382.26,35.9,Low
CLM0000191,0.6316,0.4917,0.3475,1479.54,32.5,Low
CLM0000192,0.1996,0.3808,0.5425,1403.65,37.1,Low
CLM0000193,0.628,0.4721,0.4125,2253.07,35.5,Low
CLM0000194,0.5695,0.6045,0.51,13057.42,53.9,Medium
CLM0000195,0.5894,0.5706,0.6075,7143.57,50.3,Medium
CLM0000196,0.256,0.3492,0.64,1193.02,40.2,Medium
CLM0000197,0.6116,0.4543,0.25,224.84,25.3,Low
CLM0000198,0.1551,0.1885,0.9,8288.74,50.8,Medium
CLM0000199,0.096,0.174,0.5425,1093.94,30.6,Low
CLM0000200,0.2679,0.5556,0.64,4838.8,49.2,Medium
CLM0000201,0.6151,0.5236,0.25,934.79,28.8,Low
CLM0000202,0.6336,0.6845,0.25,746.15,33.3,Low
CLM0000203,0.2963,0.4058,0.7375,7683.42,50.6,Medium
CLM0000204,0.141,0.2346,0.64,500.29,36.2,Low
CLM0000205,0.5956,0.3978,0.4125,351.97,30.9,Low
CLM0000206,0.6142,0.5839,0.51,5541.38,45.9,Medium
CLM0000207,0.223,0.2162,0.64,566.39,35.7,Low
CLM0000208,0.5823,0.5747,0.25,675.45,29.8,Low
CLM0000209,0.1444,0.2651,0.5425,2083.29,34.3,Low
CLM0000210,0.1113,0.2279,0.64,1332.99,36.7,Low
CLM0000211,0.1841,0.293,0.8025,7022.72,49.3,Medium
CLM0000212,0.2716,0.4205,0.38,569.54,30.5,Low
CLM0000213,0.1943,0.2935,0.5425,375.55,33.6,Low
CLM0000214,0.2945,0.4174,0.4775,1093.16,35.2,Low
CLM0000215,0.2869,0.5537,0.64,13177.63,55.7,Medium
CLM0000216,0.636,0.5404,0.6075,5713.91,48.3,Medium
CLM0000217,0.2485,0.4024,0.4775,1807.85,35.5,Low
CLM0000218,0.0856,0.1957,0.5425,2280.35,32.4,Low
CLM0000219,0.7385,0.6226,0.51,6940.64,48.4,Medium
CLM0000220,0.2571,0.4343,0.38,608.6,30.9,Low
CLM0000221,0.1369,0.1414,0.64,872.03,33.7,Low
CLM0000222,0.2523,0.4456,0.4775,175.39,35.0,Low
CLM0000223,0.1072,0.2047,0.64,1593.65,36.2,Low
CLM0000224,0.2338,0.3961,0.7375,5700.87,48.9,Medium
CLM0000225,0.5823,0.3924,0.51,1643.53,36.3,Low
CLM0000226,0.124,0.1834,0.5425,388.4,30.3,Low
CLM0000227,0.1602,0.1936,0.5425,1292.82,31.4,Low
CLM0000228,0.1077,0.3037,0.5425,1788.58,35.2,Low
CLM0000229,0.6145,0.6482,0.25,563.91,31.8,Low
CLM0000230,0.2394,0.3895,0.7375,8288.19,50.5,Medium
CLM0000231,0.3044,0.467,0.7375,7709.23,52.4,Medium
CLM0000232,0.2617,0.3326,0.5425,2394.14,36.6,Low
CLM0000233,0.1246,0.2011,0.64,310.33,35.1,Low
CLM0000234,0.2962,0.4503,0.4775,1744.85,36.8,Low
CLM0000235,0.238,0.2151,0.64,214.48,35.4,Low
CLM0000236,0.1818,0.2599,0.64,408.94,36.9,Low
CLM0000237,0.1216,0.1496,0.5425,733.8,29.6,Low
CLM0000238,0.6,0.4882,0.3475,1024.74,31.8,Low
CLM0000239,0.4828,0.4105,0.4125,766.1,31.8,Low
CLM0000240,0.0623,0.1094,0.64,89.4,32.2,Low
CLM0000241,0.77,0.6469,0.6075,5846.66,51.6,Medium
CLM0000242,0.5779,0.6416,0.25,650.71,31.8,Low
CLM0000243,0.6399,0.5642,0.25,607.42,29.4,Low
CLM0000244,0.2575,0.3974,0.4775,189.22,33.6,Low
CLM0000245,0.1243,0.2289,0.64,331.35,35.9,Low
CLM0000246,0.1624,0.2377,0.64,806.79,36.6,Low
CLM0000247,0.2809,0.414,0.4775,1071.09,35.0,Low
CLM0000248,0.1862,0.3426,0.64,2960.26,41.4,Medium
CLM0000249,0.2778,0.5061,0.64,3959.42,47.1,Medium
CLM0000250,0.2526,0.4738,0.64,6447.68,48.1,Medium
CLM0000251,0.2845,0.4556,0.38,641.07,31.6,Low
CLM0000252,0.5777,0.5212,0.3475,583.72,32.1,Low
CLM0000253,0.2539,0.3848,0.38,380.4,29.1,Low
CLM0000254,0.2795,0.4224,0.64,4866.84,45.3,Medium
CLM0000255,0.077,0.1755,0.64,1894.46,35.5,Low
CLM0000256,0.1746,0.2891,0.64,252.28,37.7,Low
CLM0000257,0.6354,0.6023,0.6075,9312.91,53.1,Medium
CLM0000258,0.2462,0.4909,0.4775,658.84,36.9,Low
CLM0000259,0.4884,0.3534,0.51,2018.1,35.5,Low
CLM0000260,0.2625,0.502,0.7375,5010.43,51.6,Medium
CLM0000261,0.2249,0.2948,0.64,1261.98,38.6,Low
CLM0000262,0.5552,0.3767,0.6725,7512.52,47.1,Medium
CLM0000263,0.5554,0.4886,0.51,5016.43,42.5,Medium
CLM0000264,0.5319,0.489,0.4125,422.38,33.7,Low
CLM0000265,0.5593,0.5484,0.6075,4745.66,47.7,Medium
CLM0000266,0.2207,0.4444,0.9,12823.85,61.0,Medium
CLM0000267,0.2469,0.3237,0.64,476.63,38.9,Low
CLM0000268,0.6327,0.512,0.3475,450.34,31.6,Low
CLM0000269,0.5653,0.5299,0.3475,321.62,32.0,Low
CLM0000270,0.2445,0.5305,0.4775,1400.96,38.9,Low
CLM0000271,0.5972,0.5764,0.6075,3962.44,47.9,Medium
CLM0000272,0.2461,0.2938,0.5425,692.07,33.9,Low
CLM0000273,0.5292,0.4432,0.77,4745.02,51.0,Medium
CLM0000274,0.1416,0.3434,0.8025,5911.78,50.1,Medium
CLM0000275,0.2358,0.3993,0.64,1249.93,41.8,Medium
CLM0000276,0.1143,0.2316,0.64,3120.13,38.2,Low
CLM0000277,0.2457,0.2966,0.64,136.52,37.8,Low
CLM0000278,0.1621,0.2943,0.9,6289.72,52.8,Medium
CLM0000279,0.5595,0.4389,0.4125,1218.79,33.2,Low
CLM0000280,0.6435,0.5097,0.3475,649.35,31.9,Low
CLM0000281,0.1933,0.3058,0.9,9539.73,55.0,Medium
CLM0000282,0.2962,0.495,0.7375,5055.68,51.5,Medium
CLM0000283,0.1438,0.2879,0.5425,438.04,33.5,Low
CLM0000284,0.169,0.2372,0.64,3035.04,38.3,Low
CLM0000285,0.5926,0.4609,0.25,608.53,26.3,Low
CLM0000286,0.4247,0.3454,0.4125,811.25,29.9,Low
CLM0000287,0.5271,0.4288,0.51,850.84,36.6,Low
CLM0000288,0.1484,0.3837,0.5425,2474.96,38.2,Low
CLM0000289,0.5524,0.4648,0.51,1086.96,38.0,Low
CLM0000290,0.6189,0.5369,0.25,464.05,28.3,Low
CLM0000291,0.1031,0.1259,0.5425,741.32,28.9,Low
CLM0000292,0.3303,0.272,0.64,210.92,37.1,Low
CLM0000293,0.2541,0.4687,0.64,1059.6,43.7,Medium
CLM0000294,0.2331,0.3457,0.5425,2292.14,36.9,Low
CLM0000295,0.4096,0.4072,0.51,612.05,35.8,Low
CLM0000296,0.2998,0.5347,0.4775,1923.73,39.5,Low
CLM0000297,0.5874,0.6206,0.25,690.8,31.3,Low
CLM0000298,0.5561,0.4367,0.51,532.82,36.6,Low
CLM0000299,0.5926,0.392,0.51,1277.6,36.0,Low
CLM0000300,0.3067,0.4794,0.4775,1582.87,37.5,Low
CLM0000301,0.6091,0.6588,0.6075,23782.36,66.7,Medium
CLM0000302,0.1026,0.203,0.64,667.49,35.4,Low
CLM0000303,0.083,0.178,0.64,273.76,34.4,Low
CLM0000304,0.117,0.2268,0.64,143.71,35.7,Low
CLM0000305,0.2013,0.3935,0.9,7309.84,56.4,Medium
CLM0000306,0.6087,0.5479,0.3475,752.78,33.2,Low
CLM0000307,0.5355,0.4744,0.6725,4100.21,47.5,Medium
CLM0000308,0.5789,0.5417,0.25,225.14,28.0,Low
CLM0000309,0.5936,0.4281,0.25,651.74,25.4,Low
CLM0000310,0.5921,0.5015,0.3475,213.61,31.0,Low
CLM0000311,0.6291,0.5164,0.6075,5240.79,47.1,Medium
CLM0000312,0.229,0.3136,0.8025,5905.28,49.2,Medium
CLM0000313,0.2727,0.4553,0.4775,692.54,35.9,Low
CLM0000314,0.1887,0.2288,0.8025,5154.55,46.2,Medium
CLM0000315,0.097,0.2206,0.9,7833.67,51.5,Medium
CLM0000316,0.5849,0.461,0.4125,769.49,33.3,Low
CLM0000317,0.635,0.5896,0.3475,725.38,34.4,Low
CLM0000318,0.2741,0.252,0.64,1274.07,37.4,Low
CLM0000319,0.2468,0.3888,0.64,68.56,40.5,Medium
CLM0000320,0.1534,0.2811,0.9,6413.64,52.5,Medium
CLM0000321,0.2551,0.5117,0.4775,2316.73,39.3,Low
CLM0000322,0.3668,0.4674,0.64,739.62,43.4,Medium
CLM0000323,0.1204,0.1877,0.8025,32375.16,61.9,Medium
CLM0000324,0.1121,0.3123,0.8025,13238.81,53.7,Medium
CLM0000325,0.6046,0.5962,0.6075,4152.24,48.6,Medium
CLM0000326,0.0965,0.2076,0.64,190.7,35.2,Low
CLM0000327,0.1265,0.1068,0.5425,2301.23,29.7,Low
CLM0000328,0.1337,0.2148,0.64,2057.02,36.9,Low
CLM0000329,0.4651,0.2924,0.4125,932.49,28.5,Low
CLM0000330,0.2354,0.3497,0.64,389.92,39.6,Low
CLM0000331,0.5867,0.6405,0.3475,909.79,36.2,Low
CLM0000332,0.304,0.3842,0.4775,488.71,33.5,Low
CLM0000333,0.141,0.3289,0.5425,1915.7,36.0,Low
CLM0000334,0.6148,0.4402,0.25,711.15,25.9,Low
CLM0000335,0.3021,0.4273,0.38,323.87,30.3,Low
CLM0000336,0.095,0.2041,0.64,74.95,35.0,Low
CLM0000337,0.2809,0.522,0.38,626.07,33.6,Low
CLM0000338,0.0987,0.233,0.9,5855.45,50.7,Medium
CLM0000339,0.5872,0.5567,0.3475,1263.02,34.2,Low
CLM0000340,0.2477,0.4883,0.4775,2482.88,38.7,Low
CLM0000341,0.064,0.186,0.64,93.16,34.5,Low
CLM0000342,0.2803,0.266,0.64,361.64,37.1,Low
CLM0000343,0.2401,0.2698,0.64,431.91,37.2,Low
CLM0000344,0.2495,0.5491,0.38,1332.89,35.3,Low
CLM0000345,0.234,0.4637,0.5425,1819.26,40.0,Low
CLM0000346,0.1266,0.2425,0.64,152.8,36.2,Low
CLM0000347,0.1391,0.3845,0.7375,6860.81,49.4,Medium
CLM0000348,0.504,0.4876,0.6075,8544.34,49.0,Medium
CLM0000349,0.644,0.4883,0.3475,791.74,31.4,Low
CLM0000350,0.5523,0.4131,0.77,4657.52,50.1,Medium
CLM0000351,0.0909,0.2619,0.64,282.37,36.9,Low
CLM0000352,0.2829,0.4419,0.38,1182.34,31.9,Low
CLM0000353,0.2647,0.3849,0.4775,459.52,33.5,Low
CLM0000354,0.2038,0.371,0.64,2297.02,41.7,Medium
CLM0000355,0.2372,0.4455,0.4775,399.48,35.3,Low
CLM0000356,0.4393,0.4883,0.77,16965.47,60.3,Medium
CLM0000357,0.0756,0.196,0.64,153.9,34.8,Low
CLM0000358,0.2726,0.2835,0.64,3267.28,39.9,Low
CLM0000359,0.3032,0.4772,0.38,292.91,31.8,Low
CLM0000360,0.2289,0.2937,0.64,2112.44,39.3,Low
CLM0000361,0.2339,0.3889,0.7375,7792.2,50.1,Medium
CLM0000362,0.4119,0.5667,0.38,1169.54,35.6,Low
CLM0000363,0.1394,0.21,0.64,318.99,35.3,Low
CLM0000364,0.1954,0.2884,0.8025,5718.5,48.3,Medium
CLM0000365,0.607,0.5084,0.25,1327.78,29.2,Low
CLM0000366,0.0714,0.2973,0.5425,1581.4,34.8,Low
CLM0000367,0.1098,0.2215,0.64,141.33,35.6,Low
CLM0000368,0.2077,0.3638,0.64,824.15,40.4,Medium
CLM0000369,0.0972,0.3122,0.9,9004.26,54.9,Medium
CLM0000370,0.4348,0.3316,0.6725,11056.87,48.4,Medium
CLM0000371,0.1931,0.2942,0.64,186.37,37.8,Low
CLM0000372,0.2817,0.4987,0.38,1742.39,34.4,Low
CLM0000373,0.4985,0.3955,0.77,8566.2,52.1,Medium
CLM0000374,0.252,0.4176,0.38,911.68,30.8,Low
CLM0000375,0.7825,0.6259,0.51,4287.91,45.9,Medium
CLM0000376,0.1387,0.2038,0.5425,727.26,31.2,Low
CLM0000377,0.2677,0.3904,0.38,581.44,29.6,Low
CLM0000378,0.7675,0.5868,0.77,4429.17,55.1,Medium
CLM0000379,0.2253,0.2762,0.64,2037.95,38.7,Low
CLM0000380,0.2601,0.3956,0.7375,7069.1,49.8,Medium
CLM0000381,0.1301,0.0969,0.5425,1385.95,28.6,Low
CLM0000382,0.2872,0.3978,0.64,1212.83,41.7,Medium
CLM0000383,0.3068,0.5106,0.4775,497.03,37.3,Low
CLM0000384,0.2514,0.4349,0.4775,1264.8,35.9,Low
CLM0000385,0.1974,0.3483,0.64,1075.64,40.1,Medium
CLM0000386,0.2159,0.2471,0.64,476.86,36.6,Low
CLM0000387,0.2862,0.3842,0.64,6681.7,45.5,Medium
CLM0000388,0.2732,0.3427,0.64,781.54,39.7,Low
CLM0000389,0.3908,0.4444,0.9,17330.0,63.5,Medium
CLM0000390,0.2749,0.2776,0.64,2156.31,38.8,Low
CLM0000391,0.1568,0.2027,0.8025,7497.44,46.9,Medium
CLM0000392,0.2696,0.3818,0.9,6107.11,55.3,Medium
CLM0000393,0.5679,0.4152,0.3475,205.44,28.4,Low
CLM0000394,0.2972,0.5085,0.38,692.11,33.3,Low
CLM0000395,0.2147,0.3568,0.7375,6214.48,48.1,Medium
CLM0000396,0.2119,0.2753,0.8025,12530.81,52.2,Medium
CLM0000397,0.6258,0.4567,0.6075,5388.17,45.5,Medium
CLM0000398,0.6222,0.5401,0.3475,281.4,32.2,Low
CLM0000399,0.5027,0.2995,0.51,292.28,32.2,Low
CLM0000400,0.2114,0.392,0.9,11629.52,58.7,Medium
CLM0000401,0.2746,0.5105,0.38,685.8,33.3,Low
CLM0000402,0.276,0.3651,0.64,7523.05,45.6,Medium
CLM0000403,0.407,0.4328,0.64,838.79,42.4,Medium
CLM0000404,0.1458,0.2914,0.64,855.55,38.2,Low
CLM0000405,0.2751,0.4754,0.4775,1757.39,37.6,Low
CLM0000406,0.2021,0.3747,0.5425,801.64,36.4,Low
CLM0000407,0.2441,0.3804,0.9,8896.18,56.9,Medium
CLM0000408,0.253,0.387,0.64,1598.24,41.7,Medium
CLM0000409,0.6009,0.5254,0.6075,4826.43,47.1,Medium
CLM0000410,0.1162,0.2207,0.5425,567.8,31.6,Low
CLM0000411,0.2641,0.508,0.4775,474.47,37.2,Low
CLM0000412,0.1073,0.2091,0.5425,3200.15,33.6,Low
CLM0000413,0.0816,0.0891,0.64,121.0,31.6,Low
CLM0000414,0.1566,0.2479,0.64,673.13,36.8,Low
CLM0000415,0.293,0.4564,0.4775,1193.94,36.4,Low
CLM0000416,0.0945,0.1025,0.64,179.44,32.0,Low
CLM0000417,0.265,0.5176,0.4775,1286.39,38.4,Low
CLM0000418,0.3817,0.4086,0.5425,672.55,37.3,Low
CLM0000419,0.1193,0.1766,0.64,421.54,34.4,Low
CLM0000420,0.2111,0.3723,0.64,844.68,40.6,Medium
CLM0000421,0.2261,0.5371,0.7375,6823.53,53.9,Medium
CLM0000422,0.2778,0.4688,0.64,34436.63,67.9,Medium
CLM0000423,0.6091,0.5696,0.25,429.71,29.2,Low
CLM0000424,0.6349,0.6324,0.25,816.27,31.9,Low
CLM0000425,0.115,0.2223,0.8025,24020.04,57.7,Medium
CLM0000426,0.5996,0.5659,0.3475,642.7,33.5,Low
CLM0000427,0.0839,0.1845,0.64,103.26,34.4,Low
CLM0000428,0.3115,0.4152,0.4775,855.91,34.8,Low
CLM0000429,0.6129,0.5767,0.3475,552.56,33.7,Low
CLM0000430,0.6021,0.5761,0.25,425.25,29.4,Low
CLM0000431,0.1335,0.19,0.5425,440.95,30.5,Low
CLM0000432,0.1192,0.1261,0.5425,2506.45,30.5,Low
CLM0000433,0.5777,0.6098,0.25,585.88,30.7,Low
CLM0000434,0.1132,0.2019,0.64,85.95,34.9,Low
CLM0000435,0.1562,0.2309,0.64,896.15,36.4,Low
CLM0000436,0.1331,0.2444,0.64,273.89,36.3,Low
CLM0000437,0.2047,0.3354,0.64,189.93,39.0,Low
CLM0000438,0.1126,0.252,0.9,7091.59,52.0,Medium
CLM0000439,0.1914,0.2476,0.64,270.85,36.4,Low
CLM0000440,0.6422,0.511,0.6075,8484.68,49.6,Medium
CLM0000441,0.1041,0.1911,0.64,1061.54,35.4,Low
CLM0000442,0.6268,0.4221,0.25,669.34,25.3,Low
CLM0000443,0.0961,0.2494,0.64,160.51,36.4,Low
CLM0000444,0.2334,0.4093,0.4775,1411.61,35.2,Low
CLM0000445,0.1077,0.3285,0.64,261.87,38.9,Low
CLM0000446,0.283,0.4656,0.64,4133.93,46.0,Medium
CLM0000447,0.0684,0.1858,0.5425,1936.62,31.8,Low
CLM0000448,0.5761,0.5471,0.25,413.63,28.5,Low
CLM0000449,0.2881,0.543,0.4775,2191.04,40.1,Medium
CLM0000450,0.1909,0.3419,0.64,512.4,39.5,Low
CLM0000451,0.2043,0.4581,0.64,110.09,42.6,Medium
CLM0000452,0.0806,0.2299,0.64,771.97,36.3,Low
CLM0000453,0.6331,0.6013,0.3475,808.03,34.8,Low
CLM0000454,0.2531,0.4727,0.7375,8267.83,53.0,Medium
CLM0000455,0.1628,0.2693,0.64,749.98,37.5,Low
CLM0000456,0.2389,0.4973,0.4775,2670.78,39.2,Low
CLM0000457,0.2761,0.4596,0.64,4123.1,45.8,Medium
CLM0000458,0.466,0.3592,0.4125,2287.91,32.1,Low
CLM0000459,0.0853,0.1689,0.64,17.22,33.9,Low
CLM0000460,0.0992,0.1314,0.64,26.89,32.8,Low
CLM0000461,0.2716,0.4701,0.4775,642.55,36.3,Low
CLM0000462,0.2595,0.4358,0.7375,6842.83,50.9,Medium
CLM0000463,0.4729,0.3093,0.6725,5598.76,43.7,Medium
CLM0000464,0.2738,0.392,0.4775,656.43,33.9,Low
CLM0000465,0.2635,0.3939,0.38,1122.55,30.4,Low
CLM0000466,0.2086,0.4296,0.64,673.79,42.2,Medium
CLM0000467,0.2015,0.2507,0.64,39.11,36.4,Low
CLM0000468,0.597,0.5858,0.3475,1147.04,34.9,Low
CLM0000469,0.2941,0.3915,0.4775,1429.3,34.7,Low
CLM0000470,0.4491,0.4239,0.4125,726.29,32.2,Low
CLM0000471,0.1978,0.3294,0.64,156.38,38.8,Low
CLM0000472,0.3081,0.3891,0.4775,810.5,34.0,Low
CLM0000473,0.6198,0.5783,0.25,1020.68,30.6,Low
CLM0000474,0.2712,0.4838,0.4775,2685.12,38.8,Low
CLM0000475,0.2468,0.392,0.7375,5941.79,49.0,Medium
CLM0000476,0.2805,0.4353,0.38,199.52,30.4,Low
CLM0000477,0.5019,0.3836,0.51,1607.17,36.0,Low
CLM0000478,0.2922,0.4911,0.38,760.7,32.8,Low
CLM0000479,0.0935,0.2457,0.64,168.94,36.3,Low
CLM0000480,0.6309,0.6503,0.6075,12327.41,57.0,Medium
CLM0000481,0.5785,0.5275,0.3475,1652.76,33.8,Low
CLM0000482,0.1516,0.163,0.64,536.59,34.1,Low
CLM0000483,0.2778,0.4069,0.7375,7164.32,50.3,Medium
CLM0000484,0.5761,0.5544,0.3475,740.96,33.3,Low
CLM0000485,0.1651,0.1891,0.64,1182.64,35.4,Low
CLM0000486,0.2286,0.2999,0.8025,6284.44,49.0,Medium
CLM0000487,0.2486,0.4348,0.9,27588.23,68.9,Medium
CLM0000488,0.4226,0.293,0.4125,639.35,28.1,Low
CLM0000489,0.2493,0.3865,0.9,10053.29,57.7,Medium
CLM0000490,0.2313,0.3829,0.4775,1198.59,34.2,Low
CLM0000491,0.2801,0.5195,0.64,516.66,44.8,Medium
CLM0000492,0.2638,0.3776,0.64,81.8,40.2,Medium
CLM0000493,0.2519,0.3688,0.64,609.41,40.3,Medium
CLM0000494,0.2107,0.3037,0.64,812.39,38.5,Low
CLM0000495,0.608,0.5119,0.25,288.09,27.2,Low
CLM0000496,0.3355,0.4198,0.64,278.43,41.6,Medium
CLM0000497,0.2309,0.262,0.5425,826.66,33.0,Low
CLM0000498,0.1221,0.2175,0.64,1348.45,36.4,Low
CLM0000499,0.2723,0.5408,0.38,1298.14,35.0,Low
CLM0000500,0.0759,0.1724,0.64,2141.34,35.6,Low
CLM0000501,0.5785,0.4912,0.51,455.92,38.1,Low
CLM0000502,0.2452,0.4024,0.4775,2287.9,36.0,Low
CLM0000503,0.1218,0.2647,0.64,288.65,37.0,Low
CLM0000504,0.1253,0.2094,0.5425,1122.45,31.7,Low
CLM0000505,0.5907,0.5686,0.6075,8484.55,51.4,Medium
CLM0000506,0.1679,0.263,0.4775,1570.55,31.0,Low
CLM0000507,0.1415,0.3145,0.64,339.3,38.5,Low
CLM0000508,0.5869,0.4929,0.77,9289.63,55.5,Medium
CLM0000509,0.2323,0.4218,0.64,13693.59,52.2,Medium
CLM0000510,0.125,0.1912,0.64,485.77,34.9,Low
CLM0000511,0.1437,0.348,0.64,213.29,39.4,Low
CLM0000512,0.1172,0.2456,0.8025,10468.61,50.0,Medium
CLM0000513,0.2644,0.3789,0.38,365.18,28.9,Low
CLM0000514,0.2112,0.3248,0.64,1529.95,39.7,Low
CLM0000515,0.2582,0.4887,0.4775,1585.36,37.8,Low
CLM0000516,0.2671,0.3815,0.4775,207.42,33.1,Low
CLM0000517,0.244,0.2603,0.8025,5590.61,47.4,Medium
CLM0000518,0.6346,0.5362,0.51,9556.08,48.4,Medium
CLM0000519,0.138,0.2534,0.64,112.12,36.5,Low
CLM0000520,0.2281,0.349,0.5425,2373.59,37.1,Low
CLM0000521,0.4536,0.2991,0.51,1766.55,33.7,Low
CLM0000522,0.1259,0.153,0.64,57.92,33.4,Low
CLM0000523,0.587,0.5492,0.77,6545.33,55.4,Medium
CLM0000524,0.6178,0.4972,0.25,686.84,27.5,Low
CLM0000525,0.5926,0.4127,0.51,1835.44,37.1,Low
CLM0000526,0.2549,0.3741,0.64,3116.84,42.5,Medium
CLM0000527,0.2397,0.5728,0.4775,1602.38,40.4,Medium
CLM0000528,0.2494,0.3152,0.64,59.42,38.3,Low
CLM0000529,0.2341,0.4892,0.64,709.54,44.0,Medium
CLM0000530,0.1371,0.3018,0.64,15.44,37.9,Low
CLM0000531,0.1369,0.2828,0.5425,978.87,33.8,Low
CLM0000532,0.5601,0.5992,0.6075,13666.6,56.6,Medium
CLM0000533,0.2853,0.4459,0.4775,2183.28,37.2,Low
CLM0000534,0.2394,0.2954,0.64,232.45,37.8,Low
CLM0000535,0.3489,0.5317,0.9,15290.33,64.9,Medium
CLM0000536,0.624,0.5398,0.3475,201.06,32.1,Low
CLM0000537,0.1282,0.2536,0.64,1000.36,37.2,Low
CLM0000538,0.2131,0.3612,0.64,257.03,39.8,Low
CLM0000539,0.2156,0.3037,0.64,1553.23,39.1,Low
CLM0000540,0.1306,0.2728,0.64,495.63,37.4,Low
CLM0000541,0.2158,0.4108,0.5425,2415.65,39.0,Low
CLM0000542,0.3008,0.4264,0.7375,11343.02,53.7,Medium
CLM0000543,0.0716,0.1807,0.64,73.72,34.3,Low
CLM0000544,0.24,0.3442,0.5425,1662.94,36.3,Low
CLM0000545,0.2756,0.4211,0.4775,797.57,35.0,Low
CLM0000546,0.0804,0.3216,0.9,16734.97,59.4,Medium
CLM0000547,0.1505,0.238,0.5425,2405.16,33.8,Low
CLM0000548,0.0744,0.2694,0.64,57.9,36.9,Low
CLM0000549,0.2208,0.479,0.9,7263.11,58.9,Medium
CLM0000550,0.2852,0.4114,0.38,359.0,29.9,Low
CLM0000551,0.5738,0.456,0.51,5849.72,42.4,Medium
CLM0000552,0.2418,0.4257,0.9,7091.19,57.2,Medium
CLM0000553,0.2795,0.3922,0.38,294.36,29.3,Low
CLM0000554,0.2576,0.3531,0.64,1242.11,40.4,Medium
CLM0000555,0.5492,0.5747,0.25,513.36,29.5,Low
CLM0000556,0.131,0.2443,0.64,752.25,36.7,Low
CLM0000557,0.081,0.1652,0.64,342.07,34.0,Low
CLM0000558,0.1017,0.1183,0.64,315.26,32.6,Low
CLM0000559,0.6058,0.4278,0.51,757.53,36.5,Low
CLM0000560,0.176,0.2156,0.64,632.43,35.8,Low
CLM0000561,0.1266,0.3903,0.64,852.05,41.2,Medium
CLM0000562,0.2121,0.3448,0.64,764.58,39.7,Low
CLM0000563,0.5886,0.5063,0.3475,1365.25,32.8,Low
CLM0000564,0.1606,0.2241,0.64,274.13,35.7,Low
CLM0000565,0.1189,0.2598,0.64,8.91,36.6,Low
CLM0000566,0.2623,0.2936,0.64,853.06,38.3,Low
CLM0000567,0.2744,0.4509,0.4775,1485.03,36.6,Low
CLM0000568,0.277,0.4184,0.4775,703.73,34.8,Low
CLM0000569,0.3006,0.4723,0.38,712.88,32.2,Low
CLM0000570,0.5832,0.6101,0.6075,3971.31,48.9,Medium
CLM0000571,0.2427,0.5545,0.64,7667.0,51.4,Medium
CLM0000572,0.2712,0.4126,0.4775,1505.93,35.4,Low
CLM0000573,0.2096,0.2885,0.64,585.79,37.9,Low
CLM0000574,0.2032,0.2683,0.64,922.73,37.6,Low
CLM0000575,0.7074,0.5611,0.77,7998.07,56.7,Medium
CLM0000576,0.1136,0.2534,0.64,957.21,37.1,Low
CLM0000577,0.1541,0.2565,0.64,116.72,36.6,Low
CLM0000578,0.2506,0.4203,0.38,554.71,30.4,Low
CLM0000579,0.578,0.5145,0.25,445.75,27.6,Low
CLM0000580,0.0894,0.1253,0.64,336.47,32.8,Low
CLM0000581,0.6453,0.502,0.25,739.3,27.8,Low
CLM0000582,0.2485,0.5067,0.7375,19073.52,61.3,Medium
CLM0000583,0.4072,0.4254,0.5425,1564.27,38.6,Low
CLM0000584,0.238,0.3514,0.5425,1581.62,36.4,Low
CLM0000585,0.5454,0.4851,0.4125,944.46,34.3,Low
CLM0000586,0.2097,0.5014,0.5425,2700.73,41.9,Medium
CLM0000587,0.4805,0.3823,0.4125,541.14,30.7,Low
CLM0000588,0.6231,0.5681,0.3475,1911.56,35.4,Low
CLM0000589,0.2059,0.27,0.64,240.15,37.1,Low
CLM0000590,0.2215,0.3652,0.64,1397.04,40.8,Medium
CLM0000591,0.1962,0.353,0.5425,2971.92,37.7,Low
CLM0000592,0.0971,0.2099,0.64,1563.51,36.3,Low
CLM0000593,0.07,0.2014,0.5425,542.77,31.0,Low
CLM0000594,0.2537,0.5875,0.7375,17263.73,62.5,Medium
CLM0000595,0.2676,0.4689,0.4775,1093.6,36.7,Low
CLM0000596,0.2065,0.3077,0.9,7708.28,54.0,Medium
CLM0000597,0.4941,0.37,0.4125,1971.81,32.1,Low
CLM0000598,0.1837,0.3283,0.64,2310.32,40.5,Medium
CLM0000599,0.569,0.4823,0.51,5701.9,43.0,Medium
CLM0000600,0.2369,0.2339,0.64,454.62,36.2,Low
CLM0000601,0.0836,0.2072,0.8025,6457.71,46.4,Medium
CLM0000602,0.2056,0.3116,0.5425,2176.43,35.8,Low
CLM0000603,0.6205,0.5519,0.51,3816.85,43.2,Medium
CLM0000604,0.2179,0.3887,0.64,854.73,41.1,Medium
CLM0000605,0.4288,0.3961,0.4125,816.33,31.4,Low
CLM0000606,0.2508,0.4725,0.4775,555.81,36.2,Low
CLM0000607,0.2604,0.403,0.4775,1154.52,34.8,Low
CLM0000608,0.2713,0.5212,0.4775,1356.52,38.5,Low
CLM0000609,0.2633,0.5108,0.7375,4464.52,51.5,Medium
CLM0000610,0.2332,0.3655,0.8025,11609.56,54.3,Medium
CLM0000611,0.2597,0.3276,0.64,1652.65,39.9,Low
CLM0000612,0.2689,0.4148,0.4775,1939.6,36.0,Low
CLM0000613,0.6315,0.5006,0.25,553.04,27.4,Low
CLM0000614,0.7499,0.5839,0.3475,482.51,33.8,Low
CLM0000615,0.2255,0.3536,0.4775,1061.73,33.2,Low
CLM0000616,0.0682,0.1797,0.64,20.41,34.2,Low
CLM0000617,0.145,0.2472,0.5425,702.58,32.5,Low
CLM0000618,0.5795,0.4658,0.51,923.7,37.8,Low
CLM0000619,0.2575,0.3864,0.9,5967.34,55.4,Medium
CLM0000620,0.0705,0.1093,0.64,57.57,32.1,Low
CLM0000621,0.0987,0.2177,0.64,213.17,35.5,Low
CLM0000622,0.2133,0.2203,0.5425,1203.59,32.1,Low
CLM0000623,0.1142,0.1708,0.64,211.91,34.1,Low
CLM0000624,0.6106,0.5221,0.6075,8445.27,50.0,Medium
CLM0000625,0.5429,0.4506,0.4125,716.47,33.0,Low
CLM0000626,0.6041,0.5768,0.3475,361.01,33.5,Low
CLM0000627,0.2722,0.4484,0.4775,1059.2,36.0,Low
CLM0000628,0.3084,0.4768,0.4775,1893.78,37.8,Low
CLM0000629,0.254,0.5959,0.4775,1319.37,40.7,Medium
CLM0000630,0.2035,0.334,0.64,1444.25,39.9,Low
CLM0000631,0.2743,0.311,0.64,223.42,38.3,Low
CLM0000632,0.1065,0.122,0.64,743.37,33.0,Low
CLM0000633,0.2737,0.5018,0.64,19636.72,59.2,Medium
CLM0000634,0.2034,0.1807,0.64,725.63,34.8,Low
CLM0000635,0.1095,0.2752,0.64,322.46,37.3,Low
CLM0000636,0.2122,0.2787,0.64,83.94,37.2,Low
CLM0000637,0.1336,0.196,0.64,354.74,35.0,Low
CLM0000638,0.2502,0.3719,0.64,1745.64,41.3,Medium
CLM0000639,0.5329,0.4162,0.4125,483.52,31.6,Low
CLM0000640,0.6111,0.5079,0.51,1325.72,39.5,Low
CLM0000641,0.6013,0.4995,0.3475,931.13,32.0,Low
CLM0000642,0.5869,0.5941,0.6075,5120.78,49.4,Medium
CLM0000643,0.5648,0.4919,0.25,832.54,27.7,Low
CLM0000644,0.1051,0.2233,0.8025,6515.51,46.9,Medium
CLM0000645,0.0672,0.1568,0.64,423.01,33.8,Low
CLM0000646,0.1853,0.236,0.64,202.6,36.0,Low
CLM0000647,0.2463,0.4704,0.4775,733.17,36.4,Low
CLM0000648,0.1015,0.2125,0.64,166.83,35.3,Low
CLM0000649,0.2676,0.4873,0.4775,837.24,37.0,Low
CLM0000650,0.2969,0.4299,0.4775,1219.85,35.7,Low
CLM0000651,0.3041,0.4032,0.64,11358.64,49.8,Medium
CLM0000652,0.5798,0.353,0.4125,1000.84,30.4,Low
CLM0000653,0.4391,0.2735,0.51,592.41,31.7,Low
CLM0000654,0.1083,0.2174,0.64,304.99,35.6,Low
CLM0000655,0.3021,0.4904,0.4775,773.55,37.0,Low
CLM0000656,0.6471,0.5397,0.51,821.24,39.9,Low
CLM0000657,0.2183,0.3681,0.64,1685.97,41.2,Medium
CLM0000658,0.1143,0.242,0.64,1695.95,37.4,Low
CLM0000659,0.2183,0.3695,0.8025,9058.4,52.8,Medium
CLM0000660,0.2119,0.3025,0.64,546.8,38.3,Low
CLM0000661,0.6027,0.5635,0.6075,3295.33,47.0,Medium
CLM0000662,0.6068,0.5664,0.6075,14854.2,56.6,Medium
CLM0000663,0.5152,0.3586,0.4125,2061.27,31.8,Low
CLM0000664,0.1061,0.1833,0.64,262.86,34.5,Low
CLM0000665,0.216,0.4627,0.64,162.68,42.8,Medium
CLM0000666,0.3677,0.2746,0.5425,520.0,33.1,Low
CLM0000667,0.1313,0.3307,0.9,40582.85,73.0,High
CLM0000668,0.139,0.15,0.64,21.13,33.3,Low
CLM0000669,0.0644,0.1886,0.64,737.04,35.0,Low
CLM0000670,0.0558,0.1852,0.5425,626.87,30.5,Low
CLM0000671,0.1556,0.3407,0.64,1096.24,39.9,Low
CLM0000672,0.2819,0.3972,0.4775,618.35,34.1,Low
CLM0000673,0.1368,0.1713,0.64,54.31,34.0,Low
CLM0000674,0.2773,0.3636,0.7375,13986.16,53.6,Medium
CLM0000675,0.2904,0.1937,0.64,48.79,34.7,Low
CLM0000676,0.6014,0.4924,0.77,12501.01,57.5,Medium
CLM0000677,0.5685,0.5518,0.51,5113.96,44.5,Medium
CLM0000678,0.2715,0.3437,0.64,1148.48,40.0,Low
CLM0000679,0.2575,0.56,0.64,8640.87,52.4,Medium
CLM0000680,0.4761,0.4101,0.4125,1377.75,32.5,Low
CLM0000681,0.6097,0.5693,0.25,1079.88,30.5,Low
CLM0000682,0.127,0.223,0.5425,927.66,32.0,Low
CLM0000683,0.1139,0.404,0.64,1200.3,41.9,Medium
CLM0000684,0.1174,0.2611,0.64,49.64,36.7,Low
CLM0000685,0.2857,0.4144,0.64,7461.35,47.1,Medium
CLM0000686,0.6148,0.5305,0.6075,6710.65,48.8,Medium
CLM0000687,0.5075,0.3945,0.4125,587.86,31.1,Low
CLM0000688,0.6069,0.6315,0.51,3189.78,45.0,Medium
CLM0000689,0.6062,0.5677,0.25,269.28,28.8,Low
CLM0000690,0.1545,0.216,0.5425,1973.01,32.7,Low
CLM0000691,0.5711,0.5116,0.4125,1544.62,35.8,Low
CLM0000692,0.265,0.4319,0.64,10799.45,50.2,Medium
CLM0000693,0.1451,0.2712,0.5425,2026.85,34.4,Low
CLM0000694,0.4461,0.3016,0.4125,320.32,28.0,Low
CLM0000695,0.2605,0.3794,0.5425,545.11,36.3,Low
CLM0000696,0.1068,0.1259,0.64,600.85,33.0,Low
CLM0000697,0.7535,0.5162,0.4125,722.08,34.9,Low
CLM0000698,0.1796,0.3341,0.64,730.71,39.4,Low
CLM0000699,0.1884,0.3112,0.64,3031.4,40.5,Medium
CLM0000700,0.1691,0.2454,0.9,8299.34,52.5,Medium
CLM0000701,0.5374,0.5223,0.51,152.54,38.8,Low
CLM0000702,0.1516,0.2164,0.8025,7168.18,47.1,Medium
CLM0000703,0.1405,0.1525,0.64,537.65,33.8,Low
CLM0000704,0.3028,0.4246,0.4775,652.1,34.9,Low
CLM0000705,0.2485,0.4086,0.4775,2382.0,36.2,Low
CLM0000706,0.2895,0.3248,0.8025,4578.82,48.7,Medium
CLM0000707,0.6181,0.5863,0.51,15274.42,55.5,Medium
CLM0000708,0.5627,0.482,0.6725,9438.93,51.7,Medium
CLM0000709,0.1478,0.2717,0.64,2063.12,38.6,Low
CLM0000710,0.1305,0.1883,0.64,1204.75,35.4,Low
CLM0000711,0.461,0.5295,0.38,961.06,34.2,Low
CLM0000712,0.1165,0.2872,0.64,110.63,37.5,Low
CLM0000713,0.1972,0.3863,0.64,181.84,40.5,Medium
CLM0000714,0.1739,0.3252,0.64,172.4,38.7,Low
CLM0000715,0.2765,0.4834,0.4775,869.7,36.9,Low
CLM0000716,0.0973,0.2142,0.5425,267.81,31.1,Low
CLM0000717,0.4086,0.4803,0.64,766.92,43.8,Medium
CLM0000718,0.1659,0.1991,0.9,6611.31,50.1,Medium
CLM0000719,0.1997,0.3277,0.5425,1269.43,35.4,Low
CLM0000720,0.0845,0.2078,0.64,178.21,35.2,Low
CLM0000721,0.0838,0.1166,0.5425,821.43,28.7,Low
CLM0000722,0.0803,0.3428,0.64,216.43,39.3,Low
CLM0000723,0.2243,0.332,0.64,1088.26,39.6,Low
CLM0000724,0.2302,0.4164,0.4775,885.98,34.9,Low
CLM0000725,0.6277,0.5797,0.3475,1397.03,35.0,Low
CLM0000726,0.2554,0.4796,0.4775,371.6,36.3,Low
CLM0000727,0.2747,0.4212,0.4775,460.55,34.6,Low
CLM0000728,0.447,0.2505,0.4125,681.24,26.9,Low
CLM0000729,0.246,0.3739,0.4775,602.79,33.3,Low
CLM0000730,0.4488,0.4929,0.38,650.06,32.7,Low
CLM0000731,0.5792,0.5097,0.25,935.67,28.4,Low
CLM0000732,0.5845,0.5406,0.6075,11311.78,52.9,Medium
CLM0000733,0.2728,0.4529,0.64,4863.28,46.2,Medium
CLM0000734,0.5574,0.4888,0.6725,11751.04,53.7,Medium
CLM0000735,0.5741,0.4497,0.25,567.26,25.9,Low
CLM0000736,0.2707,0.3797,0.7375,5277.05,48.2,Medium
CLM0000737,0.115,0.1043,0.5425,2195.22,29.6,Low
CLM0000738,0.5994,0.4563,0.4125,830.72,33.3,Low
CLM0000739,0.1624,0.2037,0.64,404.4,35.2,Low
CLM0000740,0.2439,0.3944,0.38,984.94,30.2,Low
CLM0000741,0.7858,0.5798,0.51,3290.04,43.6,Medium
CLM0000742,0.1179,0.2294,0.5425,944.96,32.2,Low
CLM0000743,0.6307,0.5399,0.3475,1828.69,34.5,Low
CLM0000744,0.1944,0.3862,0.5425,724.8,36.7,Low
CLM0000745,0.2782,0.4549,0.7375,6356.47,51.1,Medium
CLM0000746,0.6262,0.4104,0.25,347.22,24.3,Low
CLM0000747,0.1366,0.2856,0.64,268.08,37.6,Low
CLM0000748,0.4018,0.5441,0.4775,1464.91,39.3,Low
CLM0000749,0.2888,0.3385,0.7375,5141.08,46.8,Medium
CLM0000750,0.2207,0.294,0.64,2373.47,39.5,Low
CLM0000751,0.2671,0.4621,0.7375,13176.89,56.0,Medium
CLM0000752,0.6281,0.5007,0.3475,1111.65,32.3,Low
CLM0000753,0.5758,0.5607,0.3475,1306.26,34.3,Low
CLM0000754,0.6086,0.5997,0.3475,747.22,34.7,Low
CLM0000755,0.631,0.5348,0.6075,5165.41,47.6,Medium
CLM0000756,0.2983,0.3071,0.38,291.02,26.7,Low
CLM0000757,0.0845,0.1593,0.8025,12238.65,48.5,Medium
CLM0000758,0.6453,0.5829,0.3475,702.08,34.1,Low
CLM0000759,0.6329,0.5495,0.3475,1528.03,34.3,Low
CLM0000760,0.231,0.372,0.4775,1821.41,34.6,Low
CLM0000761,0.1198,0.2247,0.64,508.85,35.9,Low
CLM0000762,0.2428,0.5045,0.64,1112.91,44.8,Medium
CLM0000763,0.0719,0.2777,0.64,730.05,37.7,Low
CLM0000764,0.307,0.4774,0.38,413.81,32.0,Low
CLM0000765,0.6393,0.5048,0.25,261.6,26.9,Low
CLM0000766,0.0828,0.1158,0.64,264.32,32.5,Low
CLM0000767,0.1288,0.1631,0.8025,5965.65,44.7,Medium
CLM0000768,0.2727,0.4187,0.4775,1487.87,35.6,Low
CLM0000769,0.6015,0.5904,0.6075,3430.41,47.9,Medium
CLM0000770,0.2412,0.4804,0.4775,1291.3,37.3,Low
CLM0000771,0.1294,0.2498,0.64,317.02,36.5,Low
CLM0000772,0.2622,0.5518,0.38,988.87,35.0,Low
CLM0000773,0.6417,0.5468,0.3475,1235.44,33.8,Low
CLM0000774,0.4248,0.2471,0.4125,1007.28,27.2,Low
CLM0000775,0.2006,0.234,0.64,267.43,36.0,Low
CLM0000776,0.4603,0.4117,0.4125,253.67,31.2,Low
CLM0000777,0.2458,0.2738,0.64,2852.06,39.2,Low
CLM0000778,0.1266,0.2453,0.8025,6949.35,47.8,Medium
CLM0000779,0.1323,0.3326,0.64,1354.43,39.8,Low
CLM0000780,0.1129,0.2009,0.64,212.61,35.0,Low
CLM0000781,0.0849,0.2016,0.5425,753.08,31.2,Low
CLM0000782,0.238,0.4813,0.64,5377.26,47.4,Medium
CLM0000783,0.5788,0.5235,0.25,299.62,27.6,Low
CLM0000784,0.2891,0.4366,0.7375,8078.18,51.8,Medium
CLM0000785,0.248,0.3671,0.64,2245.8,41.6,Medium
CLM0000786,0.2281,0.4493,0.4775,2213.59,37.3,Low
CLM0000787,0.5866,0.4218,0.4125,293.12,31.6,Low
CLM0000788,0.2303,0.381,0.9,6466.19,55.5,Medium
CLM0000789,0.2241,0.4191,0.64,376.77,41.7,Medium
CLM0000790,0.7307,0.5788,0.51,3040.37,43.3,Medium
CLM0000791,0.2588,0.3497,0.64,219.14,39.5,Low
CLM0000792,0.2904,0.3457,0.4775,494.54,32.4,Low
CLM0000793,0.1549,0.1916,0.64,189.58,34.7,Low
CLM0000794,0.726,0.5613,0.6075,3479.38,47.0,Medium
CLM0000795,0.099,0.23,0.64,289.5,35.9,Low
CLM0000796,0.1666,0.2025,0.64,183.21,35.0,Low
CLM0000797,0.5939,0.6094,0.25,271.08,30.1,Low
CLM0000798,0.2397,0.3644,0.38,591.99,28.8,Low
CLM0000799,0.2363,0.3228,0.64,106.41,38.6,Low
CLM0000800,0.229,0.3592,0.64,1164.4,40.5,Medium
CLM0000801,0.6204,0.5182,0.6075,7671.47,49.2,Medium
CLM0000802,0.1357,0.264,0.5425,1890.26,34.1,Low
CLM0000803,0.2994,0.5543,0.64,4652.04,49.1,Medium
CLM0000804,0.2871,0.5011,0.4775,2121.92,38.7,Low
CLM0000805,0.2178,0.3296,0.64,199.97,38.8,Low
CLM0000806,0.5976,0.5009,0.6075,14015.78,53.9,Medium
CLM0000807,0.2554,0.5583,0.4775,1432.39,39.7,Low
CLM0000808,0.2183,0.284,0.64,58.6,37.4,Low
CLM0000809,0.139,0.233,0.64,1670.47,37.1,Low
CLM0000810,0.5769,0.7106,0.6075,16854.29,62.5,Medium
CLM0000811,0.1069,0.3036,0.9,9103.84,54.7,Medium
CLM0000812,0.2677,0.4896,0.64,5973.7,48.2,Medium
CLM0000813,0.2948,0.3874,0.38,381.24,29.2,Low
CLM0000814,0.2422,0.3376,0.64,2387.88,40.8,Medium
CLM0000815,0.0702,0.2395,0.5425,969.15,32.5,Low
CLM0000816,0.1236,0.2027,0.9,5537.84,49.7,Medium
CLM0000817,0.491,0.3623,0.51,876.26,34.7,Low
CLM0000818,0.1102,0.1951,0.64,768.84,35.3,Low
CLM0000819,0.2889,0.3953,0.7375,9289.85,51.3,Medium
CLM0000820,0.2841,0.4574,0.4775,1448.85,36.7,Low
CLM0000821,0.2347,0.4022,0.8025,30264.18,67.0,Medium
CLM0000822,0.6046,0.6043,0.3475,1493.06,35.9,Low
CLM0000823,0.1373,0.2011,0.5425,806.74,31.2,Low
CLM0000824,0.2194,0.4002,0.5425,1050.85,37.4,Low
CLM0000825,0.2025,0.3377,0.64,84.83,39.0,Low
CLM0000826,0.2584,0.2342,0.5425,826.19,32.2,Low
CLM0000827,0.2437,0.3532,0.5425,2117.99,37.0,Low
CLM0000828,0.0768,0.2116,0.5425,747.6,31.4,Low
CLM0000829,0.0812,0.1637,0.64,10.57,33.7,Low
CLM0000830,0.4756,0.271,0.4125,335.78,27.1,Low
CLM0000831,0.1179,0.1444,0.64,39.65,33.2,Low
CLM0000832,0.2304,0.4495,0.7375,4492.39,49.7,Medium
CLM0000833,0.2891,0.4916,0.7375,5541.14,51.7,Medium
CLM0000834,0.1972,0.3501,0.64,82.09,39.4,Low
CLM0000835,0.2597,0.3959,0.38,666.16,29.9,Low
CLM0000836,0.0953,0.1817,0.5425,1244.01,31.0,Low
CLM0000837,0.2937,0.4376,0.38,1417.67,32.1,Low
CLM0000838,0.2625,0.3464,0.9,19252.5,61.6,Medium
CLM0000839,0.2189,0.3002,0.64,342.91,38.1,Low
CLM0000840,0.5769,0.5933,0.6075,3542.12,48.1,Medium
CLM0000841,0.124,0.2897,0.64,329.59,37.7,Low
CLM0000842,0.2232,0.36,0.64,48.13,39.6,Low
CLM0000843,0.2596,0.5279,0.4775,1795.83,39.2,Low
CLM0000844,0.1364,0.1462,0.64,2541.22,35.2,Low
CLM0000845,0.5717,0.511,0.77,4555.81,52.9,Medium
CLM0000846,0.5672,0.5163,0.51,738.82,39.2,Low
CLM0000847,0.5903,0.4741,0.25,218.07,25.9,Low
CLM0000848,0.247,0.4013,0.4775,535.79,34.1,Low
CLM0000849,0.3534,0.4075,0.64,18.93,41.0,Medium
CLM0000850,0.0735,0.2066,0.64,269.2,35.2,Low
CLM0000851,0.2111,0.4392,0.64,226.0,42.2,Medium
CLM0000852,0.1226,0.1651,0.8025,11109.3,48.0,Medium
CLM0000853,0.236,0.595,0.7375,10511.61,58.2,Medium
CLM0000854,0.2375,0.4184,0.64,2837.29,43.6,Medium
CLM0000855,0.2887,0.3856,0.4775,1073.31,34.2,Low
CLM0000856,0.1839,0.26,0.64,242.01,36.8,Low
CLM0000857,0.3032,0.3807,0.4775,633.28,33.6,Low
CLM0000858,0.6387,0.5802,0.3475,1099.6,34.6,Low
CLM0000859,0.3002,0.4704,0.38,451.1,31.8,Low
CLM0000860,0.2942,0.3775,0.4775,2209.89,35.1,Low
CLM0000861,0.5512,0.4971,0.51,567.64,38.4,Low
CLM0000862,0.601,0.4804,0.77,5776.74,52.8,Medium
CLM0000863,0.2492,0.3918,0.4775,1096.34,34.4,Low
CLM0000864,0.3077,0.5095,0.4775,1552.72,38.4,Low
CLM0000865,0.2421,0.4759,0.38,1536.13,33.4,Low
CLM0000866,0.5795,0.4284,0.25,838.16,25.8,Low
CLM0000867,0.308,0.4735,0.4775,1618.13,37.4,Low
CLM0000868,0.5188,0.329,0.51,404.86,33.2,Low
CLM0000869,0.1086,0.1352,0.5425,1212.85,29.6,Low
CLM0000870,0.4384,0.327,0.4125,1248.91,29.9,Low
CLM0000871,0.7792,0.6467,0.25,654.98,32.0,Low
CLM0000872,0.2843,0.3424,0.64,6998.0,44.5,Medium
CLM0000873,0.265,0.4231,0.4775,2082.09,36.4,Low
CLM0000874,0.2932,0.3961,0.4775,1024.51,34.4,Low
CLM0000875,0.3832,0.5094,0.7375,9302.38,54.8,Medium
CLM0000876,0.0867,0.2679,0.64,1403.2,37.9,Low
CLM0000877,0.4577,0.5284,0.77,41834.93,75.5,High
CLM0000878,0.1268,0.2707,0.9,24567.1,62.3,Medium
CLM0000879,0.0822,0.2985,0.8025,13377.8,53.4,Medium
CLM0000880,0.276,0.433,0.7375,5695.77,50.0,Medium
CLM0000881,0.2944,0.4007,0.64,2304.82,42.6,Medium
CLM0000882,0.243,0.2701,0.8025,7181.72,48.7,Medium
CLM0000883,0.5802,0.4484,0.6075,3952.86,44.0,Medium
CLM0000884,0.0972,0.1095,0.5425,1139.34,28.7,Low
CLM0000885,0.2885,0.4147,0.4775,1576.03,35.6,Low
CLM0000886,0.1218,0.1996,0.64,583.75,35.2,Low
CLM0000887,0.2436,0.4678,0.4775,335.45,35.9,Low
CLM0000888,0.2328,0.4316,0.64,6480.56,46.8,Medium
CLM0000889,0.222,0.3661,0.64,494.51,40.2,Medium
CLM0000890,0.2252,0.4082,0.38,848.62,30.5,Low
CLM0000891,0.2084,0.2968,0.64,1483.59,38.9,Low
CLM0000892,0.4505,0.3357,0.51,749.14,33.8,Low
CLM0000893,0.064,0.2017,0.8025,9420.16,48.0,Medium
CLM0000894,0.1557,0.3043,0.64,1595.88,39.2,Low
CLM0000895,0.7814,0.6083,0.3475,967.96,35.3,Low
CLM0000896,0.5799,0.4396,0.6725,7533.67,49.1,Medium
CLM0000897,0.2258,0.3013,0.64,970.43,38.6,Low
CLM0000898,0.2714,0.4341,0.7375,9564.22,52.7,Medium
CLM0000899,0.2052,0.3639,0.5425,456.33,35.7,Low
CLM0000900,0.4251,0.2346,0.4125,1026.34,26.8,Low
CLM0000901,0.2257,0.4188,0.64,14914.41,53.0,Medium
CLM0000902,0.2383,0.3598,0.64,284.8,39.8,Low
CLM0000903,0.2659,0.3577,0.4775,963.49,33.2,Low
CLM0000904,0.2664,0.4144,0.5425,1514.32,38.2,Low
CLM0000905,0.1017,0.1384,0.64,503.04,33.3,Low
CLM0000906,0.0941,0.1034,0.64,309.08,32.1,Low
CLM0000907,0.1223,0.2343,0.64,644.83,36.3,Low
CLM0000908,0.0979,0.2471,0.5425,750.79,32.5,Low
CLM0000909,0.1496,0.176,0.5425,990.87,30.6,Low
CLM0000910,0.2527,0.4166,0.7375,6354.63,50.0,Medium
CLM0000911,0.2993,0.4234,0.38,437.22,30.4,Low
CLM0000912,0.2942,0.3935,0.4775,2387.71,35.8,Low
CLM0000913,0.2026,0.2615,0.64,162.35,36.8,Low
CLM0000914,0.1492,0.3345,0.64,785.3,39.4,Low
CLM0000915,0.1866,0.3438,0.5425,2836.52,37.3,Low
CLM0000916,0.6209,0.4957,0.25,1057.29,28.2,Low
CLM0000917,0.1334,0.284,0.5425,524.48,33.4,Low
CLM0000918,0.2756,0.4412,0.4775,562.74,35.3,Low
CLM0000919,0.2874,0.3181,0.64,847.29,39.0,Low
CLM0000920,0.2652,0.4787,0.38,514.07,32.1,Low
CLM0000921,0.2856,0.3862,0.38,1352.43,30.5,Low
CLM0000922,0.6386,0.6381,0.25,870.58,32.1,Low
CLM0000923,0.1499,0.2268,0.64,41.47,35.6,Low
CLM0000924,0.2211,0.4026,0.7375,8584.85,51.1,Medium
CLM0000925,0.4601,0.2817,0.51,1186.93,32.6,Low
CLM0000926,0.5885,0.5634,0.4125,1519.69,37.3,Low
CLM0000927,0.1271,0.264,0.64,1387.76,37.8,Low
CLM0000928,0.1338,0.1777,0.8025,5979.11,45.2,Medium
CLM0000929,0.1797,0.3477,0.9,8942.63,55.9,Medium
CLM0000930,0.2459,0.5264,0.5425,1074.94,41.2,Medium
CLM0000931,0.0743,0.244,0.64,17.06,36.1,Low
CLM0000932,0.2161,0.2695,0.64,129.0,37.0,Low
CLM0000933,0.0822,0.1348,0.64,375.6,33.1,Low
CLM0000934,0.2554,0.379,0.4775,1494.28,34.4,Low
CLM0000935,0.1317,0.1767,0.9,8190.75,50.4,Medium
CLM0000936,0.1214,0.2851,0.64,81.7,37.4,Low
CLM0000937,0.5383,0.4436,0.51,1028.33,37.3,Low
CLM0000938,0.2384,0.4129,0.38,589.0,30.3,Low
CLM0000939,0.2947,0.4249,0.7375,9995.58,52.7,Medium
CLM0000940,0.3056,0.5336,0.38,1052.56,34.5,Low
CLM0000941,0.1663,0.2833,0.64,41.91,37.3,Low
CLM0000942,0.1049,0.1851,0.64,134.27,34.5,Low
CLM0000943,0.6325,0.6708,0.51,10359.4,53.2,Medium
CLM0000944,0.2522,0.4056,0.4775,1558.46,35.3,Low
CLM0000945,0.2476,0.4494,0.9,13665.56,61.6,Medium
CLM0000946,0.5771,0.5674,0.3475,1672.92,35.1,Low
CLM0000947,0.124,0.1755,0.5425,189.13,29.9,Low
CLM0000948,0.1397,0.2544,0.64,624.73,36.9,Low
CLM0000949,0.5984,0.5369,0.4125,520.5,35.3,Low
CLM0000950,0.2424,0.3952,0.38,283.88,29.3,Low
CLM0000951,0.2653,0.3853,0.64,2020.79,41.9,Medium
CLM0000952,0.2649,0.261,0.64,948.31,37.4,Low
CLM0000953,0.3044,0.5181,0.7375,22530.48,64.0,Medium
CLM0000954,0.0896,0.2124,0.64,756.35,35.8,Low
CLM0000955,0.0784,0.2001,0.5425,2970.89,33.2,Low
CLM0000956,0.2657,0.3803,0.64,158.82,40.3,Medium
CLM0000957,0.2584,0.4113,0.4775,2530.51,36.5,Low
CLM0000958,0.5415,0.4625,0.77,7030.99,53.1,Medium
CLM0000959,0.7536,0.6562,0.6075,5255.72,51.3,Medium
CLM0000960,0.4928,0.3431,0.51,501.73,33.7,Low
CLM0000961,0.1214,0.2336,0.64,2916.67,38.1,Low
CLM0000962,0.2515,0.4644,0.4775,759.08,36.2,Low
CLM0000963,0.2686,0.4412,0.64,12723.93,52.0,Medium
CLM0000964,0.2348,0.3744,0.7375,5949.31,48.5,Medium
CLM0000965,0.1731,0.296,0.64,528.45,38.1,Low
CLM0000966,0.3222,0.4333,0.64,198.39,42.0,Medium
CLM0000967,0.2437,0.4275,0.64,13.02,41.6,Medium
CLM0000968,0.1636,0.2442,0.64,430.91,36.5,Low
CLM0000969,0.0901,0.2777,0.5425,2050.34,34.6,Low
CLM0000970,0.1255,0.2228,0.64,172.03,35.6,Low
CLM0000971,0.2081,0.2099,0.64,770.3,35.7,Low
CLM0000972,0.2171,0.273,0.64,194.22,37.1,Low
CLM0000973,0.2481,0.3138,0.5425,890.47,34.6,Low
CLM0000974,0.2571,0.2808,0.5425,2413.71,35.1,Low
CLM0000975,0.2662,0.4241,0.4775,736.66,35.0,Low
CLM0000976,0.1563,0.2323,0.64,2615.87,37.8,Low
CLM0000977,0.1051,0.0966,0.64,6.44,31.7,Low
CLM0000978,0.6452,0.6606,0.51,6581.51,49.2,Medium
CLM0000979,0.1089,0.1765,0.9,6920.19,49.6,Medium
CLM0000980,0.6239,0.6348,0.3475,1022.74,36.2,Low
CLM0000981,0.6057,0.5079,0.4125,843.23,34.8,Low
CLM0000982,0.2647,0.2925,0.5425,863.84,34.0,Low
CLM0000983,0.1583,0.3757,0.64,3.23,40.1,Medium
CLM0000984,0.6322,0.5002,0.25,597.72,27.5,Low
CLM0000985,0.2645,0.48,0.4775,332.55,36.2,Low
CLM0000986,0.2527,0.454,0.4775,460.49,35.6,Low
CLM0000987,0.0573,0.0944,0.64,352.06,31.9,Low
CLM0000988,0.0845,0.2397,0.64,1018.54,36.8,Low
CLM0000989,0.5146,0.338,0.77,5099.47,48.1,Medium
CLM0000990,0.1272,0.1676,0.8025,5056.26,44.3,Medium
CLM0000991,0.7428,0.5761,0.3475,686.0,33.9,Low
CLM0000992,0.0632,0.2359,0.8025,15897.33,53.1,Medium
CLM0000993,0.0741,0.2201,0.64,51.96,35.4,Low
CLM0000994,0.2319,0.2967,0.5425,882.52,34.1,Low
CLM0000995,0.1281,0.2492,0.64,125.59,36.4,Low
CLM0000996,0.5352,0.3911,0.51,525.42,35.2,Low
CLM0000997,0.2766,0.5465,0.4775,846.28,38.8,Low
CLM0000998,0.2328,0.3392,0.64,1170.44,39.9,Low
CLM0000999,0.3008,0.5466,0.4775,2128.11,40.1,Medium
CLM0001000,0.2611,0.4226,0.64,1664.8,42.8,Medium
CLM0001001,0.2967,0.4906,0.64,13289.91,53.9,Medium
CLM0001002,0.1487,0.1847,0.64,131.9,34.4,Low
CLM0001003,0.195,0.3059,0.9,9771.53,55.1,Medium
CLM0001004,0.2479,0.2584,0.5425,1309.82,33.4,Low
CLM0001005,0.0742,0.1848,0.64,1617.29,35.6,Low
CLM0001006,0.0842,0.2142,0.64,13.5,35.2,Low
CLM0001007,0.2322,0.3613,0.8025,7055.72,51.3,Medium
CLM0001008,0.5902,0.4584,0.51,313.36,37.0,Low
CLM0001009,0.4431,0.275,0.4125,1705.91,28.9,Low
CLM0001010,0.493,0.4114,0.77,6523.34,51.2,Medium
CLM0001011,0.0862,0.234,0.64,1570.46,37.0,Low
CLM0001012,0.0834,0.2199,0.64,243.14,35.6,Low
CLM0001013,0.4546,0.5006,0.7375,4588.83,51.3,Medium
CLM0001014,0.1285,0.1916,0.64,351.65,34.8,Low
CLM0001015,0.2434,0.5522,0.7375,8209.32,55.3,Medium
CLM0001016,0.277,0.3546,0.4775,948.62,33.1,Low
CLM0001017,0.1308,0.1261,0.5425,942.41,29.1,Low
CLM0001018,0.1013,0.2279,0.64,526.83,36.0,Low
CLM0001019,0.2148,0.2255,0.64,221.31,35.7,Low
CLM0001020,0.6274,0.4962,0.25,416.89,27.0,Low
CLM0001021,0.0741,0.1604,0.64,389.98,33.9,Low
CLM0001022,0.6348,0.6136,0.6075,9215.88,53.3,Medium
CLM0001023,0.2478,0.3291,0.8025,33685.86,67.0,Medium
CLM0001024,0.255,0.3775,0.64,1636.95,41.4,Medium
CLM0001025,0.6016,0.5202,0.6075,5667.06,47.6,Medium
CLM0001026,0.0836,0.1416,0.64,58.52,33.1,Low
CLM0001027,0.5892,0.6013,0.51,5491.43,46.4,Medium
CLM0001028,0.2836,0.4173,0.4775,1076.44,35.1,Low
CLM0001029,0.2503,0.3611,0.64,387.11,39.9,Low
CLM0001030,0.078,0.2471,0.9,10695.2,53.9,Medium
CLM0001031,0.2441,0.2042,0.8025,6912.37,46.5,Medium
CLM0001032,0.2923,0.5129,0.64,18534.98,58.7,Medium
CLM0001033,0.1697,0.2754,0.8025,10045.88,50.6,Medium
CLM0001034,0.3003,0.4432,0.4775,1004.68,35.8,Low
CLM0001035,0.3027,0.429,0.4775,778.16,35.2,Low
CLM0001036,0.17,0.3044,0.64,1175.83,38.9,Low
CLM0001037,0.1926,0.3191,0.64,26.62,38.4,Low
CLM0001038,0.2362,0.2699,0.64,305.63,37.1,Low
CLM0001039,0.2472,0.3761,0.64,5224.6,44.2,Medium
CLM0001040,0.6167,0.4851,0.3475,649.47,31.1,Low
CLM0001041,0.1082,0.2303,0.8025,7891.79,47.9,Medium
CLM0001042,0.5436,0.4856,0.4125,973.58,34.3,Low
CLM0001043,0.2126,0.4412,0.8025,7492.44,54.0,Medium
CLM0001044,0.1064,0.2364,0.64,537.23,36.3,Low
CLM0001045,0.5408,0.5655,0.77,6115.39,55.6,Medium
CLM0001046,0.2836,0.4052,0.38,1723.35,31.5,Low
CLM0001047,0.621,0.5897,0.51,3513.34,44.1,Medium
CLM0001048,0.4679,0.44,0.6725,13750.43,53.7,Medium
CLM0001049,0.1135,0.1914,0.9,8940.31,51.2,Medium
CLM0001050,0.2857,0.4698,0.4775,321.16,35.9,Low
CLM0001051,0.2399,0.5905,0.64,16517.63,59.4,Medium
CLM0001052,0.5825,0.5763,0.25,526.85,29.6,Low
CLM0001053,0.1751,0.3753,0.64,6.45,40.1,Medium
CLM0001054,0.2368,0.3667,0.5425,1644.2,36.9,Low
CLM0001055,0.6238,0.4667,0.25,688.18,26.6,Low
CLM0001056,0.1097,0.2409,0.64,76.5,36.1,Low
CLM0001057,0.2446,0.4198,0.4775,2328.9,36.5,Low
CLM0001058,0.4884,0.3366,0.6725,4596.31,43.8,Medium
CLM0001059,0.7046,0.4928,0.4125,423.71,33.9,Low
CLM0001060,0.292,0.4856,0.38,1183.24,33.2,Low
CLM0001061,0.1304,0.2472,0.64,270.71,36.4,Low
CLM0001062,0.1118,0.1843,0.5425,1051.87,30.9,Low
CLM0001063,0.4122,0.5566,0.64,9674.85,53.1,Medium
CLM0001064,0.5093,0.3424,0.51,2011.62,35.2,Low
CLM0001065,0.2299,0.3209,0.4775,2246.07,33.5,Low
CLM0001066,0.3706,0.4396,0.4775,884.87,35.6,Low
CLM0001067,0.0679,0.2847,0.64,141.83,37.5,Low
CLM0001068,0.0689,0.1138,0.64,276.19,32.4,Low
CLM0001069,0.2497,0.4432,0.4775,444.3,35.2,Low
CLM0001070,0.0712,0.1424,0.64,1320.95,34.1,Low
CLM0001071,0.1525,0.2142,0.64,173.38,35.4,Low
CLM0001072,0.3077,0.4093,0.64,5228.27,45.2,Medium
CLM0001073,0.1471,0.2107,0.64,8.28,35.1,Low
CLM0001074,0.211,0.4181,0.64,3246.06,43.9,Medium
CLM0001075,0.131,0.2335,0.64,3029.37,38.2,Low
CLM0001076,0.2631,0.3104,0.64,993.54,38.9,Low
CLM0001077,0.2524,0.4434,0.4775,297.27,35.1,Low
CLM0001078,0.139,0.1816,0.64,73.95,34.3,Low
CLM0001079,0.0936,0.24,0.64,1556.72,37.2,Low
CLM0001080,0.2121,0.4065,0.9,9834.97,58.2,Medium
CLM0001081,0.2468,0.5059,0.4775,492.25,37.2,Low
CLM0001082,0.2189,0.4211,0.5425,1273.05,38.2,Low
CLM0001083,0.6102,0.5854,0.3475,1074.09,34.7,Low
CLM0001084,0.5623,0.4547,0.51,672.41,37.3,Low
CLM0001085,0.1016,0.1845,0.5425,2252.06,32.0,Low
CLM0001086,0.6112,0.5678,0.3475,543.74,33.5,Low
CLM0001087,0.3016,0.4037,0.38,1169.88,30.7,Low
CLM0001088,0.068,0.2937,0.8025,5691.01,48.5,Medium
CLM0001089,0.5529,0.4034,0.51,350.38,35.4,Low
CLM0001090,0.4584,0.3553,0.4125,1059.95,30.5,Low
CLM0001091,0.44,0.3592,0.4125,242.58,29.6,Low
CLM0001092,0.2513,0.4925,0.38,802.01,32.9,Low
CLM0001093,0.1127,0.1791,0.64,1786.21,35.6,Low
CLM0001094,0.0823,0.2407,0.64,17.44,36.0,Low
CLM0001095,0.1437,0.2283,0.64,2802.78,37.8,Low
CLM0001096,0.2758,0.5072,0.7375,4750.43,51.6,Medium
CLM0001097,0.0864,0.2368,0.5425,1700.87,33.1,Low
CLM0001098,0.2635,0.3817,0.64,386.76,40.6,Medium
CLM0001099,0.2714,0.458,0.64,8893.95,49.5,Medium
CLM0001100,0.0834,0.2007,0.64,207.03,35.0,Low
CLM0001101,0.0837,0.2027,0.5425,1953.62,32.3,Low
CLM0001102,0.1281,0.264,0.64,205.35,36.9,Low
CLM0001103,0.2085,0.3033,0.64,586.48,38.4,Low
CLM0001104,0.5543,0.3588,0.4125,1730.22,31.4,Low
CLM0001105,0.6436,0.5131,0.25,1159.04,29.0,Low
CLM0001106,0.2813,0.4988,0.64,10057.27,51.6,Medium
CLM0001107,0.2136,0.4075,0.5425,878.44,37.4,Low
CLM0001108,0.2749,0.5626,0.4775,1248.71,39.7,Low
CLM0001109,0.0622,0.2423,0.5425,1104.23,32.7,Low
CLM0001110,0.2693,0.2848,0.5425,2265.6,35.0,Low
CLM0001111,0.2616,0.2763,0.64,228.33,37.3,Low
CLM0001112,0.1016,0.1454,0.64,126.39,33.3,Low
CLM0001113,0.2742,0.3159,0.64,1121.49,39.2,Low
CLM0001114,0.1868,0.2943,0.64,132.28,37.7,Low
CLM0001115,0.2556,0.4329,0.4775,857.03,35.4,Low
CLM0001116,0.1459,0.2546,0.64,150.92,36.6,Low
CLM0001117,0.5389,0.4905,0.4125,1014.19,34.5,Low
CLM0001118,0.1498,0.323,0.64,117.41,38.6,Low
CLM0001119,0.2494,0.3383,0.64,2487.99,40.9,Medium
CLM0001120,0.0938,0.1204,0.5425,2511.21,30.3,Low
CLM0001121,0.606,0.4292,0.51,456.39,36.3,Low
CLM0001122,0.2272,0.2404,0.64,38.11,36.0,Low
CLM0001123,0.1688,0.2114,0.64,49.54,35.2,Low
CLM0001124,0.2096,0.3011,0.64,547.27,38.3,Low
CLM0001125,0.6015,0.4858,0.3475,1119.44,31.8,Low
CLM0001126,0.584,0.4335,0.3475,254.34,29.0,Low
CLM0001127,0.2934,0.4469,0.7375,6347.18,50.9,Medium
CLM0001128,0.5845,0.3537,0.4125,470.44,29.7,Low
CLM0001129,0.1394,0.3079,0.5425,2170.55,35.7,Low
CLM0001130,0.0961,0.1357,0.64,153.55,33.0,Low
CLM0001131,0.2248,0.3467,0.7375,7762.8,48.9,Medium
CLM0001132,0.0609,0.1891,0.64,423.12,34.8,Low
CLM0001133,0.2775,0.4672,0.4775,782.46,36.3,Low
CLM0001134,0.2536,0.405,0.38,1673.69,31.5,Low
CLM0001135,0.2129,0.3303,0.5425,571.97,34.8,Low
CLM0001136,0.6054,0.5282,0.51,11045.47,49.6,Medium
CLM0001137,0.2455,0.4804,0.4775,651.03,36.6,Low
CLM0001138,0.1352,0.178,0.5425,1920.6,31.5,Low
CLM0001139,0.2986,0.347,0.38,330.54,27.9,Low
CLM0001140,0.7619,0.7261,0.3475,1825.68,40.0,Low
CLM0001141,0.2521,0.3931,0.5425,1730.97,37.8,Low
CLM0001142,0.2668,0.4033,0.7375,17285.33,57.0,Medium
CLM0001143,0.2656,0.3953,0.64,993.72,41.4,Medium
CLM0001144,0.0863,0.2376,0.5425,1538.01,33.0,Low
CLM0001145,0.2625,0.4918,0.64,6828.19,48.9,Medium
CLM0001146,0.149,0.2657,0.64,160.17,36.9,Low
CLM0001147,0.1244,0.2863,0.64,349.37,37.7,Low
CLM0001148,0.6415,0.5537,0.3475,1284.29,34.1,Low
CLM0001149,0.1303,0.1046,0.5425,1004.24,28.5,Low
CLM0001150,0.5818,0.3965,0.51,721.67,35.6,Low
CLM0001151,0.6049,0.399,0.4125,1303.47,32.1,Low
CLM0001152,0.1502,0.2996,0.64,76.6,37.8,Low
CLM0001153,0.6019,0.4458,0.3475,388.04,29.6,Low
CLM0001154,0.1559,0.3245,0.5425,792.26,34.9,Low
CLM0001155,0.1002,0.2851,0.5425,637.89,33.6,Low
CLM0001156,0.1346,0.2228,0.64,900.68,36.2,Low
CLM0001157,0.4883,0.3106,0.4125,726.18,28.8,Low
CLM0001158,0.5906,0.5682,0.3475,1008.3,34.1,Low
CLM0001159,0.2256,0.3973,0.64,2628.86,42.8,Medium
CLM0001160,0.6007,0.5739,0.6075,7229.44,50.5,Medium
CLM0001161,0.5756,0.6441,0.3475,437.42,35.6,Low
CLM0001162,0.2733,0.4652,0.7375,7604.3,52.3,Medium
CLM0001163,0.6487,0.5904,0.6075,6309.8,50.2,Medium
CLM0001164,0.2758,0.4551,0.4775,677.51,35.9,Low
CLM0001165,0.5194,0.4322,0.4125,810.41,32.5,Low
CLM0001166,0.5152,0.4046,0.25,255.01,23.9,Low
CLM0001167,0.3057,0.3876,0.4775,805.06,34.0,Low
CLM0001168,0.1781,0.3175,0.64,1223.47,39.3,Low
CLM0001169,0.5316,0.5207,0.4125,1107.54,35.5,Low
CLM0001170,0.6252,0.5104,0.3475,706.87,32.0,Low
CLM0001171,0.2644,0.3823,0.38,1369.82,30.4,Low
CLM0001172,0.1194,0.1695,0.64,154.69,34.0,Low
CLM0001173,0.2306,0.3201,0.64,1184.81,39.3,Low
CLM0001174,0.1242,0.2707,0.64,259.94,37.1,Low
CLM0001175,0.2129,0.3111,0.64,1369.36,39.2,Low
CLM0001176,0.2594,0.4898,0.7375,7678.62,53.1,Medium
CLM0001177,0.2586,0.4894,0.38,990.11,33.1,Low
CLM0001178,0.2673,0.4596,0.4775,2455.59,37.8,Low
CLM0001179,0.5834,0.5438,0.3475,1105.58,33.5,Low
CLM0001180,0.221,0.3825,0.9,7435.98,56.1,Medium
CLM0001181,0.7306,0.5536,0.25,348.39,28.6,Low
CLM0001182,0.5106,0.4366,0.51,2263.26,38.3,Low
CLM0001183,0.0743,0.1211,0.64,560.33,32.9,Low
CLM0001184,0.1355,0.1611,0.5425,1889.43,31.0,Low
CLM0001185,0.2759,0.3431,0.64,2520.16,41.1,Medium
CLM0001186,0.2823,0.4037,0.64,12891.39,51.0,Medium
CLM0001187,0.125,0.2353,0.64,394.87,36.2,Low
CLM0001188,0.0912,0.2758,0.8025,11057.74,51.3,Medium
CLM0001189,0.4206,0.313,0.4125,712.77,28.8,Low
CLM0001190,0.1367,0.2037,0.64,2268.23,36.7,Low
CLM0001191,0.2603,0.4186,0.64,5420.81,45.6,Medium
CLM0001192,0.2233,0.277,0.5425,1744.31,34.3,Low
CLM0001193,0.2845,0.4676,0.7375,4717.14,50.4,Medium
CLM0001194,0.3035,0.4443,0.38,751.27,31.4,Low
CLM0001195,0.6374,0.5862,0.3475,175.23,33.5,Low
CLM0001196,0.6361,0.5151,0.25,891.43,28.5,Low
CLM0001197,0.4922,0.3799,0.51,1177.34,35.5,Low
CLM0001198,0.2877,0.5332,0.7375,9259.37,55.5,Medium
CLM0001199,0.2905,0.4901,0.64,6868.77,48.9,Medium
CLM0001200,0.2858,0.4393,0.4775,1650.59,36.4,Low
CLM0001201,0.1188,0.1536,0.64,271.31,33.6,Low
CLM0001202,0.1739,0.2907,0.64,844.57,38.2,Low
CLM0001203,0.244,0.5225,0.4775,286.53,37.5,Low
CLM0001204,0.2143,0.2666,0.64,101.39,36.9,Low
CLM0001205,0.2831,0.5141,0.64,12739.25,54.2,Medium
CLM0001206,0.1265,0.3157,0.64,1519.57,39.5,Low
CLM0001207,0.2571,0.2536,0.64,323.96,36.7,Low
CLM0001208,0.1878,0.2626,0.64,49.16,36.7,Low
CLM0001209,0.1938,0.3371,0.5425,1460.11,35.9,Low
CLM0001210,0.5757,0.5112,0.25,367.35,27.3,Low
CLM0001211,0.2518,0.4026,0.7375,4720.67,48.5,Medium
CLM0001212,0.2132,0.2958,0.64,71.72,37.7,Low
CLM0001213,0.6231,0.4871,0.51,8300.83,45.7,Medium
CLM0001214,0.2387,0.3803,0.4775,183.43,33.1,Low
CLM0001215,0.246,0.2275,0.64,515.01,36.0,Low
CLM0001216,0.2648,0.3275,0.64,10.33,38.6,Low
CLM0001217,0.0789,0.3219,0.64,2533.57,40.4,Medium
CLM0001218,0.4411,0.3647,0.51,427.4,34.3,Low
CLM0001219,0.2752,0.3342,0.8025,5718.91,49.7,Medium
CLM0001220,0.2822,0.3888,0.38,514.41,29.4,Low
CLM0001221,0.2288,0.2694,0.64,36.11,36.9,Low
CLM0001222,0.7161,0.6752,0.6725,4473.3,53.8,Medium
CLM0001223,0.2941,0.4849,0.4775,617.9,36.7,Low
CLM0001224,0.1592,0.2039,0.64,526.46,35.3,Low
CLM0001225,0.0707,0.1165,0.5425,306.76,28.2,Low
CLM0001226,0.2234,0.5642,0.38,392.46,34.5,Low
CLM0001227,0.2698,0.4675,0.9,7692.27,58.8,Medium
CLM0001228,0.5472,0.5351,0.4125,765.23,35.5,Low
CLM0001229,0.5815,0.4985,0.3475,882.71,31.9,Low
CLM0001230,0.1111,0.1209,0.5425,814.68,28.8,Low
CLM0001231,0.124,0.2635,0.64,675.9,37.2,Low
CLM0001232,0.2617,0.3535,0.64,1222.5,40.4,Medium
CLM0001233,0.248,0.4381,0.5425,832.02,38.3,Low
CLM0001234,0.2858,0.4814,0.4775,1612.32,37.6,Low
CLM0001235,0.2142,0.3394,0.64,4483.96,42.5,Medium
CLM0001236,0.1022,0.1929,0.64,3194.44,37.1,Low
CLM0001237,0.2816,0.4779,0.4775,1855.1,37.8,Low
CLM0001238,0.4825,0.3304,0.4125,1020.96,29.7,Low
CLM0001239,0.5856,0.4995,0.25,185.03,26.6,Low
CLM0001240,0.1009,0.1983,0.64,315.79,35.0,Low
CLM0001241,0.2679,0.4557,0.38,619.9,31.6,Low
CLM0001242,0.5804,0.4407,0.4125,1064.96,33.1,Low
CLM0001243,0.213,0.5105,0.5425,457.65,40.1,Medium
CLM0001244,0.7405,0.5663,0.3475,1389.0,34.6,Low
CLM0001245,0.1438,0.2352,0.8025,11951.63,50.6,Medium
CLM0001246,0.1043,0.271,0.64,362.91,37.2,Low
CLM0001247,0.4549,0.2869,0.4125,691.6,28.0,Low
CLM0001248,0.2386,0.4435,0.7375,8963.81,52.6,Medium
CLM0001249,0.5752,0.5542,0.3475,1424.27,34.3,Low
CLM0001250,0.284,0.5432,0.4775,940.59,38.8,Low
CLM0001251,0.143,0.2698,0.64,389.82,37.2,Low
CLM0001252,0.4365,0.3318,0.6725,6287.86,44.9,Medium
CLM0001253,0.1307,0.1857,0.64,481.04,34.7,Low
CLM0001254,0.7719,0.618,0.3475,244.54,34.5,Low
CLM0001255,0.5768,0.5542,0.51,4292.7,43.8,Medium
CLM0001256,0.5836,0.5707,0.51,4403.9,44.4,Medium
CLM0001257,0.6351,0.4598,0.3475,636.53,30.3,Low
CLM0001258,0.3035,0.4778,0.38,804.39,32.5,Low
CLM0001259,0.1027,0.3119,0.9,11923.08,56.5,Medium
CLM0001260,0.5982,0.4456,0.25,797.34,26.2,Low
CLM0001261,0.5852,0.4587,0.4125,1417.31,34.0,Low
CLM0001262,0.1337,0.2913,0.64,25.96,37.6,Low
CLM0001263,0.2704,0.4729,0.7375,6732.77,51.9,Medium
CLM0001264,0.1062,0.1978,0.64,146.71,34.8,Low
CLM0001265,0.595,0.5104,0.25,1126.22,28.8,Low
CLM0001266,0.1461,0.1983,0.64,168.22,34.9,Low
CLM0001267,0.1543,0.2625,0.64,510.14,37.1,Low
CLM0001268,0.234,0.3669,0.38,1435.66,30.0,Low
CLM0001269,0.1232,0.3473,0.5425,1330.78,36.1,Low
CLM0001270,0.5503,0.389,0.4125,879.03,31.3,Low
CLM0001271,0.5755,0.5476,0.51,4431.32,43.7,Medium
CLM0001272,0.2769,0.404,0.64,5115.0,44.9,Medium
CLM0001273,0.2567,0.4634,0.38,535.35,31.7,Low
CLM0001274,0.5935,0.5435,0.25,192.8,27.9,Low
CLM0001275,0.6326,0.4648,0.3475,290.33,30.0,Low
CLM0001276,0.1311,0.1626,0.5425,2200.77,31.3,Low
CLM0001277,0.2228,0.3287,0.64,1071.3,39.5,Low
CLM0001278,0.762,0.7019,0.51,7396.37,51.3,Medium
CLM0001279,0.2845,0.4668,0.38,891.06,32.3,Low
CLM0001280,0.2788,0.2695,0.8025,7331.97,48.8,Medium
CLM0001281,0.0913,0.2419,0.64,685.0,36.6,Low
CLM0001282,0.1505,0.1851,0.64,187.05,34.5,Low
CLM0001283,0.558,0.4082,0.51,2775.16,37.9,Low
CLM0001284,0.6169,0.5731,0.3475,464.98,33.5,Low
CLM0001285,0.2243,0.2561,0.5425,1630.4,33.6,Low
CLM0001286,0.0753,0.1605,0.64,975.5,34.4,Low
CLM0001287,0.2308,0.4338,0.9,9829.52,59.0,Medium
CLM0001288,0.1518,0.2307,0.64,1559.95,36.9,Low
CLM0001289,0.5758,0.5519,0.25,777.62,29.4,Low
CLM0001290,0.6299,0.5985,0.3475,1399.8,35.6,Low
CLM0001291,0.1407,0.3014,0.4775,1528.79,32.1,Low
CLM0001292,0.2551,0.4137,0.4775,2043.01,36.0,Low
CLM0001293,0.2393,0.346,0.9,8242.62,55.5,Medium
CLM0001294,0.2741,0.4527,0.38,765.09,31.7,Low
CLM0001295,0.65,0.6643,0.3475,551.44,36.4,Low
CLM0001296,0.1249,0.2057,0.64,155.6,35.1,Low
CLM0001297,0.5996,0.4931,0.25,302.36,26.6,Low
CLM0001298,0.2141,0.2543,0.5425,421.42,32.4,Low
CLM0001299,0.135,0.2448,0.5425,2623.58,34.2,Low
CLM0001300,0.1141,0.2011,0.5425,973.47,31.3,Low
CLM0001301,0.124,0.2466,0.8025,5503.55,46.9,Medium
CLM0001302,0.1149,0.1895,0.64,130.02,34.6,Low
CLM0001303,0.0991,0.1094,0.64,429.92,32.4,Low
CLM0001304,0.2557,0.3878,0.4775,794.31,34.0,Low
CLM0001305,0.2476,0.3471,0.64,219.91,39.4,Low
CLM0001306,0.4461,0.3157,0.6725,3560.56,42.4,Medium
CLM0001307,0.2103,0.32,0.5425,992.32,34.9,Low
CLM0001308,0.4435,0.4581,0.38,395.22,31.4,Low
CLM0001309,0.2261,0.3815,0.4775,1653.28,34.7,Low
CLM0001310,0.1035,0.1375,0.64,140.49,33.0,Low
CLM0001311,0.0756,0.226,0.64,299.67,35.8,Low
CLM0001312,0.212,0.308,0.8025,4481.1,48.1,Medium
CLM0001313,0.5835,0.5591,0.25,469.88,29.0,Low
CLM0001314,0.4505,0.3252,0.6725,15091.78,51.2,Medium
CLM0001315,0.2636,0.6242,0.64,6648.08,52.7,Medium
CLM0001316,0.133,0.1632,0.64,355.8,34.0,Low
CLM0001317,0.1988,0.2491,0.64,55.6,36.3,Low
CLM0001318,0.0824,0.3223,0.64,385.44,38.8,Low
CLM0001319,0.2452,0.4023,0.64,88.26,40.9,Medium
CLM0001320,0.2762,0.4582,0.4775,801.86,36.1,Low
CLM0001321,0.1353,0.1717,0.64,326.71,34.2,Low
CLM0001322,0.2761,0.3282,0.4775,467.63,31.8,Low
CLM0001323,0.1544,0.3151,0.5425,1252.21,35.0,Low
CLM0001324,0.6102,0.4907,0.25,1191.31,28.4,Low
CLM0001325,0.2332,0.2233,0.64,28.86,35.5,Low
CLM0001326,0.2125,0.2359,0.64,390.47,36.2,Low
CLM0001327,0.2747,0.4159,0.4775,1303.22,35.3,Low
CLM0001328,0.3003,0.3736,0.4775,2119.28,34.9,Low
CLM0001329,0.3988,0.65,0.7375,15137.53,62.9,Medium
CLM0001330,0.2392,0.4489,0.4775,744.67,35.7,Low
CLM0001331,0.1085,0.2164,0.64,110.47,35.4,Low
CLM0001332,0.2032,0.3407,0.64,221.04,39.2,Low
CLM0001333,0.776,0.6453,0.3475,1592.6,37.3,Low
CLM0001334,0.225,0.4351,0.64,4038.14,45.0,Medium
CLM0001335,0.2416,0.4189,0.64,2264.12,43.1,Medium
CLM0001336,0.7717,0.6694,0.25,1036.9,33.4,Low
CLM0001337,0.0845,0.1994,0.5425,779.58,31.1,Low
CLM0001338,0.2516,0.4232,0.4775,2637.49,36.9,Low
CLM0001339,0.1697,0.2037,0.64,1027.64,35.7,Low
CLM0001340,0.2488,0.4947,0.4775,706.36,37.1,Low
CLM0001341,0.262,0.5454,0.4775,797.59,38.7,Low
CLM0001342,0.6048,0.517,0.51,1062.84,39.5,Low
CLM0001343,0.2317,0.3361,0.64,2.75,38.9,Low
CLM0001344,0.0688,0.1986,0.64,69.59,34.8,Low
CLM0001345,0.4349,0.4153,0.77,21788.97,61.3,Medium
CLM0001346,0.1132,0.2895,0.64,541.87,37.9,Low
CLM0001347,0.2872,0.4462,0.38,306.88,30.9,Low
CLM0001348,0.1668,0.1978,0.5425,1433.9,31.7,Low
CLM0001349,0.2568,0.4556,0.4775,902.31,36.1,Low
CLM0001350,0.1267,0.2584,0.64,2.22,36.6,Low
CLM0001351,0.2394,0.3667,0.38,2009.12,30.7,Low
CLM0001352,0.1488,0.2238,0.64,1051.58,36.3,Low
CLM0001353,0.6138,0.4804,0.3475,1296.02,31.9,Low
CLM0001354,0.5911,0.6715,0.25,569.56,32.5,Low
CLM0001355,0.2493,0.471,0.38,905.97,32.4,Low
CLM0001356,0.5662,0.4042,0.4125,1321.06,32.3,Low
CLM0001357,0.2452,0.2408,0.64,172.99,36.2,Low
CLM0001358,0.2237,0.4437,0.4775,2638.36,37.6,Low
CLM0001359,0.244,0.178,0.5425,837.16,30.5,Low
CLM0001360,0.6209,0.6003,0.51,11095.99,51.8,Medium
CLM0001361,0.4036,0.5493,0.7375,5193.32,53.2,Medium
CLM0001362,0.0933,0.127,0.64,2503.07,34.6,Low
CLM0001363,0.1359,0.1794,0.64,128.81,34.3,Low
CLM0001364,0.0827,0.2298,0.64,79.46,35.8,Low
CLM0001365,0.6352,0.6404,0.6075,5928.61,51.4,Medium
CLM0001366,0.2773,0.3339,0.4775,833.92,32.4,Low
CLM0001367,0.0764,0.1808,0.64,2797.23,36.4,Low
CLM0001368,0.2393,0.3686,0.5425,1250.82,36.6,Low
CLM0001369,0.5763,0.5044,0.51,333.58,38.4,Low
CLM0001370,0.5314,0.4998,0.51,1553.93,39.5,Low
CLM0001371,0.56,0.4508,0.3475,1565.42,31.4,Low
CLM0001372,0.2562,0.4875,0.4775,1340.38,37.5,Low
CLM0001373,0.3124,0.4004,0.7375,7228.67,50.1,Medium
CLM0001374,0.0832,0.1224,0.64,2836.45,34.7,Low
CLM0001375,0.7921,0.7048,0.51,3036.02,47.1,Medium
CLM0001376,0.6107,0.5125,0.4125,457.92,34.5,Low
CLM0001377,0.2173,0.2858,0.64,363.12,37.7,Low
CLM0001378,0.757,0.582,0.6075,5216.4,49.1,Medium
CLM0001379,0.1988,0.4276,0.64,957.46,42.4,Medium
CLM0001380,0.5695,0.5056,0.51,1115.05,39.2,Low
CLM0001381,0.6385,0.5964,0.25,766.25,30.7,Low
CLM0001382,0.1993,0.2805,0.9,9334.72,54.1,Medium
CLM0001383,0.1093,0.1865,0.64,129.31,34.5,Low
CLM0001384,0.1134,0.219,0.64,571.53,35.8,Low
CLM0001385,0.6413,0.6244,0.3475,1654.29,36.7,Low
CLM0001386,0.1468,0.2585,0.9,11480.72,54.6,Medium
CLM0001387,0.4394,0.3225,0.6725,8411.09,46.2,Medium
CLM0001388,0.0721,0.1842,0.5425,1330.64,31.2,Low
CLM0001389,0.2968,0.4941,0.7375,8095.97,53.5,Medium
CLM0001390,0.4296,0.5419,0.5425,2082.45,42.6,Medium
CLM0001391,0.2706,0.4177,0.64,767.4,41.9,Medium
CLM0001392,0.2235,0.5491,0.5425,850.78,41.7,Medium
CLM0001393,0.2438,0.3416,0.64,343.08,39.3,Low
CLM0001394,0.2519,0.4086,0.7375,5149.05,48.9,Medium
CLM0001395,0.2748,0.3464,0.7375,10890.74,51.0,Medium
CLM0001396,0.2738,0.5274,0.4775,385.99,37.7,Low
CLM0001397,0.6419,0.494,0.25,568.78,27.2,Low
CLM0001398,0.0501,0.1007,0.8025,5036.29,42.3,Medium
CLM0001399,0.5301,0.3717,0.51,2056.94,36.1,Low
CLM0001400,0.3047,0.4049,0.4775,618.24,34.3,Low
CLM0001401,0.1578,0.278,0.64,119.94,37.2,Low
CLM0001402,0.4562,0.2988,0.4125,487.3,28.1,Low
CLM0001403,0.4279,0.3006,0.51,274.12,32.2,Low
CLM0001404,0.2503,0.5029,0.38,1629.72,34.3,Low
CLM0001405,0.2894,0.4386,0.38,1620.34,32.4,Low
CLM0001406,0.222,0.3126,0.64,2759.93,40.3,Medium
CLM0001407,0.2715,0.379,0.38,371.61,29.0,Low
CLM0001408,0.2903,0.4212,0.64,5130.52,45.4,Medium
CLM0001409,0.2506,0.4796,0.4775,1024.78,36.9,Low
CLM0001410,0.6261,0.5393,0.25,134.25,27.7,Low
CLM0001411,0.2188,0.3056,0.8025,6996.42,49.6,Medium
CLM0001412,0.2292,0.3874,0.64,444.06,40.8,Medium
CLM0001413,0.4371,0.5074,0.7375,4350.99,51.4,Medium
CLM0001414,0.233,0.3112,0.64,1798.52,39.5,Low
CLM0001415,0.577,0.4855,0.51,1354.44,38.8,Low
CLM0001416,0.227,0.3581,0.5425,2251.83,37.2,Low
CLM0001417,0.2706,0.3624,0.38,1321.01,29.7,Low
CLM0001418,0.2072,0.2402,0.64,138.96,36.1,Low
CLM0001419,0.4628,0.3952,0.4125,448.03,31.0,Low
CLM0001420,0.104,0.2769,0.64,1613.53,38.4,Low
CLM0001421,0.1708,0.3686,0.64,2003.16,41.4,Medium
CLM0001422,0.5982,0.5813,0.3475,1738.66,35.6,Low
CLM0001423,0.1052,0.2659,0.64,713.7,37.3,Low
CLM0001424,0.1604,0.2092,0.64,113.03,35.2,Low
CLM0001425,0.2455,0.4159,0.4775,914.97,34.9,Low
CLM0001426,0.1126,0.105,0.5425,870.76,28.4,Low
CLM0001427,0.2816,0.3733,0.38,780.3,29.3,Low
CLM0001428,0.6179,0.6849,0.3475,193.43,36.5,Low
CLM0001429,0.2032,0.2685,0.64,33.93,36.9,Low
CLM0001430,0.263,0.4087,0.7375,5494.34,49.2,Medium
CLM0001431,0.5615,0.4782,0.51,2631.34,39.9,Low
CLM0001432,0.4634,0.2778,0.4125,650.55,27.7,Low
CLM0001433,0.2378,0.3395,0.8025,6701.01,50.5,Medium
CLM0001434,0.6005,0.5721,0.51,3070.93,43.1,Medium
CLM0001435,0.766,0.6487,0.3475,1627.69,37.4,Low
CLM0001436,0.2666,0.4122,0.4775,2587.18,36.6,Low
CLM0001437,0.1112,0.2193,0.5425,707.58,31.6,Low
CLM0001438,0.2445,0.4513,0.4775,493.99,35.5,Low
CLM0001439,0.2509,0.3654,0.38,903.05,29.3,Low
CLM0001440,0.5709,0.6557,0.77,6891.62,58.8,Medium
CLM0001441,0.3563,0.4578,0.8025,7150.52,54.3,Medium
CLM0001442,0.126,0.2504,0.64,152.19,36.4,Low
CLM0001443,0.2273,0.3115,0.64,2166.05,39.8,Low
CLM0001444,0.1489,0.1638,0.64,50.73,33.8,Low
CLM0001445,0.2644,0.4502,0.4775,1324.85,36.4,Low
CLM0001446,0.3088,0.4705,0.7375,5825.05,51.3,Medium
CLM0001447,0.3099,0.5422,0.4775,1599.4,39.4,Low
CLM0001448,0.577,0.6194,0.51,18015.59,59.2,Medium
CLM0001449,0.1302,0.2234,0.8025,10244.27,49.2,Medium
CLM0001450,0.2551,0.4542,0.38,699.8,31.6,Low
CLM0001451,0.6076,0.5805,0.3475,1114.5,34.7,Low
CLM0001452,0.2156,0.4285,0.9,8938.53,58.3,Medium
CLM0001453,0.2014,0.3503,0.9,5046.9,53.8,Medium
CLM0001454,0.2134,0.3514,0.64,200.06,39.5,Low
CLM0001455,0.3011,0.4709,0.4775,1949.42,37.7,Low
CLM0001456,0.2422,0.4438,0.4775,1250.55,36.1,Low
CLM0001457,0.2399,0.513,0.7375,4825.32,51.8,Medium
CLM0001458,0.0904,0.2212,0.8025,5238.07,46.0,Medium
CLM0001459,0.6377,0.6199,0.6075,13185.55,56.8,Medium
CLM0001460,0.2511,0.5039,0.5425,797.89,40.3,Medium
CLM0001461,0.6269,0.5041,0.25,812.47,28.0,Low
CLM0001462,0.2341,0.4635,0.38,1681.0,33.2,Low
CLM0001463,0.1467,0.2447,0.5425,857.07,32.5,Low
CLM0001464,0.261,0.4905,0.4775,586.57,36.8,Low
CLM0001465,0.1371,0.2606,0.64,2768.13,38.8,Low
CLM0001466,0.3972,0.4792,0.9,10661.37,60.8,Medium
CLM0001467,0.2408,0.2129,0.5425,1856.16,32.5,Low
CLM0001468,0.2735,0.3495,0.4775,921.81,32.9,Low
CLM0001469,0.3228,0.3417,0.64,2132.81,40.7,Medium
CLM0001470,0.1249,0.1779,0.5425,790.8,30.5,Low
CLM0001471,0.309,0.4113,0.7375,7273.22,50.5,Medium
CLM0001472,0.2093,0.2647,0.64,94.38,36.8,Low
CLM0001473,0.1046,0.2085,0.9,5682.95,49.9,Medium
CLM0001474,0.1035,0.2332,0.64,397.03,36.1,Low
CLM0001475,0.2745,0.4971,0.64,17055.73,57.0,Medium
CLM0001476,0.1951,0.2312,0.64,236.77,35.9,Low
CLM0001477,0.2422,0.3621,0.9,6400.06,54.9,Medium
CLM0001478,0.3377,0.4335,0.64,48.48,41.8,Medium
CLM0001479,0.5842,0.4487,0.6075,7025.96,46.6,Medium
CLM0001480,0.1779,0.33,0.64,251.58,38.9,Low
CLM0001481,0.5996,0.5462,0.51,3530.13,42.8,Medium
CLM0001482,0.3994,0.4047,0.64,1339.04,42.0,Medium
CLM0001483,0.1034,0.1571,0.64,426.14,33.8,Low
CLM0001484,0.1635,0.2293,0.64,104.39,35.8,Low
CLM0001485,0.088,0.2838,0.5425,897.53,33.8,Low
CLM0001486,0.2255,0.3386,0.9,11755.04,57.2,Medium
CLM0001487,0.1043,0.1559,0.64,34.32,33.5,Low
CLM0001488,0.7215,0.5971,0.3475,1312.68,35.4,Low
CLM0001489,0.2624,0.3113,0.7375,10884.48,49.9,Medium
CLM0001490,0.0943,0.2683,0.5425,2633.75,34.9,Low
CLM0001491,0.2763,0.4308,0.7375,6542.73,50.5,Medium
CLM0001492,0.1786,0.3483,0.8025,6063.87,50.3,Medium
CLM0001493,0.5402,0.3445,0.77,12893.16,53.4,Medium
CLM0001494,0.0913,0.1176,0.5425,1451.3,29.3,Low
CLM0001495,0.2224,0.3373,0.64,46.92,39.0,Low
CLM0001496,0.2233,0.2277,0.64,305.08,35.9,Low
CLM0001497,0.2889,0.4632,0.64,3238.69,45.2,Medium
CLM0001498,0.765,0.4775,0.25,1197.44,28.0,Low
CLM0001499,0.1117,0.1984,0.5425,1627.22,31.9,Low
CLM0001500,0.5879,0.5704,0.25,1019.07,30.4,Low
CLM0001501,0.2418,0.5656,0.4775,529.35,39.0,Low
CLM0001502,0.1026,0.271,0.64,13.48,36.9,Low
CLM0001503,0.1827,0.3395,0.38,252.82,27.6,Low
CLM0001504,0.1373,0.2224,0.5425,1626.81,32.6,Low
CLM0001505,0.1256,0.3301,0.64,24.5,38.7,Low
CLM0001506,0.0962,0.2769,0.64,1206.59,38.1,Low
CLM0001507,0.1264,0.4307,0.64,1422.05,42.8,Medium
CLM0001508,0.0859,0.2283,0.5425,2379.47,33.5,Low
CLM0001509,0.2471,0.4316,0.4775,754.06,35.2,Low
CLM0001510,0.7819,0.5732,0.25,264.17,29.0,Low
CLM0001511,0.3354,0.3963,0.64,2464.24,42.6,Medium
CLM0001512,0.1332,0.315,0.5425,1168.13,34.9,Low
CLM0001513,0.3072,0.5183,0.7375,8939.72,54.8,Medium
CLM0001514,0.2433,0.3911,0.7375,9523.35,51.4,Medium
CLM0001515,0.1587,0.2839,0.64,1235.49,38.3,Low
CLM0001516,0.6088,0.5898,0.25,408.74,29.8,Low
CLM0001517,0.0851,0.1477,0.64,3142.51,35.7,Low
CLM0001518,0.5818,0.4273,0.77,5967.57,51.3,Medium
CLM0001519,0.0919,0.1861,0.64,1631.66,35.7,Low
CLM0001520,0.1471,0.2448,0.64,603.3,36.6,Low
CLM0001521,0.1547,0.3165,0.64,1368.96,39.4,Low
CLM0001522,0.2581,0.4362,0.38,1206.05,31.8,Low
CLM0001523,0.2314,0.4532,0.7375,5742.74,50.7,Medium
CLM0001524,0.7868,0.5739,0.51,6774.44,46.8,Medium
CLM0001525,0.5557,0.3163,0.51,733.17,33.2,Low
CLM0001526,0.4474,0.3132,0.6725,7600.35,45.3,Medium
CLM0001527,0.4484,0.2786,0.4125,841.99,27.9,Low
CLM0001528,0.2575,0.3835,0.38,798.87,29.7,Low
CLM0001529,0.2752,0.415,0.4775,1997.65,36.0,Low
CLM0001530,0.5605,0.4975,0.77,7697.78,54.6,Medium
CLM0001531,0.1164,0.2594,0.64,223.28,36.8,Low
CLM0001532,0.1478,0.1751,0.64,364.5,34.3,Low
CLM0001533,0.2702,0.4231,0.4775,637.14,34.8,Low
CLM0001534,0.2212,0.3108,0.4775,286.74,31.1,Low
CLM0001535,0.2515,0.2989,0.5425,1692.23,34.9,Low
CLM0001536,0.2041,0.2765,0.5425,1767.07,34.3,Low
CLM0001537,0.2383,0.3284,0.64,429.8,39.0,Low
CLM0001538,0.1245,0.2037,0.64,148.63,35.0,Low
CLM0001539,0.1007,0.1693,0.5425,2660.11,31.9,Low
CLM0001540,0.2005,0.2733,0.5425,1529.58,34.0,Low
CLM0001541,0.2943,0.3871,0.4775,1384.04,34.6,Low
CLM0001542,0.1608,0.3537,0.38,164.09,27.9,Low
CLM0001543,0.094,0.234,0.8025,4685.71,46.1,Medium
CLM0001544,0.2867,0.6233,0.64,14449.13,58.8,Medium
CLM0001545,0.2007,0.3381,0.8025,6964.59,50.6,Medium
CLM0001546,0.1687,0.4282,0.4775,1378.35,35.8,Low
CLM0001547,0.2599,0.3805,0.5425,540.3,36.3,Low
CLM0001548,0.2914,0.4233,0.38,1122.21,31.3,Low
CLM0001549,0.2587,0.4455,0.4775,1843.79,36.8,Low
CLM0001550,0.5243,0.4489,0.51,1987.57,38.4,Low
CLM0001551,0.2631,0.4873,0.7375,11482.71,55.6,Medium
CLM0001552,0.5712,0.4476,0.51,1140.21,37.5,Low
CLM0001553,0.2307,0.3016,0.64,130.93,37.9,Low
CLM0001554,0.4364,0.3253,0.4125,919.65,29.4,Low
CLM0001555,0.2129,0.3794,0.64,1174.5,41.1,Medium
CLM0001556,0.2739,0.3489,0.64,74.0,39.3,Low
CLM0001557,0.5402,0.4287,0.6725,4967.42,46.8,Medium
CLM0001558,0.5823,0.5427,0.3475,1352.62,33.9,Low
CLM0001559,0.2715,0.5868,0.4775,1586.32,40.8,Medium
CLM0001560,0.1027,0.1288,0.64,65.13,32.7,Low
CLM0001561,0.1971,0.2881,0.9,6295.9,52.6,Medium
CLM0001562,0.2828,0.4723,0.4775,467.95,36.1,Low
CLM0001563,0.2595,0.3659,0.5425,474.19,35.8,Low
CLM0001564,0.4854,0.4805,0.51,513.22,37.9,Low
CLM0001565,0.7916,0.6608,0.6075,5046.33,51.3,Medium
CLM0001566,0.3934,0.4278,0.4775,821.94,35.2,Low
CLM0001567,0.6032,0.5704,0.25,378.87,29.1,Low
CLM0001568,0.2312,0.34,0.64,129.68,39.1,Low
CLM0001569,0.1637,0.3884,0.64,734.5,41.0,Medium
CLM0001570,0.4216,0.5287,0.4775,1797.42,39.2,Low
CLM0001571,0.2535,0.3556,0.38,374.5,28.3,Low
CLM0001572,0.2214,0.3576,0.9,4942.33,54.0,Medium
CLM0001573,0.1139,0.1952,0.64,535.33,35.1,Low
CLM0001574,0.1617,0.2122,0.64,92.67,35.2,Low
CLM0001575,0.5674,0.4593,0.77,4896.71,51.6,Medium
CLM0001576,0.2488,0.4598,0.38,856.57,32.0,Low
CLM0001577,0.4423,0.3724,0.4125,608.92,30.5,Low
CLM0001578,0.2511,0.3871,0.38,551.14,29.4,Low
CLM0001579,0.2406,0.4504,0.38,869.59,31.8,Low
CLM0001580,0.2509,0.2624,0.5425,1292.61,33.5,Low
CLM0001581,0.7533,0.5832,0.25,437.12,29.6,Low
CLM0001582,0.2552,0.42,0.4775,1924.63,36.1,Low
CLM0001583,0.6314,0.6337,0.25,714.52,31.7,Low
CLM0001584,0.1571,0.2394,0.5425,1498.7,33.0,Low
CLM0001585,0.2627,0.4288,0.4775,775.38,35.2,Low
CLM0001586,0.2772,0.4162,0.4775,2264.11,36.3,Low
CLM0001587,0.2638,0.4781,0.4775,2552.0,38.5,Low
CLM0001588,0.5342,0.3395,0.4125,834.79,29.8,Low
CLM0001589,0.1042,0.3354,0.8025,6978.03,50.5,Medium
CLM0001590,0.2948,0.4216,0.4775,1310.67,35.5,Low
CLM0001591,0.2896,0.4039,0.64,10677.1,49.3,Medium
CLM0001592,0.1509,0.2102,0.5425,358.25,31.0,Low
CLM0001593,0.5657,0.4108,0.4125,924.07,32.0,Low
CLM0001594,0.2583,0.3841,0.4775,983.84,34.0,Low
CLM0001595,0.2752,0.3875,0.64,3541.79,43.2,Medium
CLM0001596,0.2787,0.3936,0.4775,2244.3,35.6,Low
CLM0001597,0.262,0.4368,0.4775,2456.76,37.2,Low
CLM0001598,0.2912,0.4132,0.38,1255.93,31.1,Low
CLM0001599,0.1733,0.2971,0.64,962.59,38.5,Low
CLM0001600,0.2546,0.3822,0.7375,3901.58,47.3,Medium
CLM0001601,0.0964,0.2043,0.5425,1093.09,31.5,Low
CLM0001602,0.6058,0.5113,0.3475,935.08,32.3,Low
CLM0001603,0.2272,0.2643,0.64,1042.75,37.5,Low
CLM0001604,0.2562,0.3043,0.64,1130.57,38.8,Low
CLM0001605,0.6226,0.5757,0.6075,7703.26,50.9,Medium
CLM0001606,0.1151,0.2003,0.64,271.31,35.0,Low
CLM0001607,0.0813,0.1638,0.5425,1251.3,30.5,Low
CLM0001608,0.5658,0.4682,0.51,527.55,37.5,Low
CLM0001609,0.1151,0.2916,0.64,1517.23,38.7,Low
CLM0001610,0.2766,0.2974,0.8025,5359.96,48.4,Medium
CLM0001611,0.197,0.3355,0.5425,2375.9,36.7,Low
CLM0001612,0.065,0.1966,0.64,118.07,34.8,Low
CLM0001613,0.6389,0.5601,0.25,360.16,28.8,Low
CLM0001614,0.5659,0.4686,0.3475,1742.98,32.2,Low
CLM0001615,0.6172,0.3933,0.3475,1269.0,29.3,Low
CLM0001616,0.1337,0.1928,0.64,84.09,34.7,Low
CLM0001617,0.085,0.1443,0.64,227.12,33.3,Low
CLM0001618,0.3807,0.4735,0.64,4367.93,46.4,Medium
CLM0001619,0.0936,0.0961,0.5425,464.33,27.7,Low
CLM0001620,0.125,0.3747,0.64,197.29,40.2,Medium
CLM0001621,0.242,0.478,0.7375,6037.99,51.6,Medium
CLM0001622,0.291,0.391,0.4775,859.05,34.1,Low
CLM0001623,0.583,0.5234,0.6725,7003.32,51.2,Medium
CLM0001624,0.1082,0.1622,0.64,333.54,33.9,Low
CLM0001625,0.0841,0.2759,0.64,496.77,37.5,Low
CLM0001626,0.0961,0.3206,0.5425,1003.29,35.0,Low
CLM0001627,0.1053,0.3008,0.64,509.27,38.2,Low
CLM0001628,0.2571,0.4909,0.9,5690.12,58.4,Medium
CLM0001629,0.2331,0.4095,0.4775,442.77,34.2,Low
CLM0001630,0.1204,0.2765,0.8025,8162.12,49.5,Medium
CLM0001631,0.2738,0.5458,0.38,747.17,34.5,Low
CLM0001632,0.1751,0.2541,0.5425,508.09,32.5,Low
CLM0001633,0.5679,0.3765,0.51,1860.44,36.1,Low
CLM0001634,0.5694,0.4907,0.51,4155.02,41.7,Medium
CLM0001635,0.1135,0.1161,0.64,1325.89,33.3,Low
CLM0001636,0.2859,0.6189,0.7375,10574.02,58.9,Medium
CLM0001637,0.3091,0.4802,0.4775,2180.21,38.2,Low
CLM0001638,0.2909,0.3661,0.38,253.03,28.4,Low
CLM0001639,0.5637,0.4121,0.3475,1580.28,30.3,Low
CLM0001640,0.0801,0.2016,0.64,143.92,35.0,Low
CLM0001641,0.2339,0.3758,0.64,178.14,40.2,Medium
CLM0001642,0.168,0.2153,0.5425,763.79,31.6,Low
CLM0001643,0.1817,0.2628,0.64,659.39,37.2,Low
CLM0001644,0.1443,0.4639,0.64,1619.49,44.0,Medium
CLM0001645,0.2882,0.4803,0.7375,5187.39,51.1,Medium
CLM0001646,0.2879,0.3442,0.4775,1129.83,33.0,Low
CLM0001647,0.2653,0.4453,0.7375,7220.97,51.4,Medium
CLM0001648,0.2463,0.3917,0.4775,1204.87,34.5,Low
CLM0001649,0.2304,0.5266,0.38,985.9,34.2,Low
CLM0001650,0.1322,0.1851,0.5425,1429.52,31.3,Low
CLM0001651,0.2921,0.4524,0.38,1347.04,32.4,Low
CLM0001652,0.3862,0.4773,0.9,9641.38,60.2,Medium
CLM0001653,0.2499,0.3716,0.9,6130.33,55.1,Medium
CLM0001654,0.2819,0.6059,0.7375,5757.46,55.3,Medium
CLM0001655,0.2448,0.4469,0.4775,1078.06,36.0,Low
CLM0001656,0.0734,0.1401,0.64,3424.74,35.7,Low
CLM0001657,0.2537,0.4242,0.38,1237.09,31.5,Low
CLM0001658,0.6203,0.5975,0.6075,22442.2,63.7,Medium
CLM0001659,0.1227,0.1615,0.8025,11281.95,48.0,Medium
CLM0001660,0.2318,0.2829,0.64,493.72,37.7,Low
CLM0001661,0.2243,0.3047,0.8025,7285.72,49.8,Medium
CLM0001662,0.247,0.3698,0.4775,1140.68,33.8,Low
CLM0001663,0.0997,0.207,0.8025,4838.3,45.3,Medium
CLM0001664,0.1158,0.3401,0.64,117.67,39.1,Low
CLM0001665,0.2893,0.4023,0.4775,763.1,34.4,Low
CLM0001666,0.2469,0.4341,0.4775,1990.01,36.6,Low
CLM0001667,0.1053,0.3098,0.64,670.08,38.6,Low
CLM0001668,0.2858,0.4936,0.64,9824.84,51.3,Medium
CLM0001669,0.0951,0.1853,0.64,262.53,34.6,Low
CLM0001670,0.113,0.2406,0.5425,964.41,32.5,Low
CLM0001671,0.2525,0.2537,0.9,16805.65,57.4,Medium
CLM0001672,0.6281,0.6016,0.3475,257.33,34.1,Low
CLM0001673,0.3285,0.3417,0.9,6932.64,54.6,Medium
CLM0001674,0.1032,0.1602,0.64,160.31,33.7,Low
CLM0001675,0.6196,0.5379,0.3475,472.74,32.5,Low
CLM0001676,0.1179,0.3145,0.64,426.07,38.6,Low
CLM0001677,0.2315,0.3599,0.4775,480.36,32.8,Low
CLM0001678,0.214,0.3587,0.64,2493.89,41.5,Medium
CLM0001679,0.1023,0.3568,0.5425,1412.22,36.4,Low
CLM0001680,0.2558,0.5523,0.7375,9498.92,56.2,Medium
CLM0001681,0.6289,0.5425,0.3475,315.01,32.4,Low
CLM0001682,0.1241,0.2421,0.64,664.67,36.6,Low
CLM0001683,0.3061,0.4676,0.4775,1054.47,36.6,Low
CLM0001684,0.2798,0.2871,0.64,388.49,37.7,Low
CLM0001685,0.2209,0.3557,0.64,402.5,39.8,Low
CLM0001686,0.1375,0.3368,0.64,26.32,38.9,Low
CLM0001687,0.1973,0.1966,0.64,1340.01,35.7,Low
CLM0001688,0.2276,0.1971,0.64,516.19,35.1,Low
CLM0001689,0.5624,0.6113,0.51,5020.44,46.2,Medium
CLM0001690,0.1118,0.1678,0.64,1877.79,35.3,Low
CLM0001691,0.276,0.3475,0.8025,10989.36,53.4,Medium
CLM0001692,0.1038,0.1579,0.5425,323.44,29.4,Low
CLM0001693,0.0826,0.2229,0.64,219.9,35.7,Low
CLM0001694,0.2793,0.3906,0.38,202.63,29.1,Low
CLM0001695,0.2194,0.331,0.64,884.42,39.4,Low
CLM0001696,0.2442,0.3462,0.5425,2748.19,37.3,Low
CLM0001697,0.2433,0.4193,0.7375,20142.71,59.4,Medium
CLM0001698,0.2592,0.581,0.7375,25878.74,68.2,Medium
CLM0001699,0.1887,0.3263,0.64,1281.47,39.6,Low
CLM0001700,0.4801,0.3642,0.6725,6343.93,45.9,Medium
CLM0001701,0.281,0.4189,0.4775,2081.8,36.2,Low
CLM0001702,0.211,0.3049,0.64,370.13,38.2,Low
CLM0001703,0.5653,0.519,0.25,909.4,28.6,Low
CLM0001704,0.0984,0.2843,0.64,1068.66,38.2,Low
CLM0001705,0.2932,0.5558,0.4775,449.86,38.6,Low
CLM0001706,0.1024,0.2017,0.64,87.07,34.9,Low
CLM0001707,0.1168,0.3697,0.64,998.6,40.7,Medium
CLM0001708,0.2489,0.4773,0.7375,5004.12,50.9,Medium
CLM0001709,0.5724,0.5054,0.51,2411.26,40.5,Medium
CLM0001710,0.4919,0.4126,0.51,2185.67,37.5,Low
CLM0001711,0.6398,0.5217,0.25,466.0,27.8,Low
CLM0001712,0.1636,0.2079,0.64,523.78,35.4,Low
CLM0001713,0.6074,0.5266,0.3475,1759.43,34.0,Low
CLM0001714,0.1407,0.2985,0.8025,5087.99,48.2,Medium
CLM0001715,0.2196,0.313,0.64,146.78,38.3,Low
CLM0001716,0.6243,0.5674,0.25,1173.92,30.6,Low
CLM0001717,0.108,0.205,0.64,210.95,35.1,Low
CLM0001718,0.1181,0.1989,0.64,1936.53,36.3,Low
CLM0001719,0.4493,0.5172,0.4775,2277.98,39.4,Low
CLM0001720,0.124,0.1821,0.64,218.46,34.4,Low
CLM0001721,0.1614,0.215,0.64,312.74,35.5,Low
CLM0001722,0.1515,0.2458,0.9,5912.81,51.2,Medium
CLM0001723,0.2354,0.3212,0.64,201.01,38.6,Low
CLM0001724,0.581,0.537,0.4125,680.49,35.5,Low
CLM0001725,0.2135,0.3508,0.64,314.59,39.6,Low
CLM0001726,0.5892,0.5585,0.6075,4880.17,48.1,Medium
CLM0001727,0.2732,0.4687,0.4775,490.13,36.1,Low
CLM0001728,0.1374,0.2721,0.64,862.42,37.6,Low
CLM0001729,0.5751,0.5336,0.3475,328.04,32.1,Low
CLM0001730,0.1707,0.2935,0.64,794.17,38.2,Low
CLM0001731,0.2707,0.4724,0.7375,5664.13,51.2,Medium
CLM0001732,0.2471,0.3559,0.64,1845.15,40.9,Medium
CLM0001733,0.2861,0.4084,0.4775,841.98,34.6,Low
CLM0001734,0.5867,0.5384,0.3475,617.55,32.7,Low
CLM0001735,0.094,0.1636,0.64,791.91,34.3,Low
CLM0001736,0.0904,0.153,0.5425,2520.65,31.3,Low
CLM0001737,0.127,0.1716,0.64,159.93,34.1,Low
CLM0001738,0.6213,0.5846,0.51,3632.26,44.0,Medium
CLM0001739,0.1258,0.2005,0.9,8373.83,51.2,Medium
CLM0001740,0.3011,0.424,0.4775,725.76,35.0,Low
CLM0001741,0.1377,0.2847,0.64,62.05,37.4,Low
CLM0001742,0.1708,0.251,0.64,305.43,36.6,Low
CLM0001743,0.1638,0.3401,0.7375,9433.36,49.8,Medium
CLM0001744,0.2923,0.3904,0.4775,1668.68,34.9,Low
CLM0001745,0.4191,0.4442,0.9,5360.98,56.8,Medium
CLM0001746,0.2242,0.4679,0.5425,1653.04,40.0,Low
CLM0001747,0.5848,0.6296,0.25,377.43,30.9,Low
CLM0001748,0.134,0.2255,0.64,3.08,35.6,Low
CLM0001749,0.2507,0.3858,0.9,10709.14,58.0,Medium
CLM0001750,0.1734,0.2775,0.64,201.09,37.3,Low
CLM0001751,0.1574,0.3008,0.64,372.77,38.1,Low
CLM0001752,0.1037,0.2371,0.64,1848.65,37.4,Low
CLM0001753,0.1034,0.2325,0.5425,1605.31,32.9,Low
CLM0001754,0.2025,0.2206,0.64,51.49,35.5,Low
CLM0001755,0.4602,0.2285,0.4125,434.8,25.9,Low
CLM0001756,0.3032,0.4592,0.7375,7980.14,52.4,Medium
CLM0001757,0.2025,0.2489,0.8025,7832.1,48.5,Medium
CLM0001758,0.4349,0.449,0.38,837.95,31.7,Low
CLM0001759,0.2412,0.536,0.7375,8917.92,55.3,Medium
CLM0001760,0.2847,0.4676,0.38,1782.9,33.5,Low
CLM0001761,0.072,0.1855,0.5425,2749.78,32.5,Low
CLM0001762,0.2512,0.4257,0.9,19822.81,64.3,Medium
CLM0001763,0.1307,0.2941,0.64,921.64,38.3,Low
CLM0001764,0.2314,0.2433,0.64,1044.66,36.9,Low
CLM0001765,0.6488,0.5865,0.25,701.67,30.2,Low
CLM0001766,0.0955,0.272,0.64,315.35,37.2,Low
CLM0001767,0.1587,0.3067,0.64,640.86,38.5,Low
CLM0001768,0.2462,0.3714,0.38,1268.72,29.9,Low
CLM0001769,0.2016,0.2591,0.64,250.59,36.8,Low
CLM0001770,0.1311,0.2406,0.5425,442.82,32.0,Low
CLM0001771,0.0753,0.2851,0.9,7975.53,53.5,Medium
CLM0001772,0.2084,0.3126,0.64,3146.6,40.6,Medium
CLM0001773,0.0892,0.1735,0.64,233.87,34.2,Low
CLM0001774,0.2871,0.351,0.7375,6113.79,47.9,Medium
CLM0001775,0.0837,0.1887,0.64,136.27,34.6,Low
CLM0001776,0.7675,0.7007,0.6075,14040.75,59.9,Medium
CLM0001777,0.2769,0.3286,0.64,1458.71,39.8,Low
CLM0001778,0.1096,0.1023,0.64,81.74,31.9,Low
CLM0001779,0.1455,0.2411,0.64,94.87,36.1,Low
CLM0001780,0.5837,0.4634,0.3475,266.97,29.9,Low
CLM0001781,0.2847,0.4454,0.7375,15594.47,57.1,Medium
CLM0001782,0.072,0.1775,0.64,214.08,34.3,Low
CLM0001783,0.4959,0.2945,0.51,598.1,32.4,Low
CLM0001784,0.2526,0.5009,0.38,1649.52,34.3,Low
CLM0001785,0.6131,0.5905,0.6075,4958.2,49.1,Medium
CLM0001786,0.6115,0.4581,0.3475,524.42,30.1,Low
CLM0001787,0.5667,0.4739,0.6075,14619.49,53.6,Medium
CLM0001788,0.2304,0.4511,0.4775,2286.0,37.4,Low
CLM0001789,0.1236,0.2934,0.9,10239.62,55.0,Medium
CLM0001790,0.1271,0.0936,0.64,138.32,31.7,Low
CLM0001791,0.5725,0.5182,0.6725,9536.36,52.9,Medium
CLM0001792,0.7452,0.5806,0.77,5030.7,55.3,Medium
CLM0001793,0.6295,0.5926,0.6075,6273.33,50.3,Medium
CLM0001794,0.1513,0.2092,0.5425,1078.57,31.7,Low
CLM0001795,0.2987,0.4499,0.38,349.53,31.1,Low
CLM0001796,0.3778,0.4586,0.5425,852.6,39.0,Low
CLM0001797,0.138,0.4145,0.8025,9648.43,54.6,Medium
CLM0001798,0.6332,0.456,0.25,386.34,25.7,Low
CLM0001799,0.5581,0.5203,0.77,5465.16,53.8,Medium
CLM0001800,0.4437,0.4139,0.51,807.32,36.2,Low
CLM0001801,0.4274,0.3405,0.4125,880.52,29.8,Low
CLM0001802,0.3726,0.4119,0.5425,807.26,37.5,Low
CLM0001803,0.1059,0.2029,0.64,978.65,35.7,Low
CLM0001804,0.1347,0.1938,0.64,3024.54,37.0,Low
CLM0001805,0.0939,0.2675,0.8025,19465.36,56.3,Medium
CLM0001806,0.1493,0.2451,0.64,2912.78,38.4,Low
CLM0001807,0.0897,0.1789,0.64,2198.94,35.9,Low
CLM0001808,0.5336,0.4382,0.77,5730.96,51.5,Medium
CLM0001809,0.6023,0.513,0.6075,6605.18,48.2,Medium
CLM0001810,0.4849,0.4864,0.4125,1376.03,34.8,Low
CLM0001811,0.5779,0.5577,0.6075,4073.9,47.4,Medium
CLM0001812,0.5843,0.406,0.3475,182.96,28.1,Low
CLM0001813,0.1453,0.2065,0.64,226.5,35.2,Low
CLM0001814,0.6468,0.5353,0.3475,285.56,32.1,Low
CLM0001815,0.3758,0.563,0.64,8215.21,52.1,Medium
CLM0001816,0.284,0.4523,0.4775,576.09,35.7,Low
CLM0001817,0.5641,0.47,0.51,5079.46,42.0,Medium
CLM0001818,0.5933,0.553,0.25,474.02,28.8,Low
CLM0001819,0.2605,0.3477,0.64,305.91,39.5,Low
CLM0001820,0.1748,0.2756,0.64,453.56,37.4,Low
CLM0001821,0.1174,0.1894,0.64,325.57,34.7,Low
CLM0001822,0.2591,0.3927,0.4775,354.6,33.6,Low
CLM0001823,0.2422,0.3957,0.7375,5321.0,48.7,Medium
CLM0001824,0.1422,0.2913,0.9,16138.37,58.2,Medium
CLM0001825,0.1715,0.2362,0.5425,1283.37,32.7,Low
CLM0001826,0.101,0.2241,0.64,1187.95,36.5,Low
CLM0001827,0.6235,0.5867,0.6075,7238.93,50.9,Medium
CLM0001828,0.2954,0.3933,0.64,6.57,40.6,Medium
CLM0001829,0.112,0.2727,0.5425,495.86,33.1,Low
CLM0001830,0.216,0.3955,0.9,5524.06,55.4,Medium
CLM0001831,0.1024,0.1162,0.64,634.28,32.8,Low
CLM0001832,0.244,0.5633,0.38,2076.11,36.7,Low
CLM0001833,0.2174,0.5175,0.9,38641.94,77.5,High
CLM0001834,0.1017,0.1722,0.64,389.53,34.3,Low
CLM0001835,0.2805,0.4175,0.38,643.36,30.5,Low
CLM0001836,0.7546,0.6075,0.77,10648.03,59.8,Medium
CLM0001837,0.1011,0.2869,0.64,158.85,37.5,Low
CLM0001838,0.0922,0.2629,0.64,658.02,37.2,Low
CLM0001839,0.2305,0.4286,0.8025,8235.11,54.1,Medium
CLM0001840,0.4471,0.433,0.51,942.12,36.9,Low
CLM0001841,0.2928,0.3883,0.4775,865.78,34.0,Low
CLM0001842,0.3085,0.4128,0.4775,1481.19,35.4,Low
CLM0001843,0.5826,0.5689,0.25,348.98,29.0,Low
CLM0001844,0.6048,0.4517,0.4125,862.14,33.2,Low
CLM0001845,0.6039,0.5584,0.3475,846.56,33.6,Low
CLM0001846,0.194,0.3287,0.9,12427.83,57.3,Medium
CLM0001847,0.2143,0.3093,0.5425,1093.63,34.7,Low
CLM0001848,0.4421,0.557,0.7375,7570.25,55.0,Medium
CLM0001849,0.5639,0.5785,0.77,4171.11,54.7,Medium
CLM0001850,0.2412,0.4666,0.4775,192.11,35.7,Low
CLM0001851,0.1289,0.2367,0.5425,2675.6,34.0,Low
CLM0001852,0.2175,0.377,0.9,10716.67,57.8,Medium
CLM0001853,0.2892,0.4141,0.38,328.34,30.0,Low
CLM0001854,0.6376,0.4415,0.6725,6805.44,48.6,Medium
CLM0001855,0.1818,0.3289,0.64,172.08,38.8,Low
CLM0001856,0.2441,0.3861,0.4775,1538.95,34.7,Low
CLM0001857,0.2554,0.4534,0.7375,6736.84,51.4,Medium
CLM0001858,0.1709,0.354,0.64,2734.83,41.6,Medium
CLM0001859,0.167,0.3284,0.9,6260.27,53.8,Medium
CLM0001860,0.0991,0.2191,0.64,8.81,35.4,Low
CLM0001861,0.2473,0.4391,0.4775,1457.0,36.2,Low
CLM0001862,0.0806,0.1389,0.64,214.53,33.1,Low
CLM0001863,0.1519,0.2178,0.64,319.3,35.6,Low
CLM0001864,0.1384,0.1327,0.5425,1944.16,30.2,Low
CLM0001865,0.6418,0.4809,0.25,498.9,26.7,Low
CLM0001866,0.6153,0.5206,0.51,6544.32,45.0,Medium
CLM0001867,0.2526,0.2318,0.8025,6337.66,47.0,Medium
CLM0001868,0.2488,0.4766,0.38,429.0,32.0,Low
CLM0001869,0.2774,0.5054,0.38,1380.41,34.1,Low
CLM0001870,0.2207,0.321,0.64,2591.46,40.5,Medium
CLM0001871,0.0629,0.1777,0.64,486.41,34.5,Low
CLM0001872,0.2813,0.4283,0.7375,4730.21,49.2,Medium
CLM0001873,0.3883,0.4859,0.64,3321.52,46.0,Medium
CLM0001874,0.2689,0.5318,0.38,384.0,33.6,Low
CLM0001875,0.1471,0.2623,0.64,4.23,36.7,Low
CLM0001876,0.5946,0.5349,0.51,568.1,39.6,Low
CLM0001877,0.3122,0.4824,0.38,1086.7,33.0,Low
CLM0001878,0.6262,0.4932,0.25,924.1,27.9,Low
CLM0001879,0.2672,0.424,0.7375,10464.05,53.0,Medium
CLM0001880,0.2962,0.4926,0.64,13775.67,54.3,Medium
CLM0001881,0.2347,0.2965,0.64,389.18,38.0,Low
CLM0001882,0.0974,0.148,0.64,47.97,33.3,Low
CLM0001883,0.2834,0.5207,0.4775,1298.22,38.5,Low
CLM0001884,0.4492,0.3331,0.51,1982.19,34.9,Low
CLM0001885,0.276,0.3339,0.64,1661.56,40.1,Medium
CLM0001886,0.4555,0.5869,0.7375,20964.29,65.0,Medium
CLM0001887,0.278,0.4472,0.38,788.47,31.6,Low
CLM0001888,0.2397,0.3436,0.38,1475.86,29.4,Low
CLM0001889,0.1613,0.2628,0.64,1180.1,37.6,Low
CLM0001890,0.0974,0.1697,0.64,1033.99,34.7,Low
CLM0001891,0.0732,0.1514,0.5425,1995.11,30.8,Low
CLM0001892,0.2147,0.383,0.64,110.08,40.4,Medium
CLM0001893,0.7328,0.5804,0.3475,267.44,33.4,Low
CLM0001894,0.2314,0.4004,0.38,1770.75,31.4,Low
CLM0001895,0.1598,0.3085,0.64,149.66,38.2,Low
CLM0001896,0.5847,0.5032,0.4125,1903.52,36.0,Low
CLM0001897,0.2121,0.311,0.64,245.02,38.3,Low
CLM0001898,0.6143,0.5466,0.3475,229.22,32.4,Low
CLM0001899,0.2355,0.3135,0.64,395.7,38.5,Low
CLM0001900,0.2888,0.4371,0.4775,560.94,35.2,Low
CLM0001901,0.1167,0.2085,0.64,46.25,35.1,Low
CLM0001902,0.5599,0.5112,0.4125,571.97,34.6,Low
CLM0001903,0.229,0.4013,0.64,9835.03,48.5,Medium
CLM0001904,0.6251,0.4396,0.3475,1892.43,31.5,Low
CLM0001905,0.2148,0.2979,0.64,21.07,37.8,Low
CLM0001906,0.5771,0.5302,0.3475,322.92,32.0,Low
CLM0001907,0.2521,0.4385,0.64,10562.84,50.2,Medium
CLM0001908,0.0818,0.2452,0.64,1320.56,37.2,Low
CLM0001909,0.2183,0.2194,0.64,437.47,35.7,Low
CLM0001910,0.1164,0.3821,0.64,1553.95,41.5,Medium
CLM0001911,0.1,0.2208,0.64,1381.69,36.5,Low
CLM0001912,0.149,0.2823,0.64,1473.91,38.4,Low
CLM0001913,0.2797,0.4533,0.4775,592.73,35.7,Low
CLM0001914,0.281,0.4334,0.38,724.9,31.1,Low
CLM0001915,0.2814,0.4341,0.38,1833.31,32.5,Low
CLM0001916,0.5878,0.6465,0.3475,849.04,36.3,Low
CLM0001917,0.2428,0.5025,0.4775,672.61,37.3,Low
CLM0001918,0.2449,0.2613,0.64,594.21,37.1,Low
CLM0001919,0.2098,0.3768,0.9,18870.34,62.3,Medium
CLM0001920,0.2972,0.6213,0.64,8315.08,53.9,Medium
CLM0001921,0.1871,0.266,0.64,78.11,36.8,Low
CLM0001922,0.2215,0.4186,0.4775,2100.96,36.2,Low
CLM0001923,0.1639,0.2479,0.64,2374.11,38.1,Low
CLM0001924,0.086,0.1112,0.5425,1253.71,28.9,Low
CLM0001925,0.6012,0.5388,0.51,1978.54,41.1,Medium
CLM0001926,0.4924,0.4117,0.51,1166.81,36.4,Low
CLM0001927,0.2486,0.48,0.38,1267.63,33.2,Low
CLM0001928,0.2536,0.4825,0.4775,928.95,36.9,Low
CLM0001929,0.0894,0.1919,0.5425,2271.65,32.3,Low
CLM0001930,0.1714,0.2834,0.64,2510.73,39.3,Low
CLM0001931,0.1401,0.22,0.9,6085.75,50.5,Medium
CLM0001932,0.5725,0.4858,0.51,8823.47,46.2,Medium
CLM0001933,0.1945,0.2965,0.64,102.52,37.8,Low
CLM0001934,0.2035,0.3991,0.9,14529.34,60.5,Medium
CLM0001935,0.3078,0.404,0.4775,1748.67,35.4,Low
CLM0001936,0.2685,0.3762,0.64,1631.42,41.4,Medium
CLM0001937,0.1365,0.1005,0.64,8.6,31.8,Low
CLM0001938,0.2615,0.4407,0.64,724.54,42.6,Medium
CLM0001939,0.25,0.5298,0.4775,725.57,38.1,Low
CLM0001940,0.2192,0.3469,0.64,111.6,39.3,Low
CLM0001941,0.5948,0.5877,0.6075,12035.3,54.9,Medium
CLM0001942,0.5958,0.5563,0.25,710.58,29.4,Low
CLM0001943,0.2664,0.3365,0.64,133.92,39.0,Low
CLM0001944,0.2342,0.2528,0.9,6160.54,51.5,Medium
CLM0001945,0.3576,0.3381,0.64,1024.73,39.7,Low
CLM0001946,0.1317,0.1365,0.64,504.45,33.3,Low
CLM0001947,0.2237,0.3271,0.64,841.18,39.3,Low
CLM0001948,0.2241,0.4716,0.64,2566.91,45.0,Medium
CLM0001949,0.6226,0.477,0.51,1288.97,38.5,Low
CLM0001950,0.2581,0.4528,0.7375,4595.11,49.9,Medium
CLM0001951,0.1409,0.2088,0.64,487.25,35.4,Low
CLM0001952,0.3343,0.348,0.64,307.12,39.5,Low
CLM0001953,0.6475,0.5759,0.25,253.73,29.0,Low
CLM0001954,0.6022,0.4833,0.3475,1094.72,31.7,Low
CLM0001955,0.0947,0.3856,0.5425,2589.39,38.4,Low
CLM0001956,0.098,0.1851,0.64,1627.1,35.6,Low
CLM0001957,0.2646,0.4847,0.4775,717.32,36.8,Low
CLM0001958,0.5874,0.5616,0.4125,1104.73,36.7,Low
CLM0001959,0.6182,0.5767,0.6075,21976.86,62.7,Medium
CLM0001960,0.2401,0.4135,0.4775,318.5,34.2,Low
CLM0001961,0.261,0.3419,0.64,472.28,39.4,Low
CLM0001962,0.575,0.4772,0.51,1141.54,38.4,Low
CLM0001963,0.1731,0.3159,0.9,13990.36,57.8,Medium
CLM0001964,0.2528,0.336,0.64,9793.55,46.5,Medium
CLM0001965,0.2847,0.406,0.4775,1441.04,35.2,Low
CLM0001966,0.5954,0.4841,0.25,269.36,26.3,Low
CLM0001967,0.2694,0.4225,0.4775,743.05,34.9,Low
CLM0001968,0.7837,0.5887,0.3475,826.03,34.5,Low
CLM0001969,0.0696,0.1324,0.64,61.97,32.8,Low
CLM0001970,0.5126,0.3395,0.51,781.37,33.9,Low
CLM0001971,0.2413,0.3442,0.8025,6800.93,50.7,Medium
CLM0001972,0.2636,0.4744,0.4775,1231.22,37.0,Low
CLM0001973,0.6277,0.4803,0.3475,822.27,31.2,Low
CLM0001974,0.5666,0.4676,0.77,8307.01,54.1,Medium
CLM0001975,0.5829,0.5567,0.6075,4644.11,47.9,Medium
CLM0001976,0.5796,0.3296,0.51,642.37,33.5,Low
CLM0001977,0.1082,0.3175,0.64,79.98,38.4,Low
CLM0001978,0.5499,0.3973,0.4125,1056.84,31.8,Low
CLM0001979,0.0796,0.2535,0.5425,652.88,32.6,Low
CLM0001980,0.2369,0.2711,0.9,14034.29,56.4,Medium
CLM0001981,0.2461,0.3318,0.64,2300.31,40.6,Medium
CLM0001982,0.4323,0.2586,0.4125,375.42,26.8,Low
CLM0001983,0.2251,0.4083,0.38,188.61,29.6,Low
CLM0001984,0.622,0.4764,0.3475,390.53,30.5,Low
CLM0001985,0.418,0.4034,0.77,6600.02,51.0,Medium
CLM0001986,0.2518,0.4282,0.64,1997.57,43.2,Medium
CLM0001987,0.2113,0.2691,0.64,124.57,37.0,Low
CLM0001988,0.1356,0.2329,0.8025,7277.23,47.6,Medium
CLM0001989,0.2814,0.4327,0.7375,4745.69,49.4,Medium
CLM0001990,0.1615,0.3008,0.64,995.51,38.6,Low
CLM0001991,0.618,0.5715,0.25,518.63,29.4,Low
CLM0001992,0.5699,0.5292,0.25,195.33,27.5,Low
CLM0001993,0.0894,0.1945,0.64,832.7,35.3,Low
CLM0001994,0.194,0.2793,0.8025,7358.2,49.1,Medium
CLM0001995,0.124,0.2184,0.64,153.43,35.5,Low
CLM0001996,0.2619,0.4485,0.4775,1013.52,36.0,Low
CLM0001997,0.2976,0.4738,0.8025,7404.68,54.9,Medium
CLM0001998,0.142,0.4076,0.64,867.71,41.7,Medium
CLM0001999,0.27,0.3917,0.4775,346.5,33.6,Low
CLM0002000,0.2453,0.4518,0.4775,585.71,35.7,Low
CLM0002001,0.1351,0.3248,0.8025,7893.22,50.8,Medium
CLM0002002,0.1155,0.2802,0.64,382.96,37.5,Low
CLM0002003,0.181,0.294,0.64,712.68,38.2,Low
CLM0002004,0.5828,0.5151,0.3475,705.06,32.1,Low
CLM0002005,0.0747,0.2364,0.64,151.08,36.0,Low
CLM0002006,0.1985,0.3393,0.8025,5160.56,49.5,Medium
CLM0002007,0.1122,0.2753,0.5425,1947.71,34.5,Low
CLM0002008,0.1181,0.1855,0.64,99.96,34.4,Low
CLM0002009,0.3096,0.4219,0.4775,928.14,35.1,Low
CLM0002010,0.2415,0.486,0.4775,2600.27,38.8,Low
CLM0002011,0.2967,0.3962,0.38,328.8,29.4,Low
CLM0002012,0.3017,0.4345,0.38,1352.31,31.9,Low
CLM0002013,0.4372,0.5432,0.64,4661.09,48.7,Medium
CLM0002014,0.0959,0.3276,0.64,325.48,38.9,Low
CLM0002015,0.2025,0.3563,0.9,10637.23,57.1,Medium
CLM0002016,0.2168,0.1938,0.64,94.96,34.7,Low
CLM0002017,0.2907,0.4101,0.38,1242.2,31.0,Low
CLM0002018,0.2624,0.4836,0.4775,1283.66,37.3,Low
CLM0002019,0.118,0.2023,0.64,392.29,35.2,Low
CLM0002020,0.136,0.2147,0.64,57.64,35.3,Low
CLM0002021,0.1165,0.2223,0.8025,17112.31,53.4,Medium
CLM0002022,0.2726,0.4026,0.4775,1604.05,35.2,Low
CLM0002023,0.2579,0.4723,0.38,1599.89,33.4,Low
CLM0002024,0.1429,0.3241,0.64,2744.81,40.7,Medium
CLM0002025,0.1266,0.1786,0.64,192.99,34.3,Low
CLM0002026,0.5766,0.4072,0.51,2538.13,37.7,Low
CLM0002027,0.2515,0.4195,0.64,1522.96,42.6,Medium
CLM0002028,0.0715,0.2091,0.5425,649.01,31.3,Low
CLM0002029,0.1789,0.3534,0.64,549.56,39.8,Low
CLM0002030,0.2511,0.3079,0.64,1372.22,39.1,Low
CLM0002031,0.6297,0.588,0.3475,394.07,33.8,Low
CLM0002032,0.0926,0.2346,0.5425,2309.24,33.6,Low
CLM0002033,0.1062,0.2612,0.64,811.49,37.3,Low
CLM0002034,0.1923,0.3064,0.5425,1295.57,34.8,Low
CLM0002035,0.1849,0.3235,0.64,402.86,38.8,Low
CLM0002036,0.2496,0.5135,0.7375,15620.39,59.2,Medium
CLM0002037,0.5816,0.6501,0.25,278.88,31.3,Low
CLM0002038,0.4974,0.3884,0.77,6088.84,50.3,Medium
CLM0002039,0.1939,0.3759,0.64,192.68,40.2,Medium
CLM0002040,0.6005,0.4547,0.3475,1233.04,31.1,Low
CLM0002041,0.4459,0.5132,0.64,5058.3,48.1,Medium
CLM0002042,0.1239,0.2465,0.8025,20172.38,56.1,Medium
CLM0002043,0.1418,0.2237,0.64,502.36,35.9,Low
CLM0002044,0.2306,0.4037,0.4775,1850.59,35.5,Low
CLM0002045,0.5847,0.6464,0.51,5612.02,47.8,Medium
CLM0002046,0.1452,0.3558,0.5425,1344.24,36.3,Low
CLM0002047,0.5549,0.4407,0.6725,4944.52,47.2,Medium
CLM0002048,0.6317,0.5577,0.25,1218.9,30.4,Low
CLM0002049,0.149,0.317,0.64,68.22,38.4,Low
CLM0002050,0.2425,0.4616,0.4775,2459.67,37.9,Low
CLM0002051,0.5766,0.4412,0.77,14172.84,57.1,Medium
CLM0002052,0.6478,0.5849,0.25,629.8,30.1,Low
CLM0002053,0.2474,0.4235,0.38,762.69,30.8,Low
CLM0002054,0.6032,0.6815,0.3475,403.51,36.7,Low
CLM0002055,0.2405,0.4509,0.38,583.95,31.4,Low
CLM0002056,0.1126,0.201,0.64,62.09,34.9,Low
CLM0002057,0.2661,0.4991,0.4775,1003.28,37.5,Low
CLM0002058,0.1156,0.1584,0.5425,1134.2,30.2,Low
CLM0002059,0.1628,0.1869,0.9,5570.37,49.2,Medium
CLM0002060,0.0612,0.2036,0.64,2056.03,36.5,Low
CLM0002061,0.0754,0.1819,0.64,288.72,34.5,Low
CLM0002062,0.2347,0.5325,0.7375,6296.94,53.4,Medium
CLM0002063,0.0914,0.1544,0.64,116.11,33.5,Low
CLM0002064,0.0945,0.1487,0.64,151.16,33.4,Low
CLM0002065,0.2417,0.4823,0.64,175.09,43.4,Medium
CLM0002066,0.6163,0.5538,0.3475,1067.0,33.8,Low
CLM0002067,0.2437,0.3752,0.4775,666.48,33.4,Low
CLM0002068,0.6327,0.7307,0.6075,19731.81,65.5,Medium
CLM0002069,0.0602,0.1115,0.64,158.33,32.3,Low
CLM0002070,0.1849,0.272,0.64,1263.01,37.9,Low
CLM0002071,0.4851,0.3794,0.4125,1622.21,31.9,Low
CLM0002072,0.1455,0.2054,0.64,1490.96,36.1,Low
CLM0002073,0.0757,0.1193,0.64,190.12,32.5,Low
CLM0002074,0.2696,0.3558,0.64,2363.94,41.3,Medium
CLM0002075,0.1217,0.3159,0.64,286.44,38.5,Low
CLM0002076,0.1812,0.3147,0.64,558.06,38.7,Low
CLM0002077,0.0757,0.2186,0.64,28.79,35.4,Low
CLM0002078,0.5709,0.4396,0.6725,7539.45,49.1,Medium
CLM0002079,0.1634,0.2549,0.64,655.62,37.0,Low
CLM0002080,0.1019,0.206,0.64,890.2,35.7,Low
CLM0002081,0.2945,0.4857,0.4775,1120.53,37.2,Low
CLM0002082,0.2622,0.3961,0.4775,1626.96,35.1,Low
CLM0002083,0.2825,0.4672,0.4775,393.89,35.9,Low
CLM0002084,0.2902,0.4446,0.64,6943.08,47.6,Medium
CLM0002085,0.7544,0.6349,0.6075,3636.96,49.4,Medium
CLM0002086,0.1275,0.1851,0.64,1082.89,35.2,Low
CLM0002087,0.6666,0.4568,0.4125,1727.58,34.4,Low
CLM0002088,0.0869,0.2234,0.8025,9444.87,48.7,Medium
CLM0002089,0.2509,0.3891,0.5425,833.09,36.9,Low
CLM0002090,0.5725,0.6256,0.6075,12661.61,56.5,Medium
CLM0002091,0.2739,0.3986,0.4775,2205.85,35.8,Low
CLM0002092,0.1152,0.2453,0.5425,513.93,32.2,Low
CLM0002093,0.5622,0.4844,0.4125,378.07,33.6,Low
CLM0002094,0.5784,0.5653,0.3475,1088.06,34.2,Low
CLM0002095,0.0812,0.2419,0.64,198.69,36.2,Low
CLM0002096,0.1343,0.3208,0.5425,494.73,34.5,Low
CLM0002097,0.2189,0.3286,0.64,239.99,38.8,Low
CLM0002098,0.2791,0.3885,0.38,1008.84,30.1,Low
CLM0002099,0.217,0.324,0.5425,1244.19,35.3,Low
CLM0002100,0.5857,0.5654,0.3475,480.39,33.3,Low
CLM0002101,0.2232,0.5085,0.5425,1054.78,40.6,Medium
CLM0002102,0.4186,0.5865,0.64,8091.05,52.7,Medium
CLM0002103,0.2004,0.3424,0.9,5689.93,53.9,Medium
CLM0002104,0.2328,0.3966,0.4775,1838.25,35.3,Low
CLM0002105,0.5632,0.3847,0.51,1001.16,35.5,Low
CLM0002106,0.2636,0.296,0.64,1138.59,38.6,Low
CLM0002107,0.2357,0.3965,0.4775,346.55,33.7,Low
CLM0002108,0.105,0.2299,0.64,1633.48,37.0,Low
CLM0002109,0.2949,0.5689,0.64,14333.56,57.1,Medium
CLM0002110,0.6203,0.4897,0.25,1180.54,28.3,Low
CLM0002111,0.1586,0.2883,0.64,539.2,37.9,Low
CLM0002112,0.6061,0.501,0.51,1268.29,39.2,Low
CLM0002113,0.5844,0.5945,0.3475,1583.61,35.7,Low
CLM0002114,0.1243,0.3391,0.5425,2793.65,37.2,Low
CLM0002115,0.2378,0.4316,0.4775,938.09,35.4,Low
CLM0002116,0.2248,0.36,0.64,2461.36,41.5,Medium
CLM0002117,0.2552,0.4707,0.38,1420.76,33.1,Low
CLM0002118,0.1855,0.4361,0.64,153.58,42.0,Medium
CLM0002119,0.0545,0.1882,0.64,62.37,34.5,Low
CLM0002120,0.206,0.4019,0.64,3503.84,43.6,Medium
CLM0002121,0.2433,0.4531,0.38,1230.1,32.3,Low
CLM0002122,0.1392,0.3009,0.5425,2338.34,35.6,Low
CLM0002123,0.6197,0.6985,0.25,367.98,32.9,Low
CLM0002124,0.2664,0.3249,0.8025,5297.92,49.2,Medium
CLM0002125,0.0988,0.2588,0.64,2899.95,38.8,Low
CLM0002126,0.2374,0.3058,0.5425,763.91,34.3,Low
CLM0002127,0.2733,0.4733,0.38,1029.66,32.7,Low
CLM0002128,0.2649,0.4314,0.4775,1838.7,36.4,Low
CLM0002129,0.6139,0.5175,0.25,1159.29,29.1,Low
CLM0002130,0.2146,0.4066,0.64,1926.15,42.5,Medium
CLM0002131,0.2817,0.4604,0.4775,1939.75,37.3,Low
CLM0002132,0.6265,0.577,0.3475,1377.71,34.9,Low
CLM0002133,0.3121,0.4522,0.4775,842.85,35.9,Low
CLM0002134,0.2402,0.4101,0.38,668.15,30.3,Low
CLM0002135,0.2799,0.4445,0.4775,469.6,35.3,Low
CLM0002136,0.0598,0.2399,0.8025,25016.81,58.9,Medium
CLM0002137,0.0592,0.1862,0.5425,2075.68,31.9,Low
CLM0002138,0.2383,0.3843,0.4775,465.01,33.5,Low
CLM0002139,0.6336,0.5994,0.25,742.1,30.7,Low
CLM0002140,0.4304,0.4147,0.4125,766.41,31.9,Low
CLM0002141,0.2762,0.4202,0.4775,1056.08,35.2,Low
CLM0002142,0.2932,0.4983,0.7375,5568.33,51.9,Medium
CLM0002143,0.1325,0.2961,0.8025,8460.77,50.3,Medium
CLM0002144,0.2862,0.3439,0.64,317.36,39.4,Low
CLM0002145,0.4243,0.2525,0.4125,1036.96,27.4,Low
CLM0002146,0.1193,0.1159,0.64,1005.2,33.1,Low
CLM0002147,0.7606,0.6121,0.3475,1876.12,36.7,Low
CLM0002148,0.117,0.3343,0.64,294.76,39.1,Low
CLM0002149,0.2506,0.3812,0.5425,2627.79,38.3,Low
CLM0002150,0.284,0.4986,0.7375,8036.44,53.6,Medium
CLM0002151,0.2328,0.3551,0.64,44.9,39.5,Low
CLM0002152,0.0775,0.1756,0.64,51.28,34.1,Low
CLM0002153,0.1041,0.2509,0.64,213.25,36.5,Low
CLM0002154,0.5842,0.4746,0.77,4604.12,51.9,Medium
CLM0002155,0.0765,0.1191,0.5425,2562.28,30.3,Low
CLM0002156,0.5987,0.6149,0.51,4919.6,46.2,Medium
CLM0002157,0.1443,0.2622,0.64,152.99,36.8,Low
CLM0002158,0.1277,0.1825,0.8025,9027.84,47.2,Medium
CLM0002159,0.1069,0.2718,0.64,293.59,37.2,Low
CLM0002160,0.5768,0.4513,0.25,509.18,25.8,Low
CLM0002161,0.5823,0.4903,0.51,285.25,37.9,Low
CLM0002162,0.2867,0.3691,0.7375,10974.24,51.7,Medium
CLM0002163,0.2793,0.3617,0.9,7374.56,55.4,Medium
CLM0002164,0.1094,0.3897,0.9,9242.75,57.3,Medium
CLM0002165,0.6292,0.5537,0.25,194.87,28.3,Low
CLM0002166,0.1054,0.3041,0.64,305.13,38.2,Low
CLM0002167,0.1836,0.3785,0.5425,1563.22,37.2,Low
CLM0002168,0.0831,0.1552,0.64,528.12,33.9,Low
CLM0002169,0.2833,0.5212,0.9,15926.98,65.0,Medium
CLM0002170,0.64,0.6257,0.25,494.92,31.0,Low
CLM0002171,0.5875,0.4788,0.25,432.87,26.5,Low
CLM0002172,0.271,0.3781,0.38,930.4,29.7,Low
CLM0002173,0.3889,0.5335,0.4775,2003.85,39.6,Low
CLM0002174,0.2049,0.3852,0.9,8757.94,56.9,Medium
CLM0002175,0.5759,0.4951,0.3475,602.57,31.4,Low
CLM0002176,0.3022,0.4369,0.38,1923.69,32.7,Low
CLM0002177,0.2271,0.3363,0.8025,6509.94,50.3,Medium
CLM0002178,0.131,0.1078,0.64,108.49,32.1,Low
CLM0002179,0.2962,0.485,0.7375,17552.29,59.6,Medium
CLM0002180,0.111,0.1104,0.64,153.22,32.2,Low
CLM0002181,0.1348,0.2208,0.9,10628.48,53.0,Medium
CLM0002182,0.1006,0.1703,0.64,2813.39,36.1,Low
CLM0002183,0.1169,0.1252,0.64,239.67,32.7,Low
CLM0002184,0.5709,0.4698,0.3475,396.75,30.3,Low
CLM0002185,0.2783,0.4133,0.7375,7265.53,50.5,Medium
CLM0002186,0.1702,0.2431,0.5425,1001.37,32.6,Low
CLM0002187,0.2207,0.2582,0.5425,2160.59,34.1,Low
CLM0002188,0.2714,0.3283,0.64,4034.0,41.8,Medium
CLM0002189,0.2579,0.3253,0.64,613.25,39.0,Low
CLM0002190,0.2358,0.3717,0.5425,505.01,36.0,Low
CLM0002191,0.3068,0.3212,0.64,343.46,38.7,Low
CLM0002192,0.2992,0.4791,0.38,504.14,32.1,Low
CLM0002193,0.2735,0.3416,0.5425,427.13,35.1,Low
CLM0002194,0.2528,0.4222,0.38,431.54,30.3,Low
CLM0002195,0.5765,0.4147,0.4125,816.52,32.0,Low
CLM0002196,0.1857,0.3433,0.64,2184.91,40.8,Medium
CLM0002197,0.2676,0.4047,0.64,4061.55,44.1,Medium
CLM0002198,0.1062,0.2198,0.64,73.05,35.5,Low
CLM0002199,0.2697,0.5025,0.38,1923.63,34.7,Low
CLM0002200,0.1633,0.2847,0.4775,605.14,30.7,Low
CLM0002201,0.3645,0.4422,0.64,3001.76,44.4,Medium
CLM0002202,0.4836,0.3314,0.51,2369.3,35.2,Low
CLM0002203,0.0666,0.1957,0.5425,1383.01,31.6,Low
CLM0002204,0.0859,0.2324,0.64,484.69,36.2,Low
CLM0002205,0.0868,0.1731,0.64,519.17,34.4,Low
CLM0002206,0.2762,0.3683,0.4775,1066.93,33.7,Low
CLM0002207,0.1031,0.2127,0.64,1121.88,36.1,Low
CLM0002208,0.2087,0.4006,0.64,3385.06,43.5,Medium
CLM0002209,0.2274,0.2926,0.64,1924.66,39.1,Low
CLM0002210,0.2607,0.5104,0.38,1854.24,34.9,Low
CLM0002211,0.2696,0.3718,0.4775,1186.46,33.9,Low
CLM0002212,0.1585,0.3238,0.64,3439.19,41.2,Medium
CLM0002213,0.2434,0.5106,0.4775,1059.31,37.9,Low
CLM0002214,0.1455,0.2151,0.64,174.73,35.4,Low
CLM0002215,0.2354,0.423,0.38,216.9,30.1,Low
CLM0002216,0.6041,0.4988,0.3475,1557.44,32.8,Low
CLM0002217,0.4018,0.3221,0.64,100.14,38.5,Low
CLM0002218,0.5978,0.6205,0.3475,579.65,35.1,Low
CLM0002219,0.6245,0.5028,0.25,646.32,27.6,Low
CLM0002220,0.2122,0.2799,0.5425,3208.45,35.8,Low
CLM0002221,0.1502,0.3192,0.64,183.81,38.5,Low
CLM0002222,0.5782,0.4232,0.4125,509.14,31.9,Low
CLM0002223,0.2665,0.439,0.5425,1726.93,39.2,Low
CLM0002224,0.1275,0.2585,0.64,1160.45,37.5,Low
CLM0002225,0.2839,0.3971,0.4775,2354.2,35.9,Low
CLM0002226,0.2401,0.3261,0.64,683.58,39.1,Low
CLM0002227,0.6472,0.5432,0.25,148.4,27.8,Low
CLM0002228,0.6238,0.586,0.3475,817.07,34.4,Low
CLM0002229,0.1311,0.1175,0.5425,1530.79,29.3,Low
CLM0002230,0.0664,0.2169,0.5425,1249.44,32.1,Low
CLM0002231,0.0986,0.2031,0.5425,2367.72,32.7,Low
CLM0002232,0.249,0.4255,0.8025,6470.2,52.9,Medium
CLM0002233,0.5111,0.4675,0.51,634.52,37.6,Low
CLM0002234,0.0727,0.2246,0.9,5637.89,50.4,Medium
CLM0002235,0.3729,0.6113,0.9,10796.24,64.8,Medium
CLM0002236,0.1623,0.2062,0.64,219.64,35.2,Low
CLM0002237,0.2468,0.4601,0.38,1229.68,32.5,Low
CLM0002238,0.2382,0.4805,0.64,14509.24,54.6,Medium
CLM0002239,0.2534,0.3566,0.38,1367.57,29.6,Low
CLM0002240,0.347,0.3898,0.64,1246.23,41.5,Medium
CLM0002241,0.29,0.3714,0.38,1548.21,30.3,Low
CLM0002242,0.1142,0.1654,0.64,348.77,34.0,Low
CLM0002243,0.6279,0.5893,0.3475,139.4,33.5,Low
CLM0002244,0.1714,0.2765,0.64,497.65,37.5,Low
CLM0002245,0.0807,0.1666,0.8025,25410.44,56.9,Medium
CLM0002246,0.0922,0.1363,0.64,3189.51,35.4,Low
CLM0002247,0.1318,0.3706,0.64,355.54,40.2,Medium
CLM0002248,0.1966,0.2782,0.64,1902.16,38.6,Low
CLM0002249,0.09,0.2039,0.64,425.3,35.2,Low
CLM0002250,0.6362,0.5382,0.3475,1206.7,33.5,Low
CLM0002251,0.2537,0.3907,0.64,3205.13,43.0,Medium
CLM0002252,0.1058,0.3035,0.64,301.18,38.1,Low
CLM0002253,0.2489,0.4524,0.64,5728.68,46.8,Medium
CLM0002254,0.5785,0.5312,0.6725,5967.01,50.6,Medium
CLM0002255,0.2365,0.47,0.7375,5493.95,51.0,Medium
CLM0002256,0.4736,0.4338,0.4125,911.84,32.7,Low
CLM0002257,0.2456,0.4852,0.64,10500.51,51.6,Medium
CLM0002258,0.5993,0.4996,0.6075,7903.2,48.8,Medium
CLM0002259,0.076,0.1382,0.8025,9870.32,46.4,Medium
CLM0002260,0.1336,0.2889,0.64,2909.63,39.7,Low
CLM0002261,0.2531,0.3718,0.4775,2094.7,34.8,Low
CLM0002262,0.6908,0.5614,0.77,5247.15,54.9,Medium
CLM0002263,0.1351,0.1829,0.64,743.74,34.9,Low
CLM0002264,0.0798,0.258,0.5425,963.06,33.0,Low
CLM0002265,0.7913,0.5704,0.3475,1763.23,35.3,Low
CLM0002266,0.1089,0.1763,0.5425,1884.12,31.4,Low
CLM0002267,0.279,0.3478,0.5425,891.75,35.7,Low
CLM0002268,0.0999,0.2314,0.64,5.73,35.7,Low
CLM0002269,0.1968,0.2331,0.64,406.8,36.1,Low
CLM0002270,0.2949,0.4677,0.4775,417.56,36.0,Low
CLM0002271,0.543,0.4479,0.51,1050.83,37.4,Low
CLM0002272,0.117,0.1858,0.64,377.29,34.7,Low
CLM0002273,0.4138,0.2524,0.6725,7237.77,43.2,Medium
CLM0002274,0.4094,0.5587,0.4775,1527.47,39.8,Low
CLM0002275,0.1146,0.3243,0.9,28788.7,66.2,Medium
CLM0002276,0.2022,0.2607,0.64,723.83,37.2,Low
CLM0002277,0.6149,0.5165,0.3475,1786.18,33.7,Low
CLM0002278,0.5889,0.5524,0.6075,20085.62,60.4,Medium
CLM0002279,0.0983,0.2054,0.5425,1413.89,31.9,Low
CLM0002280,0.1353,0.2757,0.64,130.78,37.2,Low
CLM0002281,0.5427,0.3707,0.51,721.08,34.8,Low
CLM0002282,0.1776,0.3508,0.64,1302.56,40.3,Medium
CLM0002283,0.5936,0.5389,0.51,7856.79,46.8,Medium
CLM0002284,0.5925,0.4652,0.3475,1533.33,31.8,Low
CLM0002285,0.1186,0.2409,0.64,220.23,36.2,Low
CLM0002286,0.125,0.2243,0.64,1247.9,36.5,Low
CLM0002287,0.244,0.4808,0.38,687.02,32.4,Low
CLM0002288,0.2301,0.2749,0.5425,522.02,33.1,Low
CLM0002289,0.5689,0.4881,0.51,735.46,38.3,Low
CLM0002290,0.2407,0.4022,0.4775,671.76,34.3,Low
CLM0002291,0.4191,0.4632,0.4775,943.72,36.4,Low
CLM0002292,0.2629,0.4555,0.7375,22531.79,62.1,Medium
CLM0002293,0.5652,0.4451,0.51,1465.36,37.7,Low
CLM0002294,0.2888,0.4001,0.7375,7431.49,50.2,Medium
CLM0002295,0.0559,0.1398,0.64,622.22,33.5,Low
CLM0002296,0.0914,0.1048,0.5425,897.18,28.4,Low
CLM0002297,0.2259,0.3859,0.38,953.14,29.9,Low
CLM0002298,0.6047,0.467,0.6075,8086.55,48.0,Medium
CLM0002299,0.1182,0.2611,0.64,607.31,37.1,Low
CLM0002300,0.5479,0.4959,0.3475,1326.82,32.4,Low
CLM0002301,0.1005,0.1795,0.9,6296.84,49.4,Medium
CLM0002302,0.6055,0.5076,0.25,1274.55,29.0,Low
CLM0002303,0.2531,0.4308,0.9,20762.57,65.0,Medium
CLM0002304,0.2337,0.3083,0.64,3091.43,40.5,Medium
CLM0002305,0.1728,0.3375,0.64,106.55,39.0,Low
CLM0002306,0.7622,0.5731,0.3475,574.24,33.7,Low
CLM0002307,0.1025,0.1703,0.64,72.98,34.0,Low
CLM0002308,0.2438,0.5025,0.4775,563.29,37.2,Low
CLM0002309,0.2085,0.3447,0.5425,2303.1,36.9,Low
CLM0002310,0.1272,0.217,0.5425,1737.64,32.5,Low
CLM0002311,0.2492,0.4128,0.4775,2123.63,36.1,Low
CLM0002312,0.1034,0.2194,0.64,800.2,36.0,Low
CLM0002313,0.2338,0.4913,0.64,962.5,44.3,Medium
CLM0002314,0.0769,0.1573,0.64,476.67,33.9,Low
CLM0002315,0.6418,0.5701,0.3475,1509.36,34.9,Low
CLM0002316,0.1136,0.2771,0.9,29414.23,65.2,Medium
CLM0002317,0.154,0.2328,0.64,265.31,36.0,Low
CLM0002318,0.2268,0.4014,0.38,716.81,30.1,Low
CLM0002319,0.2378,0.4665,0.4775,527.66,36.0,Low
CLM0002320,0.2482,0.3593,0.64,17.75,39.6,Low
CLM0002321,0.1244,0.1733,0.64,130.97,34.1,Low
CLM0002322,0.1442,0.2557,0.64,18.94,36.5,Low
CLM0002323,0.5864,0.4714,0.25,250.15,25.9,Low
CLM0002324,0.2775,0.4853,0.4775,964.06,37.1,Low
CLM0002325,0.1098,0.1169,0.5425,2878.04,30.6,Low
CLM0002326,0.6395,0.492,0.25,1035.47,28.1,Low
CLM0002327,0.2912,0.4018,0.4775,871.27,34.5,Low
CLM0002328,0.2143,0.2976,0.5425,2131.79,35.3,Low
CLM0002329,0.1132,0.2181,0.5425,916.2,31.8,Low
CLM0002330,0.3984,0.4733,0.9,15822.5,63.5,Medium
CLM0002331,0.2904,0.4094,0.38,1262.0,31.0,Low
CLM0002332,0.1433,0.2295,0.64,180.52,35.8,Low
CLM0002333,0.1543,0.2003,0.64,7.3,34.8,Low
CLM0002334,0.1205,0.2359,0.64,48.49,35.9,Low
CLM0002335,0.0692,0.2409,0.64,66.37,36.1,Low
CLM0002336,0.2514,0.4241,0.64,23.39,41.5,Medium
CLM0002337,0.1139,0.1602,0.64,702.73,34.2,Low
CLM0002338,0.0864,0.2156,0.64,606.02,35.7,Low
CLM0002339,0.1362,0.2555,0.64,210.47,36.6,Low
CLM0002340,0.2386,0.4228,0.4775,631.66,34.8,Low
CLM0002341,0.6447,0.5877,0.51,10694.74,51.1,Medium
CLM0002342,0.2263,0.3182,0.64,1069.84,39.2,Low
CLM0002343,0.5901,0.5628,0.3475,1254.62,34.3,Low
CLM0002344,0.1772,0.3051,0.9,5139.02,52.5,Medium
CLM0002345,0.4364,0.5529,0.4775,1868.94,40.0,Low
CLM0002346,0.2008,0.2843,0.4775,964.83,31.0,Low
CLM0002347,0.1629,0.216,0.64,2877.82,37.5,Low
CLM0002348,0.2048,0.3559,0.5425,757.38,35.8,Low
CLM0002349,0.6207,0.5146,0.25,408.41,27.5,Low
CLM0002350,0.1503,0.3611,0.64,79.92,39.7,Low
CLM0002351,0.2495,0.4862,0.38,911.61,32.9,Low
CLM0002352,0.1555,0.1369,0.64,35.37,32.9,Low
CLM0002353,0.1769,0.2602,0.64,2447.8,38.5,Low
CLM0002354,0.1655,0.2834,0.64,512.68,37.7,Low
CLM0002355,0.2262,0.4612,0.64,3374.07,45.3,Medium
CLM0002356,0.2156,0.3085,0.8025,19120.33,57.3,Medium
CLM0002357,0.307,0.3562,0.38,972.92,29.1,Low
CLM0002358,0.1808,0.2276,0.64,22.4,35.6,Low
CLM0002359,0.4489,0.2876,0.4125,1438.17,28.9,Low
CLM0002360,0.1278,0.1235,0.64,51.28,32.5,Low
CLM0002361,0.2378,0.4508,0.9,11064.63,60.2,Medium
CLM0002362,0.2606,0.4592,0.38,1768.04,33.2,Low
CLM0002363,0.2842,0.5167,0.4775,1518.12,38.6,Low
CLM0002364,0.6394,0.5812,0.3475,302.21,33.5,Low
CLM0002365,0.2178,0.3308,0.64,1150.81,39.6,Low
CLM0002366,0.2465,0.2708,0.9,6420.26,52.2,Medium
CLM0002367,0.6027,0.4846,0.25,298.54,26.4,Low
CLM0002368,0.5897,0.4703,0.3475,410.03,30.3,Low
CLM0002369,0.234,0.3566,0.64,535.01,39.9,Low
CLM0002370,0.1719,0.2387,0.64,79.87,36.0,Low
CLM0002371,0.4671,0.2009,0.4125,1378.61,26.3,Low
CLM0002372,0.2087,0.2663,0.9,6682.9,52.2,Medium
CLM0002373,0.2154,0.3012,0.5425,443.92,33.9,Low
CLM0002374,0.1536,0.3181,0.64,1656.92,39.6,Low
CLM0002375,0.2438,0.3145,0.64,3401.32,40.9,Medium
CLM0002376,0.4949,0.4067,0.4125,872.96,31.8,Low
CLM0002377,0.1046,0.228,0.5425,482.77,31.7,Low
CLM0002378,0.2003,0.3323,0.64,145.79,38.9,Low
CLM0002379,0.6482,0.6483,0.3475,1159.04,36.8,Low
CLM0002380,0.6043,0.4908,0.25,495.36,27.0,Low
CLM0002381,0.0689,0.1238,0.8025,5469.66,43.2,Medium
CLM0002382,0.1718,0.3104,0.64,217.56,38.3,Low
CLM0002383,0.5541,0.602,0.51,439.13,41.4,Medium
CLM0002384,0.1056,0.2899,0.64,463.66,37.9,Low
CLM0002385,0.1206,0.2768,0.64,58.2,37.1,Low
CLM0002386,0.1203,0.2453,0.64,79.04,36.2,Low
CLM0002387,0.5504,0.4957,0.6725,11364.78,53.6,Medium
CLM0002388,0.2575,0.5042,0.4775,479.1,37.1,Low
CLM0002389,0.7443,0.7606,0.25,897.16,35.9,Low
CLM0002390,0.1133,0.1174,0.8025,5204.48,42.9,Medium
CLM0002391,0.4119,0.5038,0.38,1010.34,33.5,Low
CLM0002392,0.6334,0.5794,0.3475,1784.85,35.6,Low
CLM0002393,0.5972,0.4981,0.25,793.14,27.8,Low
CLM0002394,0.401,0.2924,0.4125,712.53,28.2,Low
CLM0002395,0.1401,0.3017,0.5425,1624.36,35.0,Low
CLM0002396,0.6357,0.4347,0.25,1095.23,26.5,Low
CLM0002397,0.2779,0.4941,0.4775,529.45,36.9,Low
CLM0002398,0.1948,0.2537,0.64,1274.62,37.4,Low
CLM0002399,0.3546,0.3209,0.8025,5920.56,49.4,Medium
CLM0002400,0.1163,0.2289,0.64,103.33,35.7,Low
CLM0002401,0.6449,0.5077,0.25,220.57,26.9,Low
CLM0002402,0.1465,0.2827,0.5425,1965.92,34.7,Low
CLM0002403,0.1235,0.2301,0.64,184.56,35.8,Low
CLM0002404,0.1238,0.3151,0.64,2447.32,40.2,Medium
CLM0002405,0.249,0.3894,0.4775,852.76,34.1,Low
CLM0002406,0.1152,0.1202,0.64,275.48,32.6,Low
CLM0002407,0.1975,0.3668,0.9,5475.88,54.5,Medium
CLM0002408,0.1624,0.1799,0.64,650.6,34.7,Low
CLM0002409,0.2282,0.2974,0.64,91.35,37.8,Low
CLM0002410,0.2327,0.2942,0.8025,5083.01,48.1,Medium
CLM0002411,0.7226,0.7508,0.6075,4377.99,53.5,Medium
CLM0002412,0.5576,0.4228,0.77,4297.44,50.1,Medium
CLM0002413,0.2434,0.3562,0.64,85.52,39.6,Low
CLM0002414,0.4973,0.3001,0.77,5944.24,47.5,Medium
CLM0002415,0.2898,0.3846,0.4775,1839.01,35.0,Low
CLM0002416,0.5695,0.4452,0.25,155.71,24.9,Low
CLM0002417,0.2359,0.3884,0.4775,449.88,33.6,Low
CLM0002418,0.6143,0.4984,0.3475,283.26,31.0,Low
CLM0002419,0.1169,0.2001,0.64,1287.11,35.8,Low
CLM0002420,0.6121,0.5172,0.25,876.48,28.5,Low
CLM0002421,0.6107,0.4945,0.3475,833.09,31.7,Low
CLM0002422,0.1385,0.2238,0.5425,1899.0,32.9,Low
CLM0002423,0.0848,0.2343,0.5425,896.4,32.3,Low
CLM0002424,0.14,0.3243,0.64,645.59,39.0,Low
CLM0002425,0.2489,0.2511,0.9,5074.09,50.9,Medium
CLM0002426,0.2845,0.4995,0.4775,2665.02,39.3,Low
CLM0002427,0.1356,0.2431,0.5425,966.63,32.6,Low
CLM0002428,0.298,0.4084,0.64,3675.42,43.9,Medium
CLM0002429,0.1435,0.1837,0.64,543.67,34.7,Low
CLM0002430,0.597,0.5668,0.3475,718.03,33.7,Low
CLM0002431,0.2974,0.4758,0.4775,484.03,36.3,Low
CLM0002432,0.2732,0.4975,0.4775,962.11,37.4,Low
CLM0002433,0.1,0.2597,0.64,1026.65,37.4,Low
CLM0002434,0.2536,0.3505,0.4775,1440.36,33.5,Low
CLM0002435,0.6268,0.5149,0.3475,238.33,31.4,Low
CLM0002436,0.2953,0.5078,0.38,1692.55,34.6,Low
CLM0002437,0.1276,0.2773,0.64,301.7,37.4,Low
CLM0002438,0.1753,0.264,0.64,379.54,37.0,Low
CLM0002439,0.184,0.3289,0.64,213.08,38.8,Low
CLM0002440,0.1396,0.1424,0.5425,2549.07,31.0,Low
CLM0002441,0.2284,0.3146,0.38,203.97,26.8,Low
CLM0002442,0.264,0.471,0.7375,8621.21,53.2,Medium
CLM0002443,0.4807,0.341,0.51,672.19,33.8,Low
CLM0002444,0.2655,0.4521,0.4775,1581.64,36.7,Low
CLM0002445,0.0674,0.3236,0.64,1953.82,40.0,Low
CLM0002446,0.2137,0.2504,0.5425,879.35,32.7,Low
CLM0002447,0.2712,0.458,0.38,196.13,31.1,Low
CLM0002448,0.1099,0.1325,0.64,94.07,32.8,Low
CLM0002449,0.5482,0.345,0.51,255.62,33.6,Low
CLM0002450,0.2991,0.4817,0.38,1584.86,33.6,Low
CLM0002451,0.3819,0.4047,0.64,381.49,41.2,Medium
CLM0002452,0.1921,0.2366,0.64,215.39,36.1,Low
CLM0002453,0.0995,0.1669,0.5425,1431.35,30.7,Low
CLM0002454,0.6077,0.557,0.6075,5942.16,48.9,Medium
CLM0002455,0.1276,0.3294,0.64,3478.26,41.4,Medium
CLM0002456,0.068,0.2278,0.64,26.05,35.7,Low
CLM0002457,0.2467,0.3068,0.64,1646.07,39.3,Low
CLM0002458,0.1227,0.2299,0.64,144.79,35.8,Low
CLM0002459,0.2555,0.4097,0.4775,1606.41,35.5,Low
CLM0002460,0.2696,0.5056,0.38,505.3,32.9,Low
CLM0002461,0.2916,0.3923,0.4775,212.49,33.5,Low
CLM0002462,0.3033,0.4317,0.4775,579.06,35.0,Low
CLM0002463,0.2992,0.4727,0.4775,2135.95,37.9,Low
CLM0002464,0.506,0.4946,0.4125,2175.07,36.0,Low
CLM0002465,0.4119,0.2629,0.51,1919.07,32.7,Low
CLM0002466,0.1143,0.1327,0.8025,9447.33,46.0,Medium
CLM0002467,0.0734,0.1979,0.64,547.32,35.2,Low
CLM0002468,0.1429,0.191,0.64,2600.77,36.6,Low
CLM0002469,0.2109,0.406,0.7375,9067.11,51.5,Medium
CLM0002470,0.4896,0.3652,0.51,2661.0,36.5,Low
CLM0002471,0.1022,0.2349,0.64,137.7,36.0,Low
CLM0002472,0.2718,0.4059,0.4775,1869.47,35.6,Low
CLM0002473,0.5469,0.3417,0.4125,908.27,29.9,Low
CLM0002474,0.3504,0.4166,0.64,119.37,41.4,Medium
CLM0002475,0.2464,0.2834,0.64,180.72,37.4,Low
CLM0002476,0.3095,0.4142,0.7375,6191.91,49.8,Medium
CLM0002477,0.1806,0.3825,0.64,618.0,40.8,Medium
CLM0002478,0.2511,0.4787,0.4775,1688.48,37.6,Low
CLM0002479,0.6465,0.4941,0.3475,348.67,31.0,Low
CLM0002480,0.5015,0.419,0.51,990.18,36.5,Low
CLM0002481,0.5714,0.4635,0.25,927.38,27.0,Low
CLM0002482,0.1041,0.1348,0.64,1095.3,33.7,Low
CLM0002483,0.6279,0.4864,0.25,439.59,26.7,Low
CLM0002484,0.2739,0.4825,0.4775,951.69,37.0,Low
CLM0002485,0.1233,0.2536,0.64,782.41,37.0,Low
CLM0002486,0.086,0.1281,0.5425,1747.11,29.9,Low
CLM0002487,0.0616,0.1451,0.64,113.64,33.2,Low
CLM0002488,0.2544,0.4531,0.4775,905.33,36.0,Low
CLM0002489,0.1256,0.3141,0.64,868.52,38.9,Low
CLM0002490,0.1913,0.3361,0.64,3683.67,41.8,Medium
CLM0002491,0.1537,0.2811,0.8025,14405.7,53.5,Medium
CLM0002492,0.5732,0.3502,0.51,255.14,33.7,Low
CLM0002493,0.1659,0.3525,0.64,1010.31,40.2,Medium
CLM0002494,0.2027,0.3095,0.64,1910.49,39.6,Low
CLM0002495,0.2637,0.4574,0.4775,722.93,36.0,Low
CLM0002496,0.1528,0.2283,0.64,185.43,35.8,Low
CLM0002497,0.2613,0.4099,0.4775,1357.24,35.2,Low
CLM0002498,0.2264,0.4037,0.4775,1724.84,35.4,Low
CLM0002499,0.2575,0.419,0.38,522.77,30.4,Low
CLM0002500,0.6998,0.6731,0.4125,1503.33,40.6,Medium
CLM0002501,0.1781,0.2564,0.5425,2767.46,34.7,Low
CLM0002502,0.1699,0.2084,0.64,88.03,35.1,Low
CLM0002503,0.1111,0.1605,0.64,72.53,33.7,Low
CLM0002504,0.178,0.2416,0.64,2621.08,38.1,Low
CLM0002505,0.1618,0.2907,0.8025,30704.85,64.0,Medium
CLM0002506,0.2285,0.3304,0.9,5494.29,53.5,Medium
CLM0002507,0.1395,0.297,0.64,99.88,37.8,Low
CLM0002508,0.5794,0.5758,0.25,438.17,29.4,Low
CLM0002509,0.2681,0.3923,0.38,423.36,29.4,Low
CLM0002510,0.269,0.4936,0.7375,6287.07,52.3,Medium
CLM0002511,0.2604,0.4019,0.4775,1480.18,35.1,Low
CLM0002512,0.2619,0.3626,0.4775,1498.18,33.9,Low
CLM0002513,0.073,0.3035,0.64,47.6,37.9,Low
CLM0002514,0.6325,0.5579,0.25,784.38,29.6,Low
CLM0002515,0.2406,0.4067,0.5425,606.66,37.2,Low
CLM0002516,0.198,0.3296,0.64,72.71,38.7,Low
CLM0002517,0.5438,0.3766,0.51,2352.17,36.6,Low
CLM0002518,0.0968,0.189,0.5425,794.01,30.8,Low
CLM0002519,0.2778,0.3674,0.38,250.0,28.5,Low
CLM0002520,0.0767,0.2615,0.64,662.77,37.2,Low
CLM0002521,0.2593,0.4137,0.7375,7080.16,50.4,Medium
CLM0002522,0.6114,0.5355,0.3475,700.85,32.7,Low
CLM0002523,0.2378,0.275,0.9,15178.79,57.2,Medium
CLM0002524,0.4588,0.3493,0.51,831.8,34.2,Low
CLM0002525,0.2934,0.4025,0.38,640.93,30.0,Low
CLM0002526,0.5797,0.5449,0.3475,261.55,32.4,Low
CLM0002527,0.0771,0.1667,0.64,79.55,33.9,Low
CLM0002528,0.557,0.4632,0.51,2378.91,39.2,Low
CLM0002529,0.2056,0.2358,0.64,40.72,35.9,Low
CLM0002530,0.0729,0.249,0.64,935.07,37.0,Low
CLM0002531,0.0928,0.2371,0.64,914.41,36.6,Low
CLM0002532,0.2481,0.3101,0.64,1446.73,39.2,Low
CLM0002533,0.2521,0.5097,0.7375,10915.6,55.9,Medium
CLM0002534,0.5585,0.5069,0.6725,6183.94,50.1,Medium
CLM0002535,0.2241,0.2474,0.5425,607.14,32.4,Low
CLM0002536,0.4585,0.4282,0.4125,1029.39,32.7,Low
CLM0002537,0.6385,0.5943,0.6075,3599.26,48.1,Medium
CLM0002538,0.306,0.4825,0.4775,2160.82,38.2,Low
CLM0002539,0.0689,0.3231,0.9,5325.16,53.2,Medium
CLM0002540,0.2799,0.4478,0.38,330.24,31.0,Low
CLM0002541,0.2465,0.3951,0.38,330.2,29.4,Low
CLM0002542,0.2404,0.4019,0.64,219.15,41.0,Medium
CLM0002543,0.2061,0.3199,0.64,3406.77,41.1,Medium
CLM0002544,0.2512,0.4438,0.38,1499.71,32.4,Low
CLM0002545,0.2648,0.3865,0.4775,2297.56,35.5,Low
CLM0002546,0.1387,0.1875,0.64,1072.72,35.3,Low
CLM0002547,0.6364,0.5804,0.3475,1250.72,34.8,Low
CLM0002548,0.2572,0.5152,0.4775,657.86,37.6,Low
CLM0002549,0.0981,0.2433,0.5425,1770.8,33.3,Low
CLM0002550,0.449,0.3337,0.77,4946.84,47.9,Medium
CLM0002551,0.5584,0.3582,0.51,1447.34,35.1,Low
CLM0002552,0.2691,0.3667,0.4775,2400.13,35.0,Low
CLM0002553,0.1841,0.2322,0.64,229.59,35.9,Low
CLM0002554,0.1607,0.2151,0.64,0.39,35.3,Low
CLM0002555,0.1106,0.3144,0.64,37.05,38.3,Low
CLM0002556,0.409,0.3085,0.4125,1407.66,29.5,Low
CLM0002557,0.2024,0.3272,0.5425,1767.86,35.9,Low
CLM0002558,0.2532,0.4252,0.4775,805.08,35.1,Low
CLM0002559,0.1976,0.3949,0.8025,5816.19,51.6,Medium
CLM0002560,0.1673,0.3211,0.64,936.33,39.2,Low
CLM0002561,0.2535,0.3473,0.64,1735.51,40.6,Medium
CLM0002562,0.268,0.3263,0.4775,2559.77,34.0,Low
CLM0002563,0.2348,0.475,0.4775,2402.35,38.3,Low
CLM0002564,0.206,0.3605,0.5425,2739.96,37.8,Low
CLM0002565,0.1289,0.1856,0.64,1428.17,35.5,Low
CLM0002566,0.0788,0.1459,0.5425,2535.43,31.1,Low
CLM0002567,0.4561,0.3413,0.51,2261.19,35.4,Low
CLM0002568,0.1033,0.188,0.64,337.9,34.7,Low
CLM0002569,0.3955,0.4121,0.5425,896.3,37.6,Low
CLM0002570,0.431,0.5299,0.38,1770.49,35.3,Low
CLM0002571,0.1054,0.1794,0.64,78.11,34.2,Low
CLM0002572,0.2239,0.4781,0.64,3486.43,45.9,Medium
CLM0002573,0.2572,0.2866,0.64,536.76,37.8,Low
CLM0002574,0.5472,0.3698,0.77,6868.88,50.2,Medium
CLM0002575,0.5537,0.3822,0.6725,5819.79,46.1,Medium
CLM0002576,0.054,0.0908,0.64,46.34,31.6,Low
CLM0002577,0.2376,0.3898,0.7375,11044.14,52.4,Medium
CLM0002578,0.0973,0.2557,0.64,19.35,36.5,Low
CLM0002579,0.5735,0.6223,0.3475,700.03,35.3,Low
CLM0002580,0.3707,0.5295,0.38,1007.85,34.3,Low
CLM0002581,0.1376,0.1808,0.64,151.16,34.3,Low
CLM0002582,0.2951,0.4791,0.38,406.79,32.0,Low
CLM0002583,0.4144,0.2743,0.4125,1540.18,28.7,Low
CLM0002584,0.3967,0.5169,0.9,15143.85,64.4,Medium
CLM0002585,0.2564,0.4318,0.38,2021.58,32.7,Low
CLM0002586,0.6913,0.6948,0.51,1644.35,45.4,Medium
CLM0002587,0.5005,0.4283,0.4125,1222.47,32.9,Low
CLM0002588,0.4651,0.3509,0.4125,2000.91,31.5,Low
CLM0002589,0.171,0.3354,0.64,779.65,39.5,Low
CLM0002590,0.2451,0.4554,0.4775,840.09,36.0,Low
CLM0002591,0.6286,0.4992,0.6075,4002.17,45.6,Medium
CLM0002592,0.6185,0.4533,0.25,127.42,25.1,Low
CLM0002593,0.0966,0.2544,0.64,571.3,36.9,Low
CLM0002594,0.1017,0.2204,0.9,11089.62,53.3,Medium
CLM0002595,0.2545,0.5242,0.7375,23033.78,64.5,Medium
CLM0002596,0.6267,0.4739,0.3475,615.41,30.7,Low
CLM0002597,0.2029,0.4,0.5425,1701.8,38.0,Low
CLM0002598,0.0937,0.2606,0.64,2663.57,38.7,Low
CLM0002599,0.222,0.3964,0.64,886.66,41.4,Medium
CLM0002600,0.1,0.1809,0.64,1468.09,35.4,Low
CLM0002601,0.0661,0.1812,0.5425,1923.38,31.6,Low
CLM0002602,0.083,0.1635,0.64,289.89,33.9,Low
CLM0002603,0.638,0.5289,0.51,8641.15,47.3,Medium
CLM0002604,0.1271,0.2589,0.64,11.66,36.6,Low
CLM0002605,0.1763,0.3066,0.64,667.5,38.5,Low
CLM0002606,0.1633,0.1498,0.64,161.82,33.4,Low
CLM0002607,0.5787,0.6464,0.25,850.68,32.3,Low
CLM0002608,0.1238,0.1239,0.64,368.99,32.8,Low
CLM0002609,0.3029,0.6036,0.64,4231.39,50.2,Medium
CLM0002610,0.2602,0.2786,0.5425,731.76,33.4,Low
CLM0002611,0.2985,0.4767,0.4775,1221.32,37.1,Low
CLM0002612,0.1214,0.2159,0.64,150.85,35.4,Low
CLM0002613,0.1002,0.1915,0.64,37.48,34.6,Low
CLM0002614,0.4479,0.4012,0.6725,5627.63,46.5,Medium
CLM0002615,0.2668,0.4707,0.64,6060.06,47.7,Medium
CLM0002616,0.1276,0.2891,0.64,32.0,37.5,Low
CLM0002617,0.1914,0.4429,0.64,1186.24,43.0,Medium
CLM0002618,0.6476,0.5051,0.3475,850.25,32.0,Low
CLM0002619,0.0926,0.1796,0.64,1480.67,35.3,Low
CLM0002620,0.6146,0.5323,0.4125,916.81,35.6,Low
CLM0002621,0.0974,0.2775,0.5425,1925.26,34.5,Low
CLM0002622,0.1279,0.2465,0.5425,1697.21,33.4,Low
CLM0002623,0.4166,0.4715,0.38,1451.31,33.2,Low
CLM0002624,0.5855,0.4867,0.51,1173.47,38.7,Low
CLM0002625,0.2815,0.5347,0.4775,1042.65,38.6,Low
CLM0002626,0.2114,0.3562,0.64,374.28,39.8,Low
CLM0002627,0.5815,0.5985,0.6075,6462.83,50.6,Medium
CLM0002628,0.1292,0.1632,0.64,300.91,33.9,Low
CLM0002629,0.2468,0.4532,0.8025,18678.47,61.3,Medium
CLM0002630,0.2129,0.2725,0.64,3259.58,39.5,Low
CLM0002631,0.6172,0.5889,0.25,962.8,30.8,Low
CLM0002632,0.1134,0.2318,0.64,355.87,36.0,Low
CLM0002633,0.2814,0.5054,0.38,287.84,32.6,Low
CLM0002634,0.5716,0.5031,0.51,2936.65,40.9,Medium
CLM0002635,0.4494,0.4004,0.4125,959.45,31.7,Low
CLM0002636,0.6232,0.4744,0.25,1154.19,27.8,Low
CLM0002637,0.5952,0.4681,0.51,13804.73,50.5,Medium
CLM0002638,0.2604,0.3603,0.9,10224.4,57.0,Medium
CLM0002639,0.4351,0.2579,0.4125,523.26,26.9,Low
CLM0002640,0.1303,0.0952,0.64,9.72,31.7,Low
CLM0002641,0.5972,0.5298,0.3475,633.53,32.4,Low
CLM0002642,0.0735,0.1845,0.64,245.5,34.5,Low
CLM0002643,0.2732,0.3298,0.64,4392.99,42.1,Medium
CLM0002644,0.587,0.567,0.3475,1548.75,34.9,Low
CLM0002645,0.2666,0.5086,0.4775,889.43,37.7,Low
CLM0002646,0.6225,0.4677,0.3475,549.27,30.5,Low
CLM0002647,0.1158,0.3338,0.64,192.12,39.0,Low
CLM0002648,0.3688,0.4747,0.7375,7189.38,52.3,Medium
CLM0002649,0.3081,0.3533,0.64,264.71,39.6,Low
CLM0002650,0.2529,0.407,0.4775,2008.47,35.8,Low
CLM0002651,0.1415,0.2644,0.64,1254.37,37.7,Low
CLM0002652,0.237,0.3745,0.9,7997.65,56.2,Medium
CLM0002653,0.2227,0.4271,0.5425,1894.66,39.0,Low
CLM0002654,0.0898,0.2079,0.5425,1764.96,32.3,Low
CLM0002655,0.1193,0.1355,0.64,317.41,33.1,Low
CLM0002656,0.599,0.6125,0.6075,4838.29,49.7,Medium
CLM0002657,0.1939,0.3435,0.64,1098.98,40.0,Low
CLM0002658,0.0932,0.2087,0.64,396.79,35.4,Low
CLM0002659,0.0986,0.1491,0.5425,1879.9,30.6,Low
CLM0002660,0.2431,0.4183,0.4775,1667.85,35.8,Low
CLM0002661,0.567,0.4571,0.51,4967.97,41.5,Medium
CLM0002662,0.6291,0.3821,0.6725,4918.11,45.4,Medium
CLM0002663,0.0685,0.1958,0.8025,5696.73,45.5,Medium
CLM0002664,0.084,0.1595,0.64,371.21,33.9,Low
CLM0002665,0.0973,0.1117,0.64,28.93,32.2,Low
CLM0002666,0.1291,0.2647,0.64,267.22,36.9,Low
CLM0002667,0.2436,0.4095,0.64,1686.52,42.4,Medium
CLM0002668,0.2468,0.3574,0.64,11.88,39.5,Low
CLM0002669,0.0953,0.2063,0.64,26.57,35.0,Low
CLM0002670,0.4939,0.522,0.6725,5566.36,50.1,Medium
CLM0002671,0.2256,0.44,0.38,943.09,31.5,Low
CLM0002672,0.5461,0.3562,0.51,888.88,34.5,Low
CLM0002673,0.2289,0.4891,0.38,631.92,32.6,Low
CLM0002674,0.1238,0.2382,0.5425,2354.6,33.7,Low
CLM0002675,0.2133,0.5106,0.64,4059.67,47.3,Medium
CLM0002676,0.3448,0.485,0.64,1201.5,44.3,Medium
CLM0002677,0.122,0.3259,0.8025,9075.54,51.5,Medium
CLM0002678,0.2883,0.437,0.7375,19146.05,59.3,Medium
CLM0002679,0.2162,0.2894,0.64,45.37,37.5,Low
CLM0002680,0.6156,0.5188,0.51,5308.31,43.7,Medium
CLM0002681,0.1187,0.1791,0.64,76.53,34.2,Low
CLM0002682,0.2877,0.4434,0.4775,1364.11,36.2,Low
CLM0002683,0.2484,0.3625,0.64,6653.99,44.9,Medium
CLM0002684,0.1106,0.2691,0.64,67.23,36.9,Low
CLM0002685,0.2325,0.4043,0.64,5238.39,45.0,Medium
CLM0002686,0.1576,0.3216,0.64,804.96,39.1,Low
CLM0002687,0.7071,0.6669,0.6075,6661.15,52.8,Medium
CLM0002688,0.0902,0.3185,0.64,612.61,38.8,Low
CLM0002689,0.1858,0.32,0.64,3130.57,40.8,Medium
CLM0002690,0.4601,0.3207,0.4125,1006.24,29.4,Low
CLM0002691,0.1248,0.2284,0.64,388.4,36.0,Low
CLM0002692,0.0806,0.1153,0.64,211.07,32.4,Low
CLM0002693,0.5233,0.4453,0.51,1957.38,38.2,Low
CLM0002694,0.303,0.381,0.4775,540.37,33.5,Low
CLM0002695,0.5208,0.4611,0.6725,13046.63,53.8,Medium
CLM0002696,0.3973,0.3559,0.64,1051.44,40.3,Medium
CLM0002697,0.239,0.4789,0.7375,6175.33,51.7,Medium
CLM0002698,0.1619,0.1941,0.8025,7303.1,46.5,Medium
CLM0002699,0.573,0.439,0.3475,783.35,29.9,Low
CLM0002700,0.2132,0.3766,0.5425,665.16,36.3,Low
CLM0002701,0.1652,0.2418,0.64,214.48,36.2,Low
CLM0002702,0.1934,0.287,0.64,120.03,37.5,Low
CLM0002703,0.5547,0.4417,0.51,1874.63,38.0,Low
CLM0002704,0.2053,0.3533,0.64,2596.01,41.4,Medium
CLM0002705,0.2224,0.2811,0.64,393.29,37.5,Low
CLM0002706,0.2668,0.4024,0.7375,10837.58,52.6,Medium
CLM0002707,0.2364,0.2635,0.8025,6673.35,48.2,Medium
CLM0002708,0.2376,0.4653,0.38,1582.17,33.1,Low
CLM0002709,0.0921,0.3296,0.8025,22783.64,60.2,Medium
CLM0002710,0.2245,0.3929,0.7375,7599.3,50.1,Medium
CLM0002711,0.2084,0.3864,0.5425,1152.84,37.1,Low
CLM0002712,0.5924,0.5414,0.3475,1131.62,33.5,Low
CLM0002713,0.1142,0.4343,0.64,3227.12,44.3,Medium
CLM0002714,0.2002,0.4268,0.64,278.78,41.8,Medium
CLM0002715,0.1582,0.4223,0.64,842.04,42.1,Medium
CLM0002716,0.6174,0.5385,0.25,694.49,28.8,Low
CLM0002717,0.5945,0.4269,0.51,966.2,36.7,Low
CLM0002718,0.2733,0.4735,0.7375,6888.8,52.1,Medium
CLM0002719,0.1044,0.2225,0.64,110.63,35.6,Low
CLM0002720,0.1063,0.2385,0.5425,980.45,32.5,Low
CLM0002721,0.6335,0.4825,0.6075,6513.14,47.2,Medium
CLM0002722,0.2719,0.4098,0.4775,457.78,34.3,Low
CLM0002723,0.0918,0.2116,0.64,1309.43,36.2,Low
CLM0002724,0.7487,0.688,0.6075,8493.76,55.0,Medium
CLM0002725,0.2908,0.3886,0.8025,7995.18,52.8,Medium
CLM0002726,0.2449,0.4008,0.7375,9811.57,51.9,Medium
CLM0002727,0.1073,0.1958,0.64,289.95,34.9,Low
CLM0002728,0.2104,0.2989,0.64,1340.38,38.8,Low
CLM0002729,0.565,0.6,0.6075,3357.82,48.1,Medium
CLM0002730,0.5096,0.316,0.51,1610.72,34.0,Low
CLM0002731,0.067,0.2112,0.64,240.29,35.3,Low
CLM0002732,0.5994,0.6276,0.6075,4032.54,49.5,Medium
CLM0002733,0.0967,0.2203,0.5425,1070.65,32.0,Low
CLM0002734,0.1901,0.3812,0.7375,4157.06,47.4,Medium
CLM0002735,0.076,0.2108,0.64,54.05,35.2,Low
CLM0002736,0.0845,0.155,0.64,235.54,33.6,Low
CLM0002737,0.2083,0.4057,0.64,626.24,41.5,Medium
CLM0002738,0.569,0.4946,0.77,7791.43,54.5,Medium
CLM0002739,0.2242,0.4013,0.7375,6947.14,49.9,Medium
CLM0002740,0.0981,0.1835,0.64,39.93,34.3,Low
CLM0002741,0.2861,0.4771,0.64,4428.02,46.6,Medium
CLM0002742,0.223,0.2924,0.5425,558.16,33.7,Low
CLM0002743,0.2752,0.4428,0.4775,2126.12,37.0,Low
CLM0002744,0.2651,0.464,0.38,1348.44,32.8,Low
CLM0002745,0.393,0.5825,0.7375,6209.94,54.9,Medium
CLM0002746,0.5737,0.4032,0.4125,688.17,31.5,Low
CLM0002747,0.5399,0.3639,0.51,616.52,34.5,Low
CLM0002748,0.536,0.4672,0.4125,992.58,33.8,Low
CLM0002749,0.4543,0.3687,0.77,8894.76,51.5,Medium
CLM0002750,0.7192,0.6066,0.3475,111.53,34.0,Low
CLM0002751,0.1065,0.2389,0.8025,4299.76,46.0,Medium
CLM0002752,0.6965,0.613,0.77,5426.07,56.6,Medium
CLM0002753,0.3029,0.5969,0.38,1295.2,36.7,Low
CLM0002754,0.4035,0.5035,0.4775,458.22,37.1,Low
CLM0002755,0.3018,0.5085,0.38,1353.96,34.1,Low
CLM0002756,0.1029,0.1408,0.64,149.84,33.1,Low
CLM0002757,0.6219,0.4432,0.25,599.05,25.7,Low
CLM0002758,0.0867,0.1181,0.5425,2399.16,30.2,Low
CLM0002759,0.1172,0.1593,0.5425,990.39,30.1,Low
CLM0002760,0.2561,0.4852,0.38,1222.84,33.3,Low
CLM0002761,0.4724,0.2745,0.4125,1258.26,28.3,Low
CLM0002762,0.1861,0.3365,0.5425,875.77,35.3,Low
CLM0002763,0.0637,0.2571,0.64,161.82,36.6,Low
CLM0002764,0.1798,0.2817,0.64,2188.34,39.0,Low
CLM0002765,0.115,0.1221,0.5425,1732.45,29.7,Low
CLM0002766,0.6707,0.5042,0.77,12591.07,58.0,Medium
CLM0002767,0.3751,0.4445,0.38,1658.97,32.6,Low
CLM0002768,0.3927,0.5147,0.7375,7120.08,53.5,Medium
CLM0002769,0.5825,0.5761,0.3475,1246.12,34.7,Low
CLM0002770,0.1055,0.204,0.64,804.16,35.5,Low
CLM0002771,0.1873,0.2366,0.64,1165.15,36.8,Low
CLM0002772,0.5623,0.4238,0.6725,11981.19,51.9,Medium
CLM0002773,0.2826,0.2199,0.64,163.04,35.5,Low
CLM0002774,0.2061,0.2946,0.64,564.02,38.1,Low
CLM0002775,0.1643,0.3519,0.64,2690.0,41.5,Medium
CLM0002776,0.2401,0.3909,0.38,338.94,29.3,Low
CLM0002777,0.5551,0.5219,0.4125,466.12,34.8,Low
CLM0002778,0.2118,0.4262,0.64,1076.47,42.4,Medium
CLM0002779,0.3267,0.3305,0.5425,982.06,35.2,Low
CLM0002780,0.297,0.4701,0.38,672.07,32.1,Low
CLM0002781,0.6126,0.4681,0.77,21578.91,62.7,Medium
CLM0002782,0.269,0.5348,0.4775,2724.71,40.4,Medium
CLM0002783,0.2216,0.2563,0.9,7689.62,52.5,Medium
CLM0002784,0.2453,0.4003,0.64,4419.73,44.3,Medium
CLM0002785,0.0897,0.2499,0.64,180.38,36.4,Low
CLM0002786,0.4805,0.4174,0.6725,31948.4,66.5,Medium
CLM0002787,0.2061,0.3241,0.64,46.79,38.6,Low
CLM0002788,0.0854,0.1875,0.5425,2624.48,32.5,Low
CLM0002789,0.5622,0.387,0.77,5981.35,50.1,Medium
CLM0002790,0.2889,0.4477,0.38,246.4,30.9,Low
CLM0002791,0.1812,0.3567,0.64,377.15,39.8,Low
CLM0002792,0.3078,0.4162,0.4775,2260.86,36.3,Low
CLM0002793,0.2872,0.4552,0.64,3777.19,45.4,Medium
CLM0002794,0.258,0.5538,0.4775,1244.8,39.4,Low
CLM0002795,0.0634,0.0885,0.5425,376.07,27.4,Low
CLM0002796,0.4368,0.552,0.4775,1002.86,39.1,Low
CLM0002797,0.2466,0.3072,0.64,753.1,38.6,Low
CLM0002798,0.2344,0.4174,0.4775,1745.68,35.8,Low
CLM0002799,0.1629,0.2702,0.9,5621.9,51.7,Medium
CLM0002800,0.2488,0.3247,0.9,15781.17,59.0,Medium
CLM0002801,0.2777,0.3796,0.64,853.09,40.9,Medium
CLM0002802,0.272,0.4473,0.4775,1165.61,36.1,Low
CLM0002803,0.4787,0.4065,0.51,473.25,35.6,Low
CLM0002804,0.1097,0.1211,0.5425,1153.91,29.1,Low
CLM0002805,0.2592,0.3167,0.9,10652.97,55.9,Medium
CLM0002806,0.6017,0.61,0.3475,1052.05,35.4,Low
CLM0002807,0.1006,0.1559,0.64,220.63,33.7,Low
CLM0002808,0.2497,0.4726,0.4775,1806.77,37.6,Low
CLM0002809,0.6418,0.5204,0.3475,920.46,32.6,Low
CLM0002810,0.2497,0.2953,0.5425,1081.53,34.3,Low
CLM0002811,0.597,0.6224,0.51,4551.85,46.1,Medium
CLM0002812,0.1379,0.2031,0.5425,1111.5,31.5,Low
CLM0002813,0.1414,0.2407,0.5425,2016.32,33.5,Low
CLM0002814,0.2476,0.4417,0.4775,681.05,35.5,Low
CLM0002815,0.4332,0.4864,0.38,1136.85,33.2,Low
CLM0002816,0.6298,0.5167,0.3475,646.81,32.1,Low
CLM0002817,0.1019,0.1937,0.64,233.86,34.8,Low
CLM0002818,0.3557,0.2918,0.64,2072.01,39.2,Low
CLM0002819,0.2874,0.3784,0.4775,2710.6,35.7,Low
CLM0002820,0.192,0.3136,0.64,1951.26,39.7,Low
CLM0002821,0.1227,0.3039,0.64,414.25,38.2,Low
CLM0002822,0.2705,0.461,0.7375,4977.0,50.4,Medium
CLM0002823,0.1047,0.1562,0.64,408.02,33.8,Low
CLM0002824,0.2939,0.5714,0.64,13067.62,56.2,Medium
CLM0002825,0.4688,0.2953,0.4125,1582.16,29.3,Low
CLM0002826,0.4022,0.4486,0.4775,1519.59,36.5,Low
CLM0002827,0.1414,0.3237,0.64,949.07,39.3,Low
CLM0002828,0.2459,0.5288,0.9,5159.29,59.2,Medium
CLM0002829,0.5231,0.4214,0.51,2220.04,37.8,Low
CLM0002830,0.1051,0.2139,0.5425,2056.37,32.7,Low
CLM0002831,0.2394,0.5229,0.4775,2079.66,39.4,Low
CLM0002832,0.2415,0.2779,0.64,76.71,37.2,Low
CLM0002833,0.2925,0.3817,0.4775,2027.57,35.1,Low
CLM0002834,0.2841,0.4812,0.4775,1668.93,37.7,Low
CLM0002835,0.0893,0.1709,0.9,6821.42,49.4,Medium
CLM0002836,0.1776,0.4521,0.5425,427.57,38.4,Low
CLM0002837,0.1351,0.3122,0.64,269.66,38.4,Low
CLM0002838,0.1351,0.261,0.64,46.53,36.7,Low
CLM0002839,0.2782,0.4444,0.38,561.11,31.2,Low
CLM0002840,0.5454,0.4225,0.51,2389.29,38.0,Low
CLM0002841,0.1198,0.1168,0.5425,651.33,28.5,Low
CLM0002842,0.2201,0.2342,0.64,1664.88,37.1,Low
CLM0002843,0.7438,0.7097,0.25,1294.68,35.1,Low
CLM0002844,0.5025,0.3818,0.51,576.81,35.0,Low
CLM0002845,0.1446,0.1941,0.64,180.32,34.8,Low
CLM0002846,0.2464,0.5097,0.7375,22470.18,63.7,Medium
CLM0002847,0.096,0.1181,0.5425,660.98,28.6,Low
CLM0002848,0.1929,0.295,0.64,45.33,37.7,Low
CLM0002849,0.0934,0.2114,0.5425,1397.73,32.0,Low
CLM0002850,0.1424,0.343,0.38,1823.99,29.8,Low
CLM0002851,0.5905,0.5141,0.51,5395.3,43.7,Medium
CLM0002852,0.2159,0.3246,0.64,1382.97,39.6,Low
CLM0002853,0.3069,0.4046,0.4775,453.74,34.1,Low
CLM0002854,0.6146,0.4909,0.25,1327.08,28.6,Low
CLM0002855,0.2463,0.4654,0.7375,4577.77,50.3,Medium
CLM0002856,0.165,0.253,0.64,106.69,36.5,Low
CLM0002857,0.086,0.2714,0.64,685.27,37.5,Low
CLM0002858,0.1183,0.1912,0.64,60.2,34.6,Low
CLM0002859,0.207,0.2212,0.64,231.02,35.6,Low
CLM0002860,0.2499,0.3935,0.64,53.99,40.6,Medium
CLM0002861,0.1379,0.2661,0.8025,6242.62,48.0,Medium
CLM0002862,0.2908,0.6325,0.64,29145.16,70.5,High
CLM0002863,0.2321,0.4012,0.38,846.26,30.2,Low
CLM0002864,0.6131,0.4814,0.6075,5803.14,46.6,Medium
CLM0002865,0.6507,0.5453,0.51,4906.5,44.1,Medium
CLM0002866,0.2246,0.3383,0.4775,2567.21,34.3,Low
CLM0002867,0.2491,0.3989,0.4775,2014.59,35.6,Low
CLM0002868,0.2412,0.3739,0.64,71.66,40.1,Medium
CLM0002869,0.1155,0.2147,0.64,55.62,35.3,Low
CLM0002870,0.1457,0.3119,0.64,229.36,38.3,Low
CLM0002871,0.1176,0.2988,0.64,1797.66,39.2,Low
CLM0002872,0.3047,0.4878,0.7375,5855.69,51.8,Medium
CLM0002873,0.7638,0.5582,0.77,7857.66,56.5,Medium
CLM0002874,0.578,0.3688,0.51,560.91,34.6,Low
CLM0002875,0.1248,0.155,0.5425,1008.08,30.0,Low
CLM0002876,0.2961,0.4061,0.4775,901.44,34.6,Low
CLM0002877,0.5642,0.4833,0.6075,4215.33,45.3,Medium
CLM0002878,0.2798,0.5327,0.38,595.57,33.9,Low
CLM0002879,0.1214,0.1979,0.5425,1250.79,31.5,Low
CLM0002880,0.3907,0.5104,0.38,630.47,33.2,Low
CLM0002881,0.1433,0.2993,0.64,41.43,37.8,Low
CLM0002882,0.1004,0.2037,0.64,90.13,35.0,Low
CLM0002883,0.139,0.3938,0.64,229.24,40.8,Medium
CLM0002884,0.4441,0.3269,0.77,6800.13,48.9,Medium
CLM0002885,0.2726,0.3701,0.4775,588.36,33.2,Low
CLM0002886,0.118,0.1201,0.5425,295.23,28.3,Low
CLM0002887,0.6428,0.6495,0.6075,6889.18,52.5,Medium
CLM0002888,0.261,0.4237,0.4775,1951.81,36.2,Low
CLM0002889,0.598,0.5774,0.3475,1797.3,35.5,Low
CLM0002890,0.5867,0.4872,0.6075,6420.1,47.2,Medium
CLM0002891,0.1266,0.2452,0.64,917.4,36.9,Low
CLM0002892,0.3226,0.4499,0.64,158.86,42.4,Medium
CLM0002893,0.4073,0.2349,0.6725,6686.47,42.3,Medium
CLM0002894,0.7611,0.7103,0.25,683.05,33.9,Low
CLM0002895,0.3,0.3456,0.4775,911.12,32.8,Low
CLM0002896,0.1025,0.2266,0.5425,1555.24,32.6,Low
CLM0002897,0.7686,0.6006,0.3475,1197.69,35.4,Low
CLM0002898,0.1252,0.2008,0.8025,8580.62,47.5,Medium
CLM0002899,0.7838,0.6774,0.25,827.33,33.2,Low
CLM0002900,0.2771,0.232,0.64,2006.94,37.3,Low
CLM0002901,0.2727,0.5139,0.4775,1405.46,38.4,Low
CLM0002902,0.2574,0.4797,0.38,1252.45,33.1,Low
CLM0002903,0.2888,0.4905,0.64,8352.82,50.0,Medium
CLM0002904,0.1038,0.1618,0.5425,678.55,29.9,Low
CLM0002905,0.1371,0.1844,0.64,35.16,34.4,Low
CLM0002906,0.1701,0.1978,0.64,93.86,34.8,Low
CLM0002907,0.6456,0.5943,0.6075,3339.18,47.9,Medium
CLM0002908,0.1435,0.2328,0.5425,1121.66,32.4,Low
CLM0002909,0.2408,0.2444,0.64,533.28,36.5,Low
CLM0002910,0.1413,0.2925,0.64,189.46,37.7,Low
CLM0002911,0.2164,0.2564,0.64,168.43,36.6,Low
CLM0002912,0.2134,0.3893,0.64,266.09,40.7,Medium
CLM0002913,0.1755,0.2482,0.64,124.44,36.3,Low
CLM0002914,0.1265,0.2857,0.5425,1436.0,34.3,Low
CLM0002915,0.1456,0.2262,0.5425,965.86,32.1,Low
CLM0002916,0.2815,0.4183,0.38,853.06,30.8,Low
CLM0002917,0.1252,0.1061,0.64,377.48,32.3,Low
CLM0002918,0.2393,0.5197,0.7375,18559.05,61.4,Medium
CLM0002919,0.1543,0.3019,0.64,24.7,37.9,Low
CLM0002920,0.0976,0.1407,0.64,152.17,33.1,Low
CLM0002921,0.2342,0.3272,0.64,131.08,38.7,Low
CLM0002922,0.2497,0.4632,0.7375,4950.05,50.4,Medium
CLM0002923,0.3073,0.4518,0.38,152.61,30.9,Low
CLM0002924,0.305,0.5787,0.7375,15985.69,61.4,Medium
CLM0002925,0.1552,0.2417,0.64,690.92,36.6,Low
CLM0002926,0.6003,0.4964,0.3475,396.5,31.1,Low
CLM0002927,0.589,0.5382,0.6075,4607.64,47.3,Medium
CLM0002928,0.4689,0.223,0.51,996.0,30.6,Low
CLM0002929,0.349,0.4768,0.8025,10568.23,57.0,Medium
CLM0002930,0.7709,0.6562,0.25,433.01,31.8,Low
CLM0002931,0.2131,0.3418,0.5425,708.71,35.3,Low
CLM0002932,0.215,0.2865,0.64,1928.63,38.9,Low
CLM0002933,0.1312,0.2397,0.64,353.03,36.3,Low
CLM0002934,0.2573,0.1964,0.5425,1037.47,31.3,Low
CLM0002935,0.2664,0.4893,0.4775,536.92,36.7,Low
CLM0002936,0.257,0.562,0.7375,43435.73,75.0,High
CLM0002937,0.1377,0.1727,0.64,146.35,34.1,Low
CLM0002938,0.1645,0.2661,0.64,770.2,37.4,Low
CLM0002939,0.6051,0.5403,0.4125,1655.09,36.8,Low
CLM0002940,0.642,0.5532,0.3475,491.91,32.9,Low
CLM0002941,0.1414,0.2645,0.64,48.29,36.8,Low
CLM0002942,0.7264,0.6443,0.25,240.4,31.1,Low
CLM0002943,0.6253,0.5728,0.3475,787.31,34.0,Low
CLM0002944,0.2034,0.3901,0.5425,689.62,36.8,Low
CLM0002945,0.0607,0.3244,0.9,54352.45,75.2,High
CLM0002946,0.1213,0.2046,0.64,334.23,35.2,Low
CLM0002947,0.1373,0.2317,0.64,34.14,35.8,Low
CLM0002948,0.241,0.3838,0.4775,1008.32,34.1,Low
CLM0002949,0.7332,0.5368,0.6725,4292.47,49.6,Medium
CLM0002950,0.1736,0.359,0.64,26.82,39.6,Low
CLM0002951,0.2951,0.4078,0.7375,5007.51,48.8,Medium
CLM0002952,0.593,0.5646,0.3475,425.89,33.2,Low
CLM0002953,0.4308,0.409,0.51,1202.67,36.4,Low
CLM0002954,0.2563,0.409,0.4775,2706.88,36.6,Low
CLM0002955,0.2233,0.2149,0.64,139.11,35.4,Low
CLM0002956,0.0823,0.2406,0.5425,2012.19,33.5,Low
CLM0002957,0.0959,0.2576,0.64,580.76,37.0,Low
CLM0002958,0.4679,0.3863,0.51,689.12,35.2,Low
CLM0002959,0.646,0.5698,0.3475,1068.91,34.3,Low
CLM0002960,0.7467,0.7411,0.6075,12774.15,60.1,Medium
CLM0002961,0.2426,0.4311,0.38,349.77,30.5,Low
CLM0002962,0.6346,0.5677,0.6075,3912.25,47.6,Medium
CLM0002963,0.4783,0.3302,0.6725,5868.94,44.5,Medium
CLM0002964,0.0954,0.1875,0.5425,2223.62,32.1,Low
CLM0002965,0.1333,0.1977,0.64,2391.0,36.6,Low
CLM0002966,0.0854,0.225,0.64,179.42,35.7,Low
CLM0002967,0.259,0.3822,0.4775,624.58,33.6,Low
CLM0002968,0.4149,0.2749,0.77,4999.39,46.1,Medium
CLM0002969,0.2383,0.2587,0.5425,2684.1,34.6,Low
CLM0002970,0.6371,0.6131,0.6075,11882.51,55.5,Medium
CLM0002971,0.6267,0.5036,0.25,732.58,27.8,Low
CLM0002972,0.1366,0.2651,0.9,24844.29,62.3,Medium
CLM0002973,0.1237,0.3349,0.64,981.36,39.6,Low
CLM0002974,0.0598,0.3048,0.5425,1080.99,34.6,Low
CLM0002975,0.1033,0.1784,0.64,27.99,34.2,Low
CLM0002976,0.2053,0.3797,0.64,528.59,40.6,Medium
CLM0002977,0.316,0.354,0.64,1010.66,40.2,Medium
CLM0002978,0.633,0.4919,0.25,779.15,27.6,Low
CLM0002979,0.5924,0.4634,0.4125,1507.35,34.3,Low
CLM0002980,0.2934,0.3477,0.64,172.24,39.4,Low
CLM0002981,0.4764,0.3761,0.6725,4343.5,44.8,Medium
CLM0002982,0.6342,0.5184,0.6075,6704.32,48.4,Medium
CLM0002983,0.2367,0.2859,0.64,193.82,37.5,Low
CLM0002984,0.0951,0.1494,0.5425,840.61,29.7,Low
CLM0002985,0.5908,0.411,0.77,6318.83,51.1,Medium
CLM0002986,0.5754,0.4459,0.6075,4623.14,44.5,Medium
CLM0002987,0.1452,0.2927,0.64,353.08,37.9,Low
CLM0002988,0.5185,0.45,0.6725,7087.18,49.0,Medium
CLM0002989,0.3377,0.4787,0.8025,4772.49,53.4,Medium
CLM0002990,0.3118,0.418,0.38,1044.61,31.0,Low
CLM0002991,0.6319,0.4824,0.25,352.48,26.4,Low
CLM0002992,0.4426,0.42,0.4775,273.62,34.4,Low
CLM0002993,0.2653,0.5128,0.38,1495.41,34.5,Low
CLM0002994,0.1388,0.1099,0.64,636.97,32.6,Low
CLM0002995,0.5872,0.4443,0.3475,1598.47,31.3,Low
CLM0002996,0.1325,0.2942,0.64,349.0,37.9,Low
CLM0002997,0.2591,0.3866,0.4775,2403.79,35.6,Low
CLM0002998,0.093,0.1659,0.64,148.65,33.9,Low
CLM0002999,0.1325,0.2474,0.64,2548.97,38.2,Low
CLM0003000,0.1473,0.1936,0.5425,1094.9,31.2,Low
CLM0003001,0.2472,0.4273,0.5425,851.79,38.0,Low
CLM0003002,0.5943,0.5188,0.25,497.94,27.8,Low
CLM0003003,0.2397,0.4743,0.38,1869.74,33.8,Low
CLM0003004,0.2561,0.4439,0.64,263.22,42.3,Medium
CLM0003005,0.2053,0.2096,0.64,1105.95,36.0,Low
CLM0003006,0.5961,0.588,0.25,1188.54,31.3,Low
CLM0003007,0.5517,0.6061,0.4125,634.5,37.5,Low
CLM0003008,0.2352,0.2666,0.64,825.36,37.4,Low
CLM0003009,0.2867,0.3754,0.4775,890.78,33.7,Low
CLM0003010,0.3026,0.4165,0.4775,675.94,34.7,Low
CLM0003011,0.4228,0.4899,0.64,5326.2,47.7,Medium
CLM0003012,0.2947,0.5001,0.4775,1608.62,38.2,Low
CLM0003013,0.742,0.66,0.3475,1410.11,37.5,Low
CLM0003014,0.2835,0.4428,0.4775,2669.43,37.6,Low
CLM0003015,0.3702,0.4866,0.64,14787.32,55.0,Medium
CLM0003016,0.1906,0.2272,0.64,634.67,36.1,Low
CLM0003017,0.2173,0.3961,0.38,1395.15,30.8,Low
CLM0003018,0.2686,0.4625,0.4775,794.23,36.2,Low
CLM0003019,0.2574,0.5457,0.4775,1632.1,39.6,Low
CLM0003020,0.6239,0.5529,0.3475,356.3,32.7,Low
CLM0003021,0.3726,0.2994,0.64,3239.16,40.3,Medium
CLM0003022,0.4423,0.3271,0.6725,11873.79,48.9,Medium
CLM0003023,0.3058,0.4614,0.4775,1368.15,36.8,Low
CLM0003024,0.6208,0.6068,0.6075,5492.99,50.1,Medium
CLM0003025,0.2649,0.3703,0.5425,2093.4,37.5,Low
CLM0003026,0.2652,0.4959,0.64,4280.38,47.0,Medium
CLM0003027,0.5968,0.5039,0.25,448.48,27.3,Low
CLM0003028,0.0841,0.2219,0.9,9593.68,52.5,Medium
CLM0003029,0.2133,0.4339,0.8025,6991.95,53.5,Medium
CLM0003030,0.5259,0.4521,0.4125,395.53,32.6,Low
CLM0003031,0.6159,0.5059,0.3475,886.07,32.1,Low
CLM0003032,0.1139,0.2034,0.5425,957.79,31.4,Low
CLM0003033,0.1374,0.2809,0.5425,1810.87,34.5,Low
CLM0003034,0.3847,0.3668,0.64,2316.54,41.6,Medium
CLM0003035,0.2234,0.333,0.64,18.27,38.8,Low
CLM0003036,0.2417,0.5501,0.38,241.99,33.9,Low
CLM0003037,0.0857,0.1099,0.5425,2418.29,29.9,Low
CLM0003038,0.2708,0.42,0.38,592.63,30.5,Low
CLM0003039,0.0874,0.2326,0.64,29.52,35.8,Low
CLM0003040,0.1397,0.2037,0.64,1704.22,36.2,Low
CLM0003041,0.5286,0.4328,0.51,2036.12,37.9,Low
CLM0003042,0.5521,0.4037,0.4125,204.26,30.9,Low
CLM0003043,0.2692,0.3619,0.4775,766.64,33.1,Low
CLM0003044,0.6032,0.5853,0.4125,549.8,36.8,Low
CLM0003045,0.0825,0.2019,0.5425,458.03,30.9,Low
CLM0003046,0.2376,0.3666,0.5425,682.11,36.0,Low
CLM0003047,0.5886,0.5434,0.51,9605.83,48.7,Medium
CLM0003048,0.2564,0.4509,0.4775,918.61,36.0,Low
CLM0003049,0.1238,0.2253,0.5425,754.68,31.9,Low
CLM0003050,0.2379,0.416,0.64,10097.98,49.2,Medium
CLM0003051,0.3925,0.5416,0.4775,2032.02,39.9,Low
CLM0003052,0.1559,0.2345,0.9,7924.34,51.9,Medium
CLM0003053,0.2449,0.3717,0.5425,807.78,36.3,Low
CLM0003054,0.2046,0.3583,0.64,1158.09,40.5,Medium
CLM0003055,0.0976,0.2334,0.64,1865.7,37.3,Low
CLM0003056,0.6485,0.576,0.6075,6875.54,50.3,Medium
CLM0003057,0.1286,0.2502,0.9,5887.39,51.3,Medium
CLM0003058,0.5495,0.3824,0.51,664.42,35.1,Low
CLM0003059,0.139,0.2416,0.64,291.43,36.3,Low
CLM0003060,0.5231,0.3649,0.51,2501.74,36.3,Low
CLM0003061,0.2724,0.4628,0.7375,8511.88,52.8,Medium
CLM0003062,0.2556,0.4181,0.38,1089.03,31.1,Low
CLM0003063,0.7641,0.5948,0.51,6174.7,46.8,Medium
CLM0003064,0.2668,0.3692,0.38,887.92,29.3,Low
CLM0003065,0.2869,0.4791,0.7375,5005.29,51.0,Medium
CLM0003066,0.6027,0.5237,0.3475,540.46,32.1,Low
CLM0003067,0.5784,0.5624,0.3475,443.67,33.1,Low
CLM0003068,0.0981,0.2518,0.64,235.12,36.5,Low
CLM0003069,0.5875,0.4949,0.25,614.0,27.3,Low
CLM0003070,0.5788,0.5211,0.3475,1645.87,33.6,Low
CLM0003071,0.1179,0.2182,0.64,36.55,35.4,Low
CLM0003072,0.2176,0.4468,0.64,18168.02,56.4,Medium
CLM0003073,0.4395,0.5536,0.4775,1757.41,39.9,Low
CLM0003074,0.5338,0.4906,0.77,7401.96,54.2,Medium
CLM0003075,0.2906,0.5764,0.38,349.67,34.9,Low
CLM0003076,0.4494,0.2422,0.4125,2193.07,28.5,Low
CLM0003077,0.1328,0.2452,0.8025,8950.61,49.0,Medium
CLM0003078,0.5151,0.3583,0.51,794.62,34.5,Low
CLM0003079,0.6047,0.6013,0.25,221.66,29.7,Low
CLM0003080,0.2459,0.2904,0.64,1622.15,38.8,Low
CLM0003081,0.6336,0.4908,0.25,73.79,26.1,Low
CLM0003082,0.637,0.5052,0.25,446.0,27.3,Low
CLM0003083,0.1943,0.3657,0.64,414.28,40.1,Medium
CLM0003084,0.5962,0.5511,0.3475,578.42,33.0,Low
CLM0003085,0.2022,0.2878,0.5425,2972.19,35.8,Low
CLM0003086,0.1319,0.1999,0.8025,4994.78,45.2,Medium
CLM0003087,0.5897,0.4356,0.51,1696.94,37.7,Low
CLM0003088,0.4851,0.4394,0.6725,6271.84,48.1,Medium
CLM0003089,0.3956,0.4504,0.7375,5756.16,50.6,Medium
CLM0003090,0.2348,0.2666,0.64,820.56,37.4,Low
CLM0003091,0.1248,0.2631,0.5425,1195.73,33.4,Low
CLM0003092,0.2348,0.2693,0.64,126.85,37.0,Low
CLM0003093,0.1391,0.2888,0.5425,2626.65,35.5,Low
CLM0003094,0.2437,0.277,0.8025,11438.57,51.5,Medium
CLM0003095,0.1485,0.3942,0.5425,1328.92,37.5,Low
CLM0003096,0.2701,0.5,0.7375,6148.67,52.4,Medium
CLM0003097,0.6087,0.6109,0.6075,6457.34,51.0,Medium
CLM0003098,0.2973,0.3933,0.38,646.81,29.7,Low
CLM0003099,0.2599,0.4698,0.4775,672.81,36.3,Low
CLM0003100,0.2745,0.5096,0.7375,8162.22,54.0,Medium
CLM0003101,0.2108,0.2575,0.5425,2451.94,34.4,Low
CLM0003102,0.1276,0.2771,0.64,413.34,37.4,Low
CLM0003103,0.3671,0.3946,0.8025,6509.62,52.0,Medium
CLM0003104,0.6209,0.5757,0.51,5869.35,46.0,Medium
CLM0003105,0.2223,0.2729,0.64,66.53,37.0,Low
CLM0003106,0.2682,0.3968,0.4775,704.72,34.1,Low
CLM0003107,0.2802,0.3646,0.7375,8526.36,49.9,Medium
CLM0003108,0.2351,0.3667,0.64,430.51,40.1,Medium
CLM0003109,0.4789,0.3985,0.4125,1044.64,31.8,Low
CLM0003110,0.1078,0.1355,0.5425,479.15,28.9,Low
CLM0003111,0.4569,0.4428,0.77,7174.95,52.6,Medium
CLM0003112,0.4745,0.2386,0.4125,488.94,26.3,Low
CLM0003113,0.2664,0.3934,0.64,3721.11,43.5,Medium
CLM0003114,0.1136,0.235,0.64,395.52,36.2,Low
CLM0003115,0.6209,0.61,0.25,632.13,30.8,Low
CLM0003116,0.2835,0.3897,0.4775,511.8,33.7,Low
CLM0003117,0.2476,0.3852,0.38,1298.94,30.4,Low
CLM0003118,0.6131,0.4839,0.3475,215.81,30.5,Low
CLM0003119,0.1188,0.2146,0.5425,864.97,31.6,Low
CLM0003120,0.2997,0.5241,0.64,12699.83,54.4,Medium
CLM0003121,0.0997,0.1921,0.64,368.86,34.9,Low
CLM0003122,0.1451,0.3425,0.64,2615.14,41.1,Medium
CLM0003123,0.3037,0.4922,0.4775,1398.46,37.7,Low
CLM0003124,0.0833,0.2026,0.64,233.59,35.1,Low
CLM0003125,0.2237,0.3325,0.64,214.36,38.9,Low
CLM0003126,0.4168,0.4258,0.64,183.66,41.7,Medium
CLM0003127,0.168,0.2269,0.5425,1506.76,32.6,Low
CLM0003128,0.168,0.3411,0.5425,523.28,35.1,Low
CLM0003129,0.5973,0.6081,0.6075,9852.3,53.7,Medium
CLM0003130,0.6438,0.5623,0.3475,630.49,33.4,Low
CLM0003131,0.181,0.2464,0.64,737.2,36.8,Low
CLM0003132,0.0956,0.2083,0.64,144.7,35.2,Low
CLM0003133,0.1236,0.2552,0.5425,952.23,32.9,Low
CLM0003134,0.5261,0.44,0.6725,9042.13,50.2,Medium
CLM0003135,0.1246,0.1401,0.64,696.09,33.5,Low
CLM0003136,0.1834,0.3035,0.64,777.82,38.5,Low
CLM0003137,0.1272,0.2899,0.64,166.73,37.6,Low
CLM0003138,0.6139,0.5032,0.3475,1241.23,32.5,Low
CLM0003139,0.2801,0.2815,0.9,7399.7,53.1,Medium
CLM0003140,0.2662,0.3065,0.5425,527.35,34.1,Low
CLM0003141,0.5607,0.3864,0.51,1324.52,35.8,Low
CLM0003142,0.5347,0.2576,0.51,492.8,31.2,Low
CLM0003143,0.2947,0.4732,0.4775,1011.77,36.7,Low
CLM0003144,0.7284,0.7769,0.25,365.36,35.3,Low
CLM0003145,0.292,0.3906,0.38,822.51,29.9,Low
CLM0003146,0.0571,0.2635,0.8025,9944.53,50.2,Medium
CLM0003147,0.528,0.3785,0.3475,392.97,27.6,Low
CLM0003148,0.695,0.4607,0.6075,10252.84,49.6,Medium
CLM0003149,0.2439,0.4245,0.64,885.45,42.2,Medium
CLM0003150,0.227,0.3597,0.4775,1085.57,33.4,Low
CLM0003151,0.0674,0.1329,0.64,405.36,33.1,Low
CLM0003152,0.4825,0.3118,0.51,1398.44,33.7,Low
CLM0003153,0.4583,0.3279,0.4125,890.68,29.5,Low
CLM0003154,0.5811,0.4846,0.51,1642.76,39.1,Low
CLM0003155,0.2968,0.4468,0.38,601.31,31.3,Low
CLM0003156,0.0588,0.1583,0.5425,2341.29,31.3,Low
CLM0003157,0.547,0.4269,0.51,2652.57,38.4,Low
CLM0003158,0.116,0.284,0.64,57.13,37.4,Low
CLM0003159,0.257,0.4346,0.4775,1834.12,36.4,Low
CLM0003160,0.2843,0.4116,0.4775,1181.01,35.1,Low
CLM0003161,0.1013,0.2261,0.64,231.26,35.8,Low
CLM0003162,0.4843,0.42,0.77,12486.05,55.4,Medium
CLM0003163,0.2573,0.321,0.64,2620.47,40.5,Medium
CLM0003164,0.0631,0.1556,0.64,79.81,33.5,Low
CLM0003165,0.0717,0.1758,0.64,424.69,34.4,Low
CLM0003166,0.2676,0.385,0.38,560.54,29.4,Low
CLM0003167,0.4284,0.5278,0.7375,4100.52,51.8,Medium
CLM0003168,0.6167,0.6468,0.6075,9947.82,54.9,Medium
CLM0003169,0.1321,0.2579,0.5425,2798.19,34.7,Low
CLM0003170,0.2556,0.3956,0.4775,978.11,34.4,Low
CLM0003171,0.2058,0.2679,0.64,306.05,37.1,Low
CLM0003172,0.2715,0.5977,0.4775,2351.38,41.9,Medium
CLM0003173,0.2016,0.2611,0.64,131.86,36.7,Low
CLM0003174,0.5956,0.4942,0.4125,768.29,34.3,Low
CLM0003175,0.2536,0.486,0.4775,2567.29,38.8,Low
CLM0003176,0.4564,0.4301,0.77,6514.54,51.8,Medium
CLM0003177,0.2707,0.3648,0.4775,2167.0,34.7,Low
CLM0003178,0.26,0.4293,0.64,374.69,42.0,Medium
CLM0003179,0.112,0.0957,0.64,148.14,31.8,Low
CLM0003180,0.5743,0.5109,0.51,4347.74,42.5,Medium
CLM0003181,0.5255,0.4144,0.77,12980.69,55.5,Medium
CLM0003182,0.2096,0.294,0.64,2810.51,39.8,Low
CLM0003183,0.2475,0.3419,0.64,479.88,39.4,Low
CLM0003184,0.2523,0.3991,0.4775,469.96,34.0,Low
CLM0003185,0.2206,0.3247,0.5425,1173.79,35.2,Low
CLM0003186,0.7088,0.6221,0.6075,11151.48,55.2,Medium
CLM0003187,0.5772,0.4829,0.51,1504.53,38.9,Low
CLM0003188,0.1115,0.2232,0.64,130.0,35.6,Low
CLM0003189,0.2601,0.3208,0.64,739.34,39.0,Low
CLM0003190,0.2545,0.4585,0.38,2202.01,33.8,Low
CLM0003191,0.1266,0.1825,0.8025,5121.23,44.8,Medium
CLM0003192,0.1052,0.2912,0.8025,30356.9,63.8,Medium
CLM0003193,0.5605,0.3689,0.77,7451.9,50.6,Medium
CLM0003194,0.2966,0.4722,0.38,326.94,31.7,Low
CLM0003195,0.2081,0.3395,0.64,2307.23,40.8,Medium
CLM0003196,0.1659,0.2126,0.64,607.67,35.7,Low
CLM0003197,0.2284,0.2862,0.5425,1025.24,33.9,Low
CLM0003198,0.2783,0.3958,0.7375,5938.19,49.1,Medium
CLM0003199,0.2298,0.4763,0.5425,1187.11,39.8,Low
CLM0003200,0.568,0.5879,0.51,4474.86,45.0,Medium
CLM0003201,0.5378,0.552,0.3475,355.25,32.7,Low
CLM0003202,0.0756,0.3058,0.64,22.92,38.0,Low
CLM0003203,0.2443,0.397,0.64,4595.27,44.3,Medium
CLM0003204,0.2494,0.3399,0.38,482.08,27.9,Low
CLM0003205,0.1735,0.2836,0.64,62.24,37.4,Low
CLM0003206,0.0999,0.2749,0.9,5573.18,51.8,Medium
CLM0003207,0.2597,0.4531,0.64,3140.96,44.8,Medium
CLM0003208,0.1312,0.2062,0.64,42.81,35.0,Low
CLM0003209,0.2411,0.418,0.4775,2142.54,36.3,Low
CLM0003210,0.1363,0.1363,0.64,146.78,33.0,Low
CLM0003211,0.121,0.2435,0.5425,396.52,32.1,Low
CLM0003212,0.2477,0.4144,0.38,526.83,30.2,Low
CLM0003213,0.6289,0.574,0.6075,6152.99,49.6,Medium
CLM0003214,0.5917,0.5754,0.25,593.51,29.7,Low
CLM0003215,0.1176,0.1795,0.5425,2280.66,31.9,Low
CLM0003216,0.4094,0.2161,0.4125,868.87,26.1,Low
CLM0003217,0.2445,0.4069,0.4775,293.38,34.0,Low
CLM0003218,0.256,0.3961,0.64,7496.0,46.5,Medium
CLM0003219,0.5937,0.5861,0.6075,7129.03,50.8,Medium
CLM0003220,0.596,0.5761,0.6075,8022.92,51.2,Medium
CLM0003221,0.1005,0.1819,0.64,3.12,34.3,Low
CLM0003222,0.0659,0.1507,0.64,862.94,34.0,Low
CLM0003223,0.1807,0.2505,0.64,3268.44,38.9,Low
CLM0003224,0.6485,0.523,0.51,3255.71,41.8,Medium
CLM0003225,0.2557,0.3566,0.5425,809.33,35.9,Low
CLM0003226,0.0679,0.2191,0.64,1181.49,36.3,Low
CLM0003227,0.2322,0.4565,0.38,427.75,31.4,Low
CLM0003228,0.5806,0.501,0.25,254.9,26.8,Low
CLM0003229,0.0975,0.2127,0.8025,4238.45,45.1,Medium
CLM0003230,0.2691,0.3412,0.64,1001.96,39.8,Low
CLM0003231,0.6342,0.6021,0.6075,4681.68,49.3,Medium
CLM0003232,0.2578,0.5546,0.64,21190.75,62.0,Medium
CLM0003233,0.5898,0.4181,0.3475,686.84,29.2,Low
CLM0003234,0.2613,0.3722,0.64,262.43,40.2,Medium
CLM0003235,0.3039,0.5117,0.4775,2574.61,39.5,Low
CLM0003236,0.5034,0.4136,0.51,2411.25,37.7,Low
CLM0003237,0.2441,0.4463,0.38,400.97,31.0,Low
CLM0003238,0.2628,0.4628,0.38,502.69,31.6,Low
CLM0003239,0.2587,0.4066,0.8025,6469.65,52.3,Medium
CLM0003240,0.6244,0.479,0.25,685.1,27.0,Low
CLM0003241,0.3029,0.4625,0.38,238.95,31.3,Low
CLM0003242,0.2174,0.3575,0.38,391.06,28.3,Low
CLM0003243,0.5722,0.3735,0.51,1204.06,35.3,Low
CLM0003244,0.2396,0.5131,0.64,6375.33,49.2,Medium
CLM0003245,0.5392,0.4098,0.4125,768.24,31.8,Low
CLM0003246,0.2379,0.4629,0.4775,1199.27,36.6,Low
CLM0003247,0.1214,0.1253,0.5425,2470.16,30.4,Low
CLM0003248,0.2408,0.1978,0.5425,2397.32,32.6,Low
CLM0003249,0.2128,0.3665,0.9,13458.53,59.0,Medium
CLM0003250,0.0831,0.1218,0.64,1339.6,33.5,Low
CLM0003251,0.5707,0.4864,0.6075,4398.91,45.5,Medium
CLM0003252,0.2514,0.2756,0.64,88.1,37.1,Low
CLM0003253,0.2304,0.4212,0.64,413.72,41.8,Medium
CLM0003254,0.1415,0.3057,0.64,280.57,38.2,Low
CLM0003255,0.2381,0.4274,0.7375,12723.11,54.6,Medium
CLM0003256,0.271,0.4091,0.7375,4072.38,48.2,Medium
CLM0003257,0.0857,0.1571,0.5425,1690.6,30.7,Low
CLM0003258,0.1055,0.2624,0.64,791.23,37.3,Low
CLM0003259,0.586,0.6335,0.3475,754.89,35.7,Low
CLM0003260,0.196,0.3768,0.64,2686.91,42.2,Medium
CLM0003261,0.3093,0.4756,0.7375,8359.1,53.1,Medium
CLM0003262,0.2504,0.209,0.64,482.84,35.4,Low
CLM0003263,0.2514,0.341,0.64,154.31,39.2,Low
CLM0003264,0.2758,0.4157,0.7375,4033.92,48.4,Medium
CLM0003265,0.4486,0.3949,0.4125,2039.93,32.9,Low
CLM0003266,0.0749,0.1037,0.5425,1825.33,29.2,Low
CLM0003267,0.2701,0.4472,0.38,435.78,31.1,Low
CLM0003268,0.1147,0.1555,0.64,133.37,33.6,Low
CLM0003269,0.1843,0.3165,0.64,342.21,38.6,Low
CLM0003270,0.3102,0.5562,0.38,916.89,35.0,Low
CLM0003271,0.5848,0.5198,0.25,410.55,27.7,Low
CLM0003272,0.2108,0.2381,0.9,16459.65,56.8,Medium
CLM0003273,0.2632,0.3112,0.5425,1497.2,35.1,Low
CLM0003274,0.3083,0.4681,0.4775,1717.15,37.3,Low
CLM0003275,0.5084,0.4383,0.4125,1318.81,33.3,Low
CLM0003276,0.2299,0.3268,0.64,178.73,38.7,Low
CLM0003277,0.255,0.3808,0.5425,1075.08,36.8,Low
CLM0003278,0.6371,0.562,0.25,408.75,28.9,Low
CLM0003279,0.1186,0.1907,0.5425,539.41,30.6,Low
CLM0003280,0.0697,0.1322,0.8025,10572.6,46.7,Medium
CLM0003281,0.1128,0.1182,0.64,275.85,32.6,Low
CLM0003282,0.1085,0.3475,0.64,2858.66,41.5,Medium
CLM0003283,0.1128,0.362,0.64,187.65,39.8,Low
CLM0003284,0.2358,0.2558,0.5425,2085.76,34.0,Low
CLM0003285,0.1526,0.1942,0.64,821.75,35.3,Low
CLM0003286,0.2874,0.4233,0.4775,1344.21,35.6,Low
CLM0003287,0.2881,0.3652,0.8025,14819.33,56.3,Medium
CLM0003288,0.3948,0.4657,0.38,326.25,31.5,Low
CLM0003289,0.2407,0.3042,0.64,95.75,38.0,Low
CLM0003290,0.1,0.2102,0.64,1136.14,36.0,Low
CLM0003291,0.5785,0.5083,0.3475,378.65,31.4,Low
CLM0003292,0.6272,0.5132,0.3475,351.67,31.5,Low
CLM0003293,0.0605,0.1054,0.5425,907.5,28.4,Low
CLM0003294,0.2213,0.2429,0.64,340.56,36.4,Low
CLM0003295,0.0905,0.2195,0.64,61.24,35.4,Low
CLM0003296,0.616,0.5086,0.3475,275.23,31.3,Low
CLM0003297,0.5676,0.4621,0.6075,5166.67,45.5,Medium
CLM0003298,0.2618,0.4904,0.4775,1563.36,37.8,Low
CLM0003299,0.1695,0.35,0.64,139.84,39.4,Low
CLM0003300,0.0787,0.2034,0.5425,2326.51,32.7,Low
CLM0003301,0.2415,0.272,0.64,151.88,37.1,Low
CLM0003302,0.1072,0.2426,0.64,250.01,36.3,Low
CLM0003303,0.0784,0.1703,0.5425,1183.8,30.6,Low
CLM0003304,0.2587,0.4142,0.4775,699.51,34.6,Low
CLM0003305,0.134,0.2265,0.5425,2065.94,33.1,Low
CLM0003306,0.2846,0.3995,0.4775,499.39,34.0,Low
CLM0003307,0.2637,0.3255,0.64,2061.0,40.2,Medium
CLM0003308,0.2618,0.3775,0.38,1350.36,30.2,Low
CLM0003309,0.2715,0.4626,0.64,5030.62,46.6,Medium
CLM0003310,0.2502,0.4127,0.64,52.03,41.2,Medium
CLM0003311,0.1712,0.3837,0.64,115.39,40.4,Medium
CLM0003312,0.2928,0.4341,0.7375,16370.7,57.3,Medium
CLM0003313,0.4311,0.6212,0.4775,2441.69,42.7,Medium
CLM0003314,0.228,0.2378,0.64,2051.74,37.5,Low
CLM0003315,0.6373,0.5773,0.51,4996.49,45.2,Medium
CLM0003316,0.2383,0.4047,0.4775,1062.32,34.7,Low
CLM0003317,0.1443,0.1573,0.64,297.74,33.8,Low
CLM0003318,0.3006,0.4846,0.4775,1690.55,37.8,Low
CLM0003319,0.1152,0.2207,0.64,126.76,35.5,Low
CLM0003320,0.5996,0.5833,0.3475,1625.29,35.5,Low
CLM0003321,0.2438,0.4109,0.38,630.55,30.3,Low
CLM0003322,0.6032,0.542,0.3475,330.42,32.4,Low
CLM0003323,0.192,0.3477,0.64,247.29,39.4,Low
CLM0003324,0.2785,0.4797,0.7375,4673.34,50.7,Medium
CLM0003325,0.2393,0.3821,0.64,1513.56,41.4,Medium
CLM0003326,0.103,0.0947,0.64,266.48,31.8,Low
CLM0003327,0.2493,0.3788,0.38,741.82,29.4,Low
CLM0003328,0.2702,0.4468,0.38,712.12,31.4,Low
CLM0003329,0.1109,0.2177,0.5425,1545.92,32.4,Low
CLM0003330,0.1128,0.3379,0.64,64.03,39.0,Low
CLM0003331,0.3757,0.4574,0.5425,1160.84,39.2,Low
CLM0003332,0.1286,0.2221,0.64,312.55,35.7,Low
CLM0003333,0.2465,0.3927,0.4775,786.83,34.1,Low
CLM0003334,0.2365,0.3134,0.64,80.84,38.3,Low
CLM0003335,0.448,0.3425,0.4125,888.72,29.9,Low
CLM0003336,0.0947,0.2394,0.8025,7954.14,48.3,Medium
CLM0003337,0.29,0.47,0.38,1839.77,33.6,Low
CLM0003338,0.2405,0.3431,0.64,1801.84,40.5,Medium
CLM0003339,0.2368,0.2135,0.5425,1831.37,32.5,Low
CLM0003340,0.2635,0.3789,0.5425,1885.57,37.5,Low
CLM0003341,0.5866,0.5906,0.25,561.41,30.1,Low
CLM0003342,0.1779,0.2474,0.64,220.99,36.4,Low
CLM0003343,0.1496,0.253,0.64,2083.37,38.0,Low
CLM0003344,0.5648,0.4196,0.51,1379.99,36.9,Low
CLM0003345,0.5781,0.6729,0.3475,1458.78,37.9,Low
CLM0003346,0.2148,0.3182,0.64,630.11,38.8,Low
CLM0003347,0.2388,0.4705,0.64,5051.8,46.9,Medium
CLM0003348,0.5579,0.5297,0.25,483.45,28.1,Low
CLM0003349,0.6478,0.5837,0.3475,1875.1,35.8,Low
CLM0003350,0.2756,0.4013,0.5425,212.17,36.6,Low
CLM0003351,0.2074,0.2544,0.9,12541.86,55.1,Medium
CLM0003352,0.6022,0.585,0.51,6474.86,46.8,Medium
CLM0003353,0.1242,0.1919,0.64,2460.99,36.5,Low
CLM0003354,0.254,0.4117,0.38,996.03,30.8,Low
CLM0003355,0.1526,0.3636,0.9,15460.52,60.0,Medium
CLM0003356,0.2815,0.3734,0.4775,429.8,33.1,Low
CLM0003357,0.2656,0.4102,0.64,966.25,41.9,Medium
CLM0003358,0.141,0.152,0.5425,1901.29,30.7,Low
CLM0003359,0.3531,0.3932,0.64,349.63,40.9,Medium
CLM0003360,0.2189,0.4323,0.64,470.49,42.1,Medium
CLM0003361,0.2554,0.4868,0.38,593.04,32.5,Low
CLM0003362,0.1959,0.4115,0.9,20673.28,64.3,Medium
CLM0003363,0.0721,0.1296,0.64,451.09,33.0,Low
CLM0003364,0.2678,0.2084,0.64,116.37,35.1,Low
CLM0003365,0.536,0.392,0.3475,406.12,28.0,Low
CLM0003366,0.2909,0.4582,0.38,1201.35,32.4,Low
CLM0003367,0.2148,0.2746,0.64,268.38,37.2,Low
CLM0003368,0.0892,0.1951,0.5425,794.62,31.0,Low
CLM0003369,0.1361,0.2468,0.64,2135.85,37.9,Low
CLM0003370,0.6061,0.5688,0.25,653.29,29.6,Low
CLM0003371,0.607,0.5459,0.3475,1108.75,33.6,Low
CLM0003372,0.111,0.1883,0.64,130.1,34.5,Low
CLM0003373,0.1662,0.2067,0.64,747.74,35.6,Low
CLM0003374,0.6384,0.5634,0.3475,362.58,33.1,Low
CLM0003375,0.2184,0.3952,0.4775,665.31,34.0,Low
CLM0003376,0.1493,0.275,0.64,253.14,37.2,Low
CLM0003377,0.5927,0.4998,0.25,509.28,27.3,Low
CLM0003378,0.2491,0.4852,0.38,1189.3,33.2,Low
CLM0003379,0.6334,0.4987,0.25,759.04,27.7,Low
CLM0003380,0.268,0.4033,0.38,2068.49,31.9,Low
CLM0003381,0.1806,0.2762,0.64,1947.68,38.6,Low
CLM0003382,0.071,0.2424,0.64,2375.74,37.9,Low
CLM0003383,0.5533,0.4377,0.4125,385.53,32.2,Low
CLM0003384,0.4047,0.377,0.6725,9404.99,48.6,Medium
CLM0003385,0.6003,0.4932,0.51,1192.56,38.9,Low
CLM0003386,0.2545,0.4015,0.7375,17700.88,57.2,Medium
CLM0003387,0.1638,0.2717,0.64,788.01,37.6,Low
CLM0003388,0.089,0.1958,0.5425,642.56,30.9,Low
CLM0003389,0.2392,0.359,0.64,478.76,39.9,Low
CLM0003390,0.0559,0.1127,0.64,2038.18,33.8,Low
CLM0003391,0.1058,0.1865,0.64,999.62,35.2,Low
CLM0003392,0.6113,0.5535,0.25,641.83,29.1,Low
CLM0003393,0.5877,0.6062,0.3475,952.81,35.2,Low
CLM0003394,0.6048,0.5268,0.3475,1126.33,33.1,Low
CLM0003395,0.124,0.2083,0.64,145.31,35.2,Low
CLM0003396,0.0685,0.1546,0.64,558.61,33.9,Low
CLM0003397,0.2867,0.4235,0.7375,14961.94,56.0,Medium
CLM0003398,0.5377,0.4512,0.4125,203.15,32.3,Low
CLM0003399,0.5956,0.4444,0.6075,8441.14,47.6,Medium
CLM0003400,0.0917,0.2054,0.9,24721.95,60.4,Medium
CLM0003401,0.3092,0.3812,0.4775,769.73,33.7,Low
CLM0003402,0.6436,0.6546,0.6075,9946.88,55.2,Medium
CLM0003403,0.2483,0.3218,0.64,144.61,38.6,Low
CLM0003404,0.1077,0.2511,0.64,48.13,36.4,Low
CLM0003405,0.1911,0.3025,0.64,70.02,37.9,Low
CLM0003406,0.1258,0.3037,0.8025,16877.06,55.7,Medium
CLM0003407,0.2632,0.4513,0.38,732.87,31.6,Low
CLM0003408,0.1878,0.287,0.5425,2100.57,35.0,Low
CLM0003409,0.0576,0.1821,0.64,904.79,35.0,Low
CLM0003410,0.2677,0.5163,0.38,947.09,33.8,Low
CLM0003411,0.1095,0.2205,0.64,398.58,35.7,Low
CLM0003412,0.068,0.3328,0.8025,18492.69,57.6,Medium
CLM0003413,0.3025,0.3989,0.4775,1524.87,35.1,Low
CLM0003414,0.2822,0.4171,0.4775,1261.55,35.3,Low
CLM0003415,0.1148,0.3481,0.64,243.49,39.4,Low
CLM0003416,0.2616,0.3549,0.64,280.42,39.7,Low
CLM0003417,0.2493,0.4131,0.4775,720.39,34.6,Low
CLM0003418,0.244,0.3838,0.4775,735.55,33.8,Low
CLM0003419,0.1591,0.2979,0.64,19.72,37.8,Low
CLM0003420,0.081,0.2557,0.5425,1350.86,33.3,Low
CLM0003421,0.4402,0.303,0.4125,1795.6,29.8,Low
CLM0003422,0.2948,0.4059,0.4775,1827.8,35.6,Low
CLM0003423,0.5936,0.4934,0.25,903.76,27.9,Low
CLM0003424,0.6021,0.5704,0.25,627.54,29.6,Low
CLM0003425,0.5965,0.4996,0.3475,375.57,31.2,Low
CLM0003426,0.0991,0.3128,0.64,2909.08,40.5,Medium
CLM0003427,0.2037,0.2836,0.64,206.84,37.5,Low
CLM0003428,0.2321,0.207,0.64,801.71,35.6,Low
CLM0003429,0.2555,0.3355,0.8025,9430.69,52.1,Medium
CLM0003430,0.2501,0.4194,0.7375,6123.76,49.9,Medium
CLM0003431,0.6171,0.5303,0.6075,4410.71,46.9,Medium
CLM0003432,0.1161,0.2906,0.64,619.95,38.0,Low
CLM0003433,0.2718,0.3731,0.4775,1151.97,33.9,Low
CLM0003434,0.6402,0.5818,0.3475,705.92,34.1,Low
CLM0003435,0.2102,0.3276,0.64,294.17,38.9,Low
CLM0003436,0.2644,0.5206,0.38,670.9,33.6,Low
CLM0003437,0.106,0.1641,0.5425,1788.01,31.0,Low
CLM0003438,0.1242,0.2724,0.64,214.19,37.1,Low
CLM0003439,0.1452,0.2673,0.64,48.72,36.9,Low
CLM0003440,0.1179,0.2164,0.64,136.39,35.4,Low
CLM0003441,0.1078,0.2346,0.5425,426.32,31.8,Low
CLM0003442,0.2127,0.2963,0.64,720.97,38.3,Low
CLM0003443,0.2404,0.4868,0.38,335.78,32.1,Low
CLM0003444,0.5483,0.4802,0.4125,707.45,33.8,Low
CLM0003445,0.1211,0.3834,0.64,1604.65,41.6,Medium
CLM0003446,0.2473,0.2688,0.64,1572.25,38.1,Low
CLM0003447,0.4872,0.3461,0.6725,11140.06,48.9,Medium
CLM0003448,0.6126,0.585,0.25,114.44,29.0,Low
CLM0003449,0.2751,0.4716,0.4775,948.24,36.6,Low
CLM0003450,0.2712,0.3931,0.64,852.35,41.3,Medium
CLM0003451,0.2602,0.5204,0.4775,824.69,38.0,Low
CLM0003452,0.4536,0.5017,0.4775,1601.33,38.2,Low
CLM0003453,0.4624,0.5368,0.4775,2266.87,40.0,Low
CLM0003454,0.069,0.2127,0.64,2550.63,37.2,Low
CLM0003455,0.1251,0.2484,0.64,1196.47,37.2,Low
CLM0003456,0.592,0.4153,0.51,742.14,36.1,Low
CLM0003457,0.0705,0.2185,0.64,379.98,35.7,Low
CLM0003458,0.0603,0.1138,0.8025,7128.11,44.0,Medium
CLM0003459,0.1182,0.1134,0.64,141.25,32.3,Low
CLM0003460,0.126,0.1634,0.5425,2509.17,31.6,Low
CLM0003461,0.1705,0.3245,0.8025,10804.07,52.6,Medium
CLM0003462,0.1016,0.3092,0.5425,2297.03,35.8,Low
CLM0003463,0.638,0.4608,0.3475,1192.33,31.2,Low
CLM0003464,0.4123,0.5717,0.4775,1134.57,39.8,Low
CLM0003465,0.4387,0.3803,0.51,482.42,34.8,Low
CLM0003466,0.2128,0.3365,0.64,159.91,39.0,Low
CLM0003467,0.2644,0.4585,0.5425,628.02,38.7,Low
CLM0003468,0.1964,0.2472,0.64,53.47,36.3,Low
CLM0003469,0.5327,0.4199,0.4125,957.12,32.3,Low
CLM0003470,0.2489,0.4284,0.38,718.44,30.9,Low
CLM0003471,0.146,0.2812,0.64,241.94,37.4,Low
CLM0003472,0.4038,0.4777,0.7375,6420.96,51.9,Medium
CLM0003473,0.1291,0.1865,0.5425,1490.32,31.4,Low
CLM0003474,0.267,0.3436,0.64,450.05,39.5,Low
CLM0003475,0.185,0.3734,0.8025,26316.28,63.7,Medium
CLM0003476,0.4339,0.3904,0.51,959.24,35.6,Low
CLM0003477,0.5558,0.5183,0.4125,246.69,34.4,Low
CLM0003478,0.1364,0.3677,0.64,114.18,39.9,Low
CLM0003479,0.5874,0.5313,0.3475,759.78,32.7,Low
CLM0003480,0.1437,0.2011,0.64,72.63,34.9,Low
CLM0003481,0.6305,0.6283,0.6075,4900.36,50.2,Medium
CLM0003482,0.2582,0.3603,0.64,362.59,39.9,Low
CLM0003483,0.2425,0.3176,0.5425,364.18,34.3,Low
CLM0003484,0.1296,0.2455,0.64,2312.08,38.0,Low
CLM0003485,0.3029,0.4462,0.4775,772.89,35.7,Low
CLM0003486,0.4376,0.4988,0.38,976.04,33.3,Low
CLM0003487,0.7375,0.6358,0.51,10715.06,52.5,Medium
CLM0003488,0.6366,0.598,0.25,653.59,30.5,Low
CLM0003489,0.2667,0.4649,0.7375,6563.32,51.6,Medium
CLM0003490,0.5382,0.3451,0.51,844.18,34.1,Low
CLM0003491,0.1005,0.1978,0.5425,2097.32,32.3,Low
CLM0003492,0.1913,0.263,0.64,52.44,36.7,Low
CLM0003493,0.3576,0.4308,0.64,11.63,41.7,Medium
CLM0003494,0.2681,0.5297,0.7375,6587.5,53.5,Medium
CLM0003495,0.2976,0.4725,0.4775,242.42,35.9,Low
CLM0003496,0.2437,0.452,0.64,1586.37,43.6,Medium
CLM0003497,0.2797,0.3705,0.64,961.71,40.7,Medium
CLM0003498,0.2487,0.4508,0.38,409.8,31.2,Low
CLM0003499,0.1671,0.3205,0.64,555.62,38.8,Low
CLM0003500,0.2948,0.4771,0.4775,408.09,36.2,Low
CLM0003501,0.5089,0.42,0.51,1324.58,36.8,Low
CLM0003502,0.2859,0.4256,0.64,16698.13,54.6,Medium
CLM0003503,0.5798,0.4501,0.25,452.91,25.7,Low
CLM0003504,0.4009,0.5545,0.64,4362.98,48.8,Medium
CLM0003505,0.2457,0.3196,0.64,803.1,39.0,Low
CLM0003506,0.23,0.3431,0.5425,2081.46,36.6,Low
CLM0003507,0.1487,0.2808,0.64,97.15,37.3,Low
CLM0003508,0.6079,0.5728,0.3475,432.2,33.4,Low
CLM0003509,0.0767,0.2487,0.5425,628.61,32.5,Low
CLM0003510,0.2993,0.3306,0.4775,568.17,32.0,Low
CLM0003511,0.2845,0.6044,0.4775,1549.23,41.2,Medium
CLM0003512,0.1069,0.2909,0.64,257.74,37.7,Low
CLM0003513,0.2728,0.4147,0.7375,20801.39,59.7,Medium
CLM0003514,0.2262,0.3858,0.64,501.41,40.8,Medium
CLM0003515,0.1114,0.1999,0.64,1116.6,35.7,Low
CLM0003516,0.0656,0.2321,0.64,1256.83,36.7,Low
CLM0003517,0.4301,0.567,0.38,1596.12,36.2,Low
CLM0003518,0.5084,0.4834,0.4125,346.16,33.5,Low
CLM0003519,0.3032,0.3922,0.4775,310.67,33.6,Low
CLM0003520,0.0765,0.2565,0.64,1281.91,37.5,Low
CLM0003521,0.2946,0.5347,0.64,6872.65,50.2,Medium
CLM0003522,0.1405,0.3175,0.7375,13736.54,52.0,Medium
CLM0003523,0.1904,0.2993,0.64,1670.55,39.1,Low
CLM0003524,0.148,0.2085,0.64,401.33,35.4,Low
CLM0003525,0.4491,0.4691,0.38,805.76,32.2,Low
CLM0003526,0.259,0.2881,0.9,5480.47,52.2,Medium
CLM0003527,0.5845,0.4849,0.4125,790.62,34.1,Low
CLM0003528,0.612,0.5122,0.51,2966.24,41.2,Medium
CLM0003529,0.3874,0.4033,0.8025,5119.42,51.4,Medium
CLM0003530,0.1006,0.2824,0.5425,2698.69,35.4,Low
CLM0003531,0.6109,0.5528,0.25,245.14,28.3,Low
CLM0003532,0.217,0.2252,0.64,784.88,36.2,Low
CLM0003533,0.1212,0.136,0.64,56.93,32.9,Low
CLM0003534,0.3497,0.5307,0.64,1688.47,46.0,Medium
CLM0003535,0.2076,0.3142,0.64,935.03,39.0,Low
CLM0003536,0.593,0.4824,0.77,5689.89,52.8,Medium
CLM0003537,0.6169,0.4803,0.51,3049.51,40.3,Medium
CLM0003538,0.2639,0.493,0.4775,901.73,37.2,Low
CLM0003539,0.2507,0.4057,0.4775,1153.99,34.9,Low
CLM0003540,0.2153,0.234,0.64,636.53,36.3,Low
CLM0003541,0.248,0.4315,0.38,1372.09,31.8,Low
CLM0003542,0.2204,0.5084,0.9,8357.47,60.4,Medium
CLM0003543,0.6403,0.4585,0.3475,281.64,29.8,Low
CLM0003544,0.4464,0.4931,0.7375,5306.6,51.6,Medium
CLM0003545,0.0859,0.1428,0.5425,1758.46,30.3,Low
CLM0003546,0.6105,0.5048,0.3475,1643.06,33.1,Low
CLM0003547,0.2594,0.4543,0.4775,976.9,36.1,Low
CLM0003548,0.2419,0.2849,0.64,116.72,37.4,Low
CLM0003549,0.566,0.4033,0.51,1194.21,36.2,Low
CLM0003550,0.2368,0.2508,0.64,10.56,36.3,Low
CLM0003551,0.1348,0.2427,0.64,284.11,36.3,Low
CLM0003552,0.5758,0.6402,0.3475,925.37,36.2,Low
CLM0003553,0.4645,0.4274,0.4125,92.68,31.5,Low
CLM0003554,0.2275,0.3259,0.64,1006.39,39.4,Low
CLM0003555,0.2777,0.3957,0.8025,19205.16,59.9,Medium
CLM0003556,0.1017,0.2441,0.64,700.48,36.7,Low
CLM0003557,0.2807,0.4416,0.4775,1348.75,36.1,Low
CLM0003558,0.2032,0.3762,0.64,1456.68,41.2,Medium
CLM0003559,0.2686,0.2147,0.5425,1085.32,31.9,Low
CLM0003560,0.5298,0.385,0.77,4959.72,49.4,Medium
CLM0003561,0.1082,0.1612,0.64,60.01,33.7,Low
CLM0003562,0.257,0.3666,0.9,13230.6,58.8,Medium
CLM0003563,0.3014,0.4512,0.4775,2836.31,38.0,Low
CLM0003564,0.2526,0.4552,0.7375,4085.88,49.6,Medium
CLM0003565,0.2457,0.4714,0.38,1373.83,33.1,Low
CLM0003566,0.2796,0.4662,0.7375,7209.22,52.1,Medium
CLM0003567,0.243,0.3939,0.64,5077.46,44.6,Medium
CLM0003568,0.2474,0.3748,0.4775,439.19,33.2,Low
CLM0003569,0.2298,0.3246,0.64,287.95,38.8,Low
CLM0003570,0.3028,0.4844,0.38,971.79,32.9,Low
CLM0003571,0.621,0.4649,0.6075,4715.25,45.2,Medium
CLM0003572,0.4326,0.6132,0.7375,11469.42,59.4,Medium
CLM0003573,0.2154,0.197,0.64,572.65,35.2,Low
CLM0003574,0.5852,0.5442,0.3475,428.98,32.6,Low
CLM0003575,0.1886,0.3762,0.5425,428.37,36.1,Low
CLM0003576,0.7624,0.5936,0.25,1036.84,31.1,Low
CLM0003577,0.1146,0.2443,0.5425,1518.21,33.1,Low
CLM0003578,0.2958,0.3933,0.4775,2644.43,36.1,Low
CLM0003579,0.5651,0.5022,0.6075,6314.8,47.6,Medium
CLM0003580,0.0877,0.185,0.64,392.83,34.7,Low
CLM0003581,0.5045,0.3243,0.51,2227.14,34.9,Low
CLM0003582,0.1733,0.32,0.8025,15838.2,55.6,Medium
CLM0003583,0.1733,0.233,0.5425,893.83,32.2,Low
CLM0003584,0.1264,0.1629,0.64,123.0,33.8,Low
CLM0003585,0.4221,0.569,0.8025,6372.4,57.2,Medium
CLM0003586,0.5652,0.5245,0.3475,204.99,31.7,Low
CLM0003587,0.2513,0.3851,0.64,4361.64,43.8,Medium
CLM0003588,0.2589,0.4666,0.38,971.22,32.4,Low
CLM0003589,0.6085,0.4997,0.25,631.94,27.5,Low
CLM0003590,0.5878,0.6653,0.3475,753.34,36.7,Low
CLM0003591,0.2646,0.3932,0.64,8140.38,47.0,Medium
CLM0003592,0.5781,0.5129,0.51,3402.13,41.7,Medium
CLM0003593,0.2447,0.4878,0.4775,683.08,36.8,Low
CLM0003594,0.2896,0.4507,0.38,793.19,31.7,Low
CLM0003595,0.2032,0.4378,0.5425,2934.96,40.3,Medium
CLM0003596,0.553,0.4743,0.4125,1130.24,34.2,Low
CLM0003597,0.6372,0.594,0.6075,6947.56,50.9,Medium
CLM0003598,0.548,0.6007,0.51,1633.84,42.6,Medium
CLM0003599,0.2398,0.3492,0.4775,686.87,32.7,Low
CLM0003600,0.5913,0.494,0.25,349.35,26.8,Low
CLM0003601,0.1768,0.2386,0.64,288.98,36.2,Low
CLM0003602,0.4277,0.212,0.4125,439.98,25.5,Low
CLM0003603,0.6103,0.4871,0.3475,930.92,31.6,Low
CLM0003604,0.2523,0.4538,0.4775,515.47,35.6,Low
CLM0003605,0.5908,0.454,0.51,1643.06,38.2,Low
CLM0003606,0.2865,0.38,0.64,8664.42,47.0,Medium
CLM0003607,0.0736,0.1652,0.64,102.85,33.8,Low
CLM0003608,0.0912,0.2072,0.5425,1220.85,31.8,Low
CLM0003609,0.6008,0.5617,0.25,317.04,28.7,Low
CLM0003610,0.5978,0.5113,0.3475,1421.85,33.0,Low
CLM0003611,0.1066,0.2658,0.9,8704.3,53.3,Medium
CLM0003612,0.2726,0.274,0.38,342.24,25.8,Low
CLM0003613,0.0557,0.2147,0.5425,1029.08,31.8,Low
CLM0003614,0.2867,0.5079,0.7375,5493.27,52.1,Medium
CLM0003615,0.1115,0.1212,0.64,572.55,32.9,Low
CLM0003616,0.6167,0.5519,0.3475,350.32,32.7,Low
CLM0003617,0.1358,0.2389,0.64,497.85,36.4,Low
CLM0003618,0.5518,0.407,0.4125,1250.94,32.3,Low
CLM0003619,0.644,0.5054,0.25,990.62,28.4,Low
CLM0003620,0.6127,0.6014,0.6075,9679.96,53.3,Medium
CLM0003621,0.1365,0.3658,0.9,5042.9,54.3,Medium
CLM0003622,0.1388,0.1766,0.64,252.12,34.3,Low
CLM0003623,0.1021,0.2299,0.64,381.97,36.0,Low
CLM0003624,0.223,0.2999,0.64,255.39,38.0,Low
CLM0003625,0.6151,0.4951,0.6725,4948.55,48.8,Medium
CLM0003626,0.4708,0.4574,0.4125,1926.26,34.6,Low
CLM0003627,0.2815,0.4003,0.38,960.97,30.4,Low
CLM0003628,0.2537,0.43,0.7375,9772.05,52.7,Medium
CLM0003629,0.1515,0.2476,0.64,43.96,36.3,Low
CLM0003630,0.3,0.3967,0.38,1552.08,31.0,Low
CLM0003631,0.2562,0.3405,0.64,54.52,39.1,Low
CLM0003632,0.0944,0.2007,0.5425,874.62,31.2,Low
CLM0003633,0.2993,0.3784,0.4775,994.33,33.9,Low
CLM0003634,0.2651,0.3955,0.4775,1355.61,34.8,Low
CLM0003635,0.145,0.2664,0.64,90.89,36.9,Low
CLM0003636,0.6232,0.5751,0.3475,764.58,34.0,Low
CLM0003637,0.6236,0.5917,0.51,3212.42,43.9,Medium
CLM0003638,0.2463,0.4623,0.4775,1954.47,37.4,Low
CLM0003639,0.625,0.5506,0.3475,1147.3,33.8,Low
CLM0003640,0.6549,0.4814,0.51,1454.4,38.8,Low
CLM0003641,0.2296,0.3945,0.64,1730.0,42.0,Medium
CLM0003642,0.1754,0.3733,0.5425,1393.86,36.9,Low
CLM0003643,0.5989,0.5412,0.6075,8643.32,50.7,Medium
CLM0003644,0.51,0.453,0.51,2262.34,38.8,Low
CLM0003645,0.304,0.5441,0.38,718.98,34.4,Low
CLM0003646,0.2972,0.4948,0.4775,1216.93,37.6,Low
CLM0003647,0.1497,0.2191,0.64,108.71,35.5,Low
CLM0003648,0.2194,0.2503,0.64,110.75,36.4,Low
CLM0003649,0.0957,0.203,0.5425,1875.74,32.2,Low
CLM0003650,0.2286,0.4023,0.64,1135.16,41.8,Medium
CLM0003651,0.1437,0.2884,0.64,1131.29,38.3,Low
CLM0003652,0.2677,0.3836,0.38,160.16,28.8,Low
CLM0003653,0.2385,0.4356,0.38,1132.02,31.7,Low
CLM0003654,0.1963,0.4756,0.64,2625.38,45.1,Medium
CLM0003655,0.55,0.4476,0.77,4421.57,50.9,Medium
CLM0003656,0.2479,0.3541,0.64,4995.46,43.3,Medium
CLM0003657,0.595,0.578,0.6075,4716.22,48.6,Medium
CLM0003658,0.2826,0.5824,0.7375,9371.18,57.0,Medium
CLM0003659,0.5022,0.3705,0.6725,13377.14,51.3,Medium
CLM0003660,0.2195,0.2635,0.64,497.36,37.1,Low
CLM0003661,0.2786,0.4671,0.4775,1038.71,36.6,Low
CLM0003662,0.1587,0.1563,0.64,255.44,33.7,Low
CLM0003663,0.0952,0.2774,0.5425,1254.6,33.9,Low
CLM0003664,0.1455,0.3134,0.5425,1260.44,35.0,Low
CLM0003665,0.24,0.4219,0.64,370.21,41.7,Medium
CLM0003666,0.2577,0.4204,0.38,643.29,30.6,Low
CLM0003667,0.3026,0.5484,0.38,361.11,34.0,Low
CLM0003668,0.0763,0.2279,0.8025,5010.41,46.1,Medium
CLM0003669,0.0707,0.2184,0.8025,6070.74,46.4,Medium
CLM0003670,0.1453,0.1719,0.5425,1372.92,30.8,Low
CLM0003671,0.5949,0.5094,0.51,7018.26,45.1,Medium
CLM0003672,0.1702,0.3064,0.64,92.03,38.1,Low
CLM0003673,0.2046,0.5053,0.5425,1334.78,40.8,Medium
CLM0003674,0.2261,0.4473,0.5425,1871.89,39.6,Low
CLM0003675,0.4591,0.3419,0.4125,1473.69,30.6,Low
CLM0003676,0.2916,0.4703,0.64,11487.93,51.9,Medium
CLM0003677,0.0728,0.2418,0.64,533.93,36.5,Low
CLM0003678,0.5688,0.4724,0.6725,5543.48,48.6,Medium
CLM0003679,0.1461,0.3041,0.64,456.77,38.3,Low
CLM0003680,0.6448,0.4936,0.25,661.71,27.4,Low
CLM0003681,0.5304,0.4279,0.6725,13173.67,52.9,Medium
CLM0003682,0.6145,0.5682,0.6075,3728.2,47.5,Medium
CLM0003683,0.306,0.391,0.38,503.63,29.5,Low
CLM0003684,0.2884,0.4902,0.38,346.53,32.3,Low
CLM0003685,0.2286,0.3633,0.64,101.15,39.8,Low
CLM0003686,0.2558,0.3538,0.4775,482.96,32.6,Low
CLM0003687,0.224,0.2903,0.64,824.58,38.2,Low
CLM0003688,0.0649,0.2019,0.5425,1336.37,31.7,Low
CLM0003689,0.428,0.5467,0.4775,413.78,38.3,Low
CLM0003690,0.2623,0.359,0.5425,1261.57,36.3,Low
CLM0003691,0.2347,0.2919,0.64,585.4,38.0,Low
CLM0003692,0.1581,0.2311,0.64,255.18,35.9,Low
CLM0003693,0.223,0.3644,0.38,499.51,28.7,Low
CLM0003694,0.2229,0.3266,0.9,7911.03,54.7,Medium
CLM0003695,0.2723,0.38,0.7375,5121.78,48.1,Medium
CLM0003696,0.5817,0.5014,0.6075,5200.53,46.7,Medium
CLM0003697,0.6225,0.6242,0.25,565.42,31.1,Low
CLM0003698,0.2421,0.2365,0.64,1503.83,37.1,Low
CLM0003699,0.4506,0.3069,0.4125,1747.42,29.9,Low
CLM0003700,0.1321,0.1737,0.8025,5528.6,44.8,Medium
CLM0003701,0.2157,0.3287,0.64,3309.24,41.2,Medium
CLM0003702,0.2729,0.4151,0.4775,1612.49,35.6,Low
CLM0003703,0.1287,0.1575,0.64,163.32,33.7,Low
CLM0003704,0.5771,0.6104,0.25,578.9,30.7,Low
CLM0003705,0.1504,0.3339,0.64,723.34,39.4,Low
CLM0003706,0.4403,0.6462,0.4775,819.17,41.7,Medium
CLM0003707,0.4995,0.3632,0.51,2340.42,36.1,Low
CLM0003708,0.097,0.228,0.64,1657.84,36.9,Low
CLM0003709,0.2406,0.3822,0.9,14999.73,60.3,Medium
CLM0003710,0.2748,0.2748,0.64,553.86,37.5,Low
CLM0003711,0.2483,0.3676,0.64,904.73,40.5,Medium
CLM0003712,0.2382,0.3499,0.5425,301.96,35.2,Low
CLM0003713,0.4106,0.425,0.4775,1094.92,35.4,Low
CLM0003714,0.5665,0.4684,0.25,970.13,27.2,Low
CLM0003715,0.1058,0.2466,0.5425,1991.02,33.6,Low
CLM0003716,0.2395,0.4041,0.38,734.78,30.2,Low
CLM0003717,0.1888,0.3282,0.5425,1087.23,35.3,Low
CLM0003718,0.4288,0.6031,0.4775,318.11,39.9,Low
CLM0003719,0.2266,0.3239,0.64,243.46,38.7,Low
CLM0003720,0.1261,0.2705,0.9,5992.76,51.9,Medium
CLM0003721,0.1398,0.2396,0.64,254.57,36.2,Low
CLM0003722,0.2383,0.607,0.4775,880.17,40.6,Medium
CLM0003723,0.2373,0.427,0.38,419.53,30.5,Low
CLM0003724,0.1169,0.3049,0.64,275.4,38.2,Low
CLM0003725,0.2466,0.3225,0.64,2893.52,40.7,Medium
CLM0003726,0.1143,0.2508,0.8025,6553.31,47.7,Medium
CLM0003727,0.3102,0.4581,0.38,1642.33,33.0,Low
CLM0003728,0.2776,0.5497,0.7375,7250.55,54.6,Medium
CLM0003729,0.2417,0.4252,0.7375,6223.87,50.2,Medium
CLM0003730,0.2521,0.4024,0.9,8764.77,57.4,Medium
CLM0003731,0.1872,0.2106,0.5425,2047.72,32.6,Low
CLM0003732,0.2612,0.3485,0.64,3107.79,41.7,Medium
CLM0003733,0.5796,0.3901,0.51,391.62,35.0,Low
CLM0003734,0.1678,0.2653,0.5425,2314.02,34.5,Low
CLM0003735,0.1252,0.2955,0.64,542.53,38.1,Low
CLM0003736,0.2229,0.2134,0.64,2391.57,37.1,Low
CLM0003737,0.6015,0.4985,0.51,1368.94,39.2,Low
CLM0003738,0.0927,0.3013,0.64,594.23,38.3,Low
CLM0003739,0.6186,0.5656,0.3475,474.0,33.3,Low
CLM0003740,0.6017,0.4394,0.25,443.41,25.3,Low
CLM0003741,0.2544,0.408,0.4775,689.52,34.4,Low
CLM0003742,0.0914,0.2259,0.64,341.49,35.8,Low
CLM0003743,0.6112,0.5341,0.6075,6163.71,48.4,Medium
CLM0003744,0.5819,0.6145,0.3475,613.03,35.0,Low
CLM0003745,0.5663,0.4996,0.3475,1433.85,32.7,Low
CLM0003746,0.283,0.5667,0.64,9769.13,53.4,Medium
CLM0003747,0.2972,0.4719,0.7375,7609.18,52.5,Medium
CLM0003748,0.6281,0.6331,0.6075,4838.13,50.3,Medium
CLM0003749,0.107,0.2637,0.64,143.86,36.8,Low
CLM0003750,0.6003,0.6375,0.3475,752.2,35.8,Low
CLM0003751,0.237,0.5501,0.38,300.01,34.0,Low
CLM0003752,0.5795,0.5767,0.3475,1357.59,34.9,Low
CLM0003753,0.1724,0.3443,0.64,420.86,39.5,Low
CLM0003754,0.1949,0.3391,0.64,465.99,39.3,Low
CLM0003755,0.2761,0.4335,0.7375,6244.04,50.4,Medium
CLM0003756,0.2904,0.481,0.7375,8411.97,53.3,Medium
CLM0003757,0.1093,0.2134,0.5425,1193.14,31.9,Low
CLM0003758,0.1609,0.4218,0.9,16965.31,62.6,Medium
CLM0003759,0.2138,0.3114,0.4775,1140.65,32.0,Low
CLM0003760,0.1236,0.2492,0.64,2026.25,37.9,Low
CLM0003761,0.1471,0.2841,0.9,10887.05,55.1,Medium
CLM0003762,0.2027,0.4365,0.38,366.08,30.7,Low
CLM0003763,0.1733,0.4977,0.64,23680.23,62.2,Medium
CLM0003764,0.4758,0.2267,0.6725,4620.42,40.5,Medium
CLM0003765,0.2626,0.3223,0.64,1441.25,39.6,Low
CLM0003766,0.2831,0.308,0.38,676.51,27.2,Low
CLM0003767,0.6056,0.6168,0.6075,10682.57,54.6,Medium
CLM0003768,0.2521,0.4975,0.4775,567.27,37.0,Low
CLM0003769,0.2098,0.3971,0.9,11507.02,58.8,Medium
CLM0003770,0.2858,0.3984,0.7375,17531.81,57.0,Medium
CLM0003771,0.5552,0.4347,0.4125,1032.84,32.9,Low
CLM0003772,0.0819,0.1749,0.64,889.95,34.7,Low
CLM0003773,0.562,0.5425,0.4125,527.48,35.5,Low
CLM0003774,0.1528,0.205,0.64,526.84,35.4,Low
CLM0003775,0.1227,0.1906,0.64,1253.62,35.5,Low
CLM0003776,0.1528,0.2696,0.5425,995.19,33.4,Low
CLM0003777,0.116,0.3484,0.64,1980.45,40.8,Medium
CLM0003778,0.1226,0.1572,0.64,744.25,34.1,Low
CLM0003779,0.0786,0.2306,0.64,44.15,35.8,Low
CLM0003780,0.2148,0.3655,0.9,7416.94,55.6,Medium
CLM0003781,0.0862,0.1759,0.64,38.39,34.1,Low
CLM0003782,0.647,0.5169,0.25,1067.12,28.9,Low
CLM0003783,0.119,0.1231,0.64,576.3,32.9,Low
CLM0003784,0.2201,0.3882,0.64,11655.42,49.6,Medium
CLM0003785,0.0867,0.3433,0.64,109.24,39.2,Low
CLM0003786,0.2446,0.4205,0.4775,525.54,34.7,Low
CLM0003787,0.6624,0.4657,0.4125,2415.55,35.5,Low
CLM0003788,0.1445,0.3164,0.9,7226.95,54.0,Medium
CLM0003789,0.6195,0.567,0.3475,1728.54,35.1,Low
CLM0003790,0.1209,0.1856,0.64,832.37,35.0,Low
CLM0003791,0.0797,0.1118,0.64,53.4,32.2,Low
CLM0003792,0.2529,0.4599,0.7375,5763.86,50.9,Medium
CLM0003793,0.2301,0.4117,0.64,9812.14,48.8,Medium
CLM0003794,0.4471,0.4374,0.6725,16597.86,55.7,Medium
CLM0003795,0.078,0.1436,0.64,379.16,33.4,Low
CLM0003796,0.2183,0.3116,0.64,18.39,38.2,Low
CLM0003797,0.1513,0.1376,0.5425,389.94,28.9,Low
CLM0003798,0.2408,0.366,0.38,1000.97,29.4,Low
CLM0003799,0.5036,0.3571,0.77,4451.56,48.3,Medium
CLM0003800,0.5193,0.3622,0.77,5630.56,49.2,Medium
CLM0003801,0.4655,0.3749,0.51,1862.78,36.0,Low
CLM0003802,0.282,0.3581,0.5425,2681.71,37.6,Low
CLM0003803,0.608,0.5095,0.51,3132.78,41.3,Medium
CLM0003804,0.5752,0.4062,0.51,2688.49,37.8,Low
CLM0003805,0.2431,0.3792,0.64,1234.57,41.1,Medium
CLM0003806,0.1488,0.1723,0.64,1733.18,35.3,Low
CLM0003807,0.1265,0.1316,0.64,47.61,32.8,Low
CLM0003808,0.2461,0.5126,0.4775,890.33,37.8,Low
CLM0003809,0.2773,0.4968,0.38,952.8,33.3,Low
CLM0003810,0.0872,0.0957,0.64,11.59,31.7,Low
CLM0003811,0.5772,0.5103,0.25,223.62,27.0,Low
CLM0003812,0.2979,0.4035,0.4775,1037.28,34.7,Low
CLM0003813,0.2987,0.4949,0.64,11030.89,52.3,Medium
CLM0003814,0.7038,0.5288,0.51,1035.37,39.8,Low
CLM0003815,0.5886,0.5077,0.3475,593.38,31.7,Low
CLM0003816,0.0744,0.2343,0.64,2552.92,37.8,Low
CLM0003817,0.2784,0.3705,0.4775,1750.66,34.4,Low
CLM0003818,0.477,0.3006,0.4125,668.42,28.4,Low
CLM0003819,0.4499,0.5515,0.4775,1276.14,39.4,Low
CLM0003820,0.6098,0.4889,0.3475,514.43,31.0,Low
CLM0003821,0.1013,0.2546,0.64,30.84,36.5,Low
CLM0003822,0.1989,0.2496,0.64,2926.46,38.6,Low
CLM0003823,0.2228,0.5157,0.9,8595.22,60.7,Medium
CLM0003824,0.2779,0.4082,0.7375,8928.38,51.5,Medium
CLM0003825,0.6023,0.5286,0.4125,797.06,35.4,Low
CLM0003826,0.303,0.5016,0.38,859.51,33.3,Low
CLM0003827,0.6666,0.4916,0.51,878.91,38.6,Low
CLM0003828,0.1714,0.4203,0.64,129.36,41.5,Medium
CLM0003829,0.2398,0.4845,0.7375,5692.67,51.6,Medium
CLM0003830,0.5756,0.4011,0.51,718.19,35.7,Low
CLM0003831,0.5933,0.3977,0.6725,3942.79,45.1,Medium
CLM0003832,0.5739,0.4786,0.51,8288.81,45.4,Medium
CLM0003833,0.3389,0.3939,0.9,8566.82,57.1,Medium
CLM0003834,0.2558,0.4834,0.7375,5346.26,51.3,Medium
CLM0003835,0.3098,0.4074,0.4775,640.09,34.4,Low
CLM0003836,0.5103,0.3462,0.4125,2173.2,31.6,Low
CLM0003837,0.2537,0.4127,0.7375,9192.3,51.8,Medium
CLM0003838,0.2429,0.4636,0.38,647.85,31.9,Low
CLM0003839,0.2832,0.4494,0.38,758.28,31.6,Low
CLM0003840,0.2433,0.3695,0.4775,420.06,33.0,Low
CLM0003841,0.2474,0.5146,0.64,10687.79,52.6,Medium
CLM0003842,0.6133,0.5738,0.3475,1657.22,35.2,Low
CLM0003843,0.4607,0.4915,0.51,1463.42,39.1,Low
CLM0003844,0.0705,0.1697,0.5425,945.13,30.4,Low
CLM0003845,0.5965,0.6125,0.25,243.48,30.1,Low
CLM0003846,0.2233,0.2806,0.64,1097.45,38.1,Low
CLM0003847,0.1337,0.2018,0.64,19.91,34.9,Low
CLM0003848,0.1984,0.212,0.5425,330.05,31.1,Low
CLM0003849,0.2412,0.4161,0.38,1511.67,31.6,Low
CLM0003850,0.4474,0.5174,0.4775,832.83,37.9,Low
CLM0003851,0.5638,0.4557,0.25,111.48,25.1,Low
CLM0003852,0.47,0.3546,0.6725,3961.56,43.8,Medium
CLM0003853,0.0767,0.0991,0.64,68.71,31.8,Low
CLM0003854,0.5847,0.4846,0.3475,1678.46,32.6,Low
CLM0003855,0.2462,0.308,0.64,323.81,38.3,Low
CLM0003856,0.407,0.2838,0.6725,7021.96,44.0,Medium
CLM0003857,0.1021,0.1887,0.64,1301.92,35.5,Low
CLM0003858,0.5843,0.3868,0.77,5491.99,49.8,Medium
CLM0003859,0.5607,0.431,0.51,803.94,36.7,Low
CLM0003860,0.2281,0.3424,0.64,2851.01,41.3,Medium
CLM0003861,0.4389,0.3922,0.51,1230.89,35.9,Low
CLM0003862,0.2612,0.3847,0.38,691.64,29.6,Low
CLM0003863,0.3073,0.4712,0.38,1924.84,33.8,Low
CLM0003864,0.0878,0.1949,0.9,7998.3,50.8,Medium
CLM0003865,0.6776,0.4493,0.51,1684.17,38.1,Low
CLM0003866,0.6164,0.5515,0.3475,702.2,33.2,Low
CLM0003867,0.5796,0.6038,0.6075,7186.11,51.4,Medium
CLM0003868,0.5884,0.5439,0.25,591.61,28.8,Low
CLM0003869,0.1679,0.3272,0.64,1801.0,40.0,Low
CLM0003870,0.5861,0.4887,0.3475,932.82,31.6,Low
CLM0003871,0.6328,0.6113,0.51,8843.29,50.0,Medium
CLM0003872,0.5891,0.5544,0.6075,22372.46,62.4,Medium
CLM0003873,0.0588,0.1611,0.8025,9075.87,46.6,Medium
CLM0003874,0.5722,0.4986,0.3475,206.02,30.9,Low
CLM0003875,0.1353,0.1514,0.5425,855.64,29.7,Low
CLM0003876,0.2583,0.4297,0.7375,5087.58,49.5,Medium
CLM0003877,0.2207,0.2951,0.64,977.42,38.4,Low
CLM0003878,0.2354,0.2287,0.64,305.52,35.9,Low
CLM0003879,0.2626,0.3315,0.5425,322.54,34.7,Low
CLM0003880,0.2565,0.3323,0.64,1147.49,39.7,Low
CLM0003881,0.0623,0.2171,0.64,180.15,35.5,Low
CLM0003882,0.2813,0.4567,0.7375,5878.71,50.9,Medium
CLM0003883,0.2501,0.6061,0.4775,557.2,40.3,Medium
CLM0003884,0.0759,0.13,0.64,27.64,32.7,Low
CLM0003885,0.1115,0.1725,0.64,175.22,34.1,Low
CLM0003886,0.0961,0.2375,0.8025,10958.68,50.1,Medium
CLM0003887,0.2287,0.2875,0.64,135.05,37.5,Low
CLM0003888,0.2432,0.389,0.4775,732.79,33.9,Low
CLM0003889,0.4927,0.3601,0.77,7998.62,50.6,Medium
CLM0003890,0.2479,0.4524,0.4775,1790.65,36.9,Low
CLM0003891,0.5041,0.5054,0.51,1424.71,39.5,Low
CLM0003892,0.145,0.2944,0.64,183.76,37.8,Low
CLM0003893,0.2692,0.3203,0.64,1678.48,39.7,Low
CLM0003894,0.6497,0.4666,0.25,356.83,26.0,Low
CLM0003895,0.2091,0.3478,0.64,197.3,39.4,Low
CLM0003896,0.2157,0.4089,0.64,218.25,41.2,Medium
CLM0003897,0.1798,0.4135,0.64,379.05,41.5,Medium
CLM0003898,0.5374,0.4537,0.4125,1627.77,34.1,Low
CLM0003899,0.1679,0.3141,0.5425,620.27,34.4,Low
CLM0003900,0.4259,0.6456,0.38,747.06,37.5,Low
CLM0003901,0.4574,0.3747,0.4125,1675.84,31.8,Low
CLM0003902,0.1966,0.4575,0.5425,1128.42,39.2,Low
CLM0003903,0.1427,0.275,0.8025,6993.56,48.7,Medium
CLM0003904,0.2114,0.3474,0.7375,4785.64,46.9,Medium
CLM0003905,0.2981,0.3993,0.7375,4975.01,48.5,Medium
CLM0003906,0.2999,0.3582,0.4775,251.1,32.5,Low
CLM0003907,0.5369,0.4366,0.6725,15717.1,55.0,Medium
CLM0003908,0.1143,0.3689,0.64,2796.49,42.1,Medium
CLM0003909,0.2759,0.4636,0.4775,1049.86,36.5,Low
CLM0003910,0.125,0.2808,0.64,321.73,37.5,Low
CLM0003911,0.4261,0.284,0.6725,11533.05,47.4,Medium
CLM0003912,0.5953,0.6564,0.3475,319.3,35.8,Low
CLM0003913,0.2447,0.409,0.4775,2215.6,36.1,Low
CLM0003914,0.5345,0.4508,0.4125,1710.65,34.2,Low
CLM0003915,0.1201,0.3299,0.5425,742.8,35.0,Low
CLM0003916,0.2704,0.5244,0.7375,6380.65,53.2,Medium
CLM0003917,0.4415,0.5497,0.38,1436.23,35.5,Low
CLM0003918,0.5786,0.6054,0.3475,1168.99,35.5,Low
CLM0003919,0.7344,0.6626,0.6075,5626.91,51.8,Medium
CLM0003920,0.1646,0.3391,0.64,575.2,39.4,Low
CLM0003921,0.1915,0.3449,0.5425,1499.36,36.1,Low
CLM0003922,0.5934,0.3681,0.51,2225.27,36.2,Low
CLM0003923,0.2736,0.3531,0.5425,735.27,35.7,Low
CLM0003924,0.7451,0.5499,0.4125,321.9,35.4,Low
CLM0003925,0.636,0.6373,0.6075,11465.58,55.9,Medium
CLM0003926,0.1218,0.2721,0.64,1430.88,38.1,Low
CLM0003927,0.1305,0.3687,0.8025,14316.24,56.1,Medium
CLM0003928,0.2559,0.3256,0.64,411.28,38.9,Low
CLM0003929,0.1103,0.2777,0.64,2770.27,39.3,Low
CLM0003930,0.3031,0.4761,0.4775,991.35,36.8,Low
CLM0003931,0.616,0.5739,0.6075,7254.76,50.5,Medium
CLM0003932,0.6129,0.5818,0.3475,1065.98,34.6,Low
CLM0003933,0.2325,0.2413,0.5425,2249.31,33.7,Low
CLM0003934,0.2655,0.4236,0.64,6375.39,46.5,Medium
CLM0003935,0.13,0.1077,0.64,44.6,32.1,Low
CLM0003936,0.3058,0.5242,0.4775,680.31,37.9,Low
CLM0003937,0.1656,0.4163,0.64,442.23,41.6,Medium
CLM0003938,0.0818,0.0887,0.64,199.01,31.6,Low
CLM0003939,0.579,0.5203,0.3475,187.84,31.5,Low
CLM0003940,0.2378,0.4192,0.8025,4530.44,51.5,Medium
CLM0003941,0.1901,0.4224,0.64,97.42,41.5,Medium
CLM0003942,0.0914,0.1892,0.64,146.18,34.6,Low
CLM0003943,0.5245,0.5815,0.51,275.0,40.7,Medium
CLM0003944,0.1788,0.4497,0.38,566.42,31.3,Low
CLM0003945,0.1459,0.3234,0.64,61.8,38.5,Low
CLM0003946,0.5993,0.5537,0.3475,1548.69,34.5,Low
CLM0003947,0.276,0.3509,0.4775,786.25,32.8,Low
CLM0003948,0.282,0.4606,0.64,6644.24,47.8,Medium
CLM0003949,0.0575,0.2405,0.64,52.71,36.1,Low
CLM0003950,0.6186,0.5481,0.25,129.25,28.0,Low
CLM0003951,0.2662,0.4644,0.4775,1945.27,37.5,Low
CLM0003952,0.1152,0.2015,0.64,301.9,35.1,Low
CLM0003953,0.5581,0.4442,0.51,694.44,37.0,Low
CLM0003954,0.2501,0.3128,0.64,889.15,38.9,Low
CLM0003955,0.3002,0.4995,0.38,446.7,32.7,Low
CLM0003956,0.1249,0.3454,0.64,1518.33,40.3,Medium
CLM0003957,0.7787,0.72,0.3475,1751.44,39.8,Low
CLM0003958,0.2386,0.3674,0.64,1040.61,40.6,Medium
CLM0003959,0.0746,0.2167,0.64,665.51,35.8,Low
CLM0003960,0.2367,0.3276,0.64,278.7,38.8,Low
CLM0003961,0.1161,0.292,0.64,1231.35,38.5,Low
CLM0003962,0.5908,0.5492,0.25,397.6,28.5,Low
CLM0003963,0.1734,0.2038,0.5425,784.23,31.3,Low
CLM0003964,0.203,0.3507,0.64,298.13,39.6,Low
CLM0003965,0.1213,0.2721,0.64,87.74,37.0,Low
CLM0003966,0.2773,0.405,0.38,604.94,30.0,Low
CLM0003967,0.5776,0.4977,0.25,646.4,27.5,Low
CLM0003968,0.2521,0.488,0.38,1094.24,33.2,Low
CLM0003969,0.2707,0.5519,0.64,6970.38,50.8,Medium
CLM0003970,0.1446,0.1649,0.64,689.28,34.3,Low
CLM0003971,0.5909,0.5325,0.51,7374.89,46.2,Medium
CLM0003972,0.2135,0.4651,0.4775,1229.93,36.7,Low
CLM0003973,0.1669,0.2194,0.64,2835.82,37.6,Low
CLM0003974,0.2993,0.3716,0.4775,421.82,33.1,Low
CLM0003975,0.2788,0.3909,0.38,1624.11,31.0,Low
CLM0003976,0.3065,0.4834,0.7375,9040.08,53.8,Medium
CLM0003977,0.5887,0.5643,0.25,298.49,28.8,Low
CLM0003978,0.0745,0.245,0.8025,6950.93,47.8,Medium
CLM0003979,0.1239,0.3121,0.5425,664.98,34.4,Low
CLM0003980,0.2254,0.3806,0.4775,1601.38,34.6,Low
CLM0003981,0.5866,0.542,0.3475,522.47,32.6,Low
CLM0003982,0.2253,0.3932,0.5425,2150.68,38.2,Low
CLM0003983,0.0826,0.2534,0.8025,7432.67,48.3,Medium
CLM0003984,0.1871,0.2147,0.64,336.73,35.5,Low
CLM0003985,0.0919,0.277,0.64,2298.89,38.9,Low
CLM0003986,0.4121,0.2924,0.6725,12689.17,48.5,Medium
CLM0003987,0.5263,0.4133,0.51,1481.87,36.8,Low
CLM0003988,0.2566,0.3273,0.5425,527.72,34.7,Low
CLM0003989,0.5374,0.4671,0.6725,25863.33,63.5,Medium
CLM0003990,0.1298,0.2803,0.64,3324.08,39.8,Low
CLM0003991,0.2195,0.2988,0.9,7199.16,53.5,Medium
CLM0003992,0.2446,0.3827,0.38,1454.67,30.5,Low
CLM0003993,0.123,0.1296,0.64,15.05,32.7,Low
CLM0003994,0.1291,0.2065,0.5425,1629.12,32.1,Low
CLM0003995,0.0935,0.2996,0.64,44.05,37.8,Low
CLM0003996,0.0526,0.1684,0.64,257.78,34.1,Low
CLM0003997,0.1394,0.1726,0.5425,2351.73,31.8,Low
CLM0003998,0.2483,0.4496,0.4775,1609.84,36.7,Low
CLM0003999,0.2435,0.503,0.38,969.39,33.5,Low
CLM0004000,0.1009,0.2437,0.64,265.63,36.3,Low
CLM0004001,0.3048,0.3889,0.64,4626.34,44.1,Medium
CLM0004002,0.1225,0.2577,0.64,240.07,36.7,Low
CLM0004003,0.0752,0.2213,0.64,57.13,35.5,Low
CLM0004004,0.2072,0.3046,0.9,7811.68,54.0,Medium
CLM0004005,0.6274,0.551,0.3475,342.74,32.7,Low
CLM0004006,0.1755,0.338,0.64,698.07,39.5,Low
CLM0004007,0.23,0.3912,0.7375,6851.05,49.6,Medium
CLM0004008,0.1395,0.3849,0.8025,25109.61,63.3,Medium
CLM0004009,0.2228,0.3582,0.5425,1129.05,36.2,Low
CLM0004010,0.3073,0.4538,0.4775,1725.37,36.9,Low
CLM0004011,0.2827,0.4822,0.4775,198.15,36.2,Low
CLM0004012,0.2765,0.3802,0.38,1804.4,30.9,Low
CLM0004013,0.2873,0.4466,0.4775,1211.9,36.2,Low
CLM0004014,0.1372,0.1616,0.64,81.85,33.7,Low
CLM0004015,0.6397,0.5518,0.3475,1570.32,34.5,Low
CLM0004016,0.0776,0.2017,0.8025,4817.78,45.2,Medium
CLM0004017,0.1003,0.1885,0.64,59.85,34.5,Low
CLM0004018,0.2557,0.3712,0.4775,980.67,33.6,Low
CLM0004019,0.1937,0.3461,0.64,364.93,39.5,Low
CLM0004020,0.4342,0.3365,0.4125,986.9,29.9,Low
CLM0004021,0.071,0.1897,0.5425,2431.57,32.3,Low
CLM0004022,0.1556,0.2534,0.5425,842.67,32.8,Low
CLM0004023,0.63,0.6285,0.6075,7937.95,52.7,Medium
CLM0004024,0.0641,0.1639,0.64,414.71,34.0,Low
CLM0004025,0.5959,0.5021,0.3475,1295.87,32.6,Low
CLM0004026,0.5952,0.5454,0.6075,5245.11,48.0,Medium
CLM0004027,0.1296,0.2398,0.64,32.25,36.0,Low
CLM0004028,0.6184,0.5121,0.6075,10497.86,51.3,Medium
CLM0004029,0.5463,0.4499,0.51,2084.05,38.5,Low
CLM0004030,0.2086,0.2525,0.9,6555.46,51.7,Medium
CLM0004031,0.5452,0.616,0.51,641.19,42.1,Medium
CLM0004032,0.2316,0.3831,0.9,13226.21,59.3,Medium
CLM0004033,0.6262,0.462,0.3475,582.86,30.3,Low
CLM0004034,0.7771,0.6888,0.6075,10466.93,56.6,Medium
CLM0004035,0.2318,0.2912,0.64,586.68,38.0,Low
CLM0004036,0.1181,0.122,0.64,385.16,32.8,Low
CLM0004037,0.2224,0.3084,0.64,48.98,38.1,Low
CLM0004038,0.2285,0.3319,0.64,106.3,38.8,Low
CLM0004039,0.2123,0.3168,0.38,1778.42,28.9,Low
CLM0004040,0.6201,0.5536,0.25,288.99,28.4,Low
CLM0004041,0.064,0.1244,0.64,304.44,32.8,Low
CLM0004042,0.1044,0.2737,0.64,872.52,37.7,Low
CLM0004043,0.2497,0.381,0.8025,7155.39,52.0,Medium
CLM0004044,0.3202,0.2789,0.9,5368.84,51.8,Medium
CLM0004045,0.2693,0.4797,0.4775,1043.32,37.0,Low
CLM0004046,0.2589,0.4306,0.4775,604.93,35.0,Low
CLM0004047,0.644,0.4091,0.6725,11279.63,50.9,Medium
CLM0004048,0.2804,0.4579,0.38,725.14,31.8,Low
CLM0004049,0.1284,0.2908,0.64,101.75,37.6,Low
CLM0004050,0.5659,0.4471,0.4125,641.26,32.8,Low
CLM0004051,0.2769,0.4125,0.38,2088.38,32.2,Low
CLM0004052,0.2497,0.2905,0.64,283.82,37.7,Low
CLM0004053,0.2759,0.3283,0.38,894.87,28.1,Low
CLM0004054,0.2323,0.3523,0.64,2941.56,41.7,Medium
CLM0004055,0.2347,0.4161,0.5425,2581.9,39.3,Low
CLM0004056,0.5674,0.3981,0.4125,439.1,31.0,Low
CLM0004057,0.5348,0.4122,0.51,281.74,35.6,Low
CLM0004058,0.159,0.2971,0.64,70.49,37.8,Low
CLM0004059,0.102,0.291,0.9,23133.74,62.1,Medium
CLM0004060,0.2289,0.3651,0.64,1376.99,40.8,Medium
CLM0004061,0.2432,0.3447,0.8025,5350.97,49.8,Medium
CLM0004062,0.1967,0.2689,0.64,241.74,37.1,Low
CLM0004063,0.3746,0.4062,0.64,865.47,41.7,Medium
CLM0004064,0.5625,0.5486,0.6725,6348.37,51.4,Medium
CLM0004065,0.6194,0.3545,0.4125,1034.62,30.5,Low
CLM0004066,0.1339,0.2347,0.64,51.81,35.9,Low
CLM0004067,0.2264,0.2075,0.64,365.82,35.3,Low
CLM0004068,0.2631,0.4148,0.5425,1907.25,38.6,Low
CLM0004069,0.2975,0.4104,0.64,291.34,41.3,Medium
CLM0004070,0.2365,0.4612,0.64,7976.76,48.9,Medium
CLM0004071,0.1503,0.3195,0.64,106.61,38.5,Low
CLM0004072,0.2891,0.4767,0.64,3782.78,46.1,Medium
CLM0004073,0.1509,0.2986,0.5425,1849.2,35.1,Low
CLM0004074,0.2383,0.4817,0.4775,487.5,36.4,Low
CLM0004075,0.3205,0.3783,0.5425,1348.23,37.0,Low
CLM0004076,0.6013,0.4663,0.3475,471.6,30.3,Low
CLM0004077,0.3973,0.522,0.9,6621.77,59.8,Medium
CLM0004078,0.1016,0.1698,0.64,51.51,33.9,Low
CLM0004079,0.2437,0.3815,0.7375,6235.54,48.9,Medium
CLM0004080,0.6317,0.5046,0.6075,8744.41,49.7,Medium
CLM0004081,0.2322,0.3999,0.64,174.78,40.9,Medium
CLM0004082,0.2658,0.2978,0.64,1272.15,38.7,Low
CLM0004083,0.0576,0.1811,0.5425,1206.57,31.0,Low
CLM0004084,0.6285,0.5883,0.25,183.35,29.3,Low
CLM0004085,0.578,0.6183,0.51,6190.97,47.6,Medium
CLM0004086,0.6195,0.5211,0.3475,1398.23,33.3,Low
CLM0004087,0.2745,0.4823,0.7375,15366.96,58.1,Medium
CLM0004088,0.1265,0.398,0.64,3125.32,43.2,Medium
CLM0004089,0.1126,0.3005,0.64,140.35,37.9,Low
CLM0004090,0.786,0.6862,0.6075,8273.56,54.7,Medium
CLM0004091,0.1197,0.2315,0.64,60.01,35.8,Low
CLM0004092,0.4866,0.4216,0.3475,428.87,28.9,Low
CLM0004093,0.0851,0.1744,0.64,380.07,34.3,Low
CLM0004094,0.2445,0.388,0.4775,766.4,33.9,Low
CLM0004095,0.2209,0.4253,0.9,14054.72,61.1,Medium
CLM0004096,0.2156,0.4314,0.5425,2072.35,39.3,Low
CLM0004097,0.267,0.4563,0.38,607.88,31.6,Low
CLM0004098,0.1227,0.2631,0.64,2880.99,38.9,Low
CLM0004099,0.1554,0.308,0.8025,16713.97,55.8,Medium
CLM0004100,0.3103,0.3891,0.38,423.29,29.3,Low
CLM0004101,0.4561,0.4086,0.77,18283.83,58.8,Medium
CLM0004102,0.0593,0.1918,0.5425,1973.03,32.0,Low
CLM0004103,0.3115,0.4076,0.4775,2387.51,36.2,Low
CLM0004104,0.1715,0.3154,0.64,1449.91,39.4,Low
CLM0004105,0.1219,0.1857,0.5425,1337.36,31.2,Low
CLM0004106,0.4022,0.297,0.6725,8713.72,45.6,Medium
CLM0004107,0.1195,0.1979,0.64,1291.85,35.7,Low
CLM0004108,0.12,0.192,0.64,362.15,34.8,Low
CLM0004109,0.5813,0.6662,0.6075,8781.02,54.6,Medium
CLM0004110,0.2965,0.4591,0.7375,15379.88,57.4,Medium
CLM0004111,0.2076,0.267,0.8025,5339.74,47.4,Medium
CLM0004112,0.593,0.4835,0.3475,351.92,30.6,Low
CLM0004113,0.3886,0.3504,0.64,485.87,39.7,Low
CLM0004114,0.5797,0.6319,0.6075,5237.58,50.6,Medium
CLM0004115,0.5372,0.3602,0.6725,3871.98,43.9,Medium
CLM0004116,0.7427,0.6486,0.3475,788.13,36.2,Low
CLM0004117,0.2015,0.373,0.64,1857.83,41.4,Medium
CLM0004118,0.6032,0.4275,0.3475,710.91,29.5,Low
CLM0004119,0.2411,0.2101,0.5425,893.13,31.5,Low
CLM0004120,0.5783,0.5755,0.3475,1109.86,34.5,Low
CLM0004121,0.561,0.3388,0.51,847.47,33.9,Low
CLM0004122,0.2447,0.3953,0.64,2555.96,42.7,Medium
CLM0004123,0.404,0.631,0.64,8589.41,54.4,Medium
CLM0004124,0.4231,0.5183,0.64,5680.95,48.8,Medium
CLM0004125,0.2724,0.3763,0.9,11555.92,58.2,Medium
CLM0004126,0.5851,0.6825,0.6075,4819.71,51.8,Medium
CLM0004127,0.2871,0.4604,0.4775,1095.22,36.4,Low
CLM0004128,0.3006,0.4706,0.4775,1218.67,36.9,Low
CLM0004129,0.0774,0.2522,0.64,254.34,36.6,Low
CLM0004130,0.2663,0.3787,0.4775,222.73,33.1,Low
CLM0004131,0.251,0.2975,0.5425,762.51,34.0,Low
CLM0004132,0.217,0.4339,0.9,7004.04,57.4,Medium
CLM0004133,0.5922,0.5254,0.6075,5673.14,47.8,Medium
CLM0004134,0.1384,0.4129,0.64,1556.95,42.4,Medium
CLM0004135,0.2796,0.536,0.4775,517.45,38.1,Low
CLM0004136,0.2625,0.4762,0.4775,731.98,36.5,Low
CLM0004137,0.0864,0.2938,0.5425,2029.09,35.1,Low
CLM0004138,0.2827,0.3813,0.38,677.08,29.4,Low
CLM0004139,0.2045,0.3794,0.64,5.34,40.2,Medium
CLM0004140,0.2665,0.4653,0.8025,5066.34,53.2,Medium
CLM0004141,0.3358,0.3368,0.64,3003.28,41.2,Medium
CLM0004142,0.1089,0.2465,0.64,193.45,36.3,Low
CLM0004143,0.2645,0.4064,0.64,5135.37,45.0,Medium
CLM0004144,0.4739,0.3062,0.51,1523.56,33.6,Low
CLM0004145,0.0709,0.1083,0.64,166.68,32.2,Low
CLM0004146,0.1508,0.2348,0.64,64.61,35.9,Low
CLM0004147,0.5993,0.5429,0.51,3467.95,42.6,Medium
CLM0004148,0.3577,0.2903,0.64,380.58,37.8,Low
CLM0004149,0.2126,0.255,0.8025,10345.7,50.2,Medium
CLM0004150,0.578,0.396,0.51,534.6,35.4,Low
CLM0004151,0.2604,0.4661,0.4775,676.1,36.2,Low
CLM0004152,0.0851,0.3263,0.8025,9705.47,51.9,Medium
CLM0004153,0.2974,0.5376,0.4775,1298.73,39.0,Low
CLM0004154,0.0942,0.2695,0.64,3178.52,39.4,Low
CLM0004155,0.5478,0.5115,0.51,2218.52,40.5,Medium
CLM0004156,0.2571,0.4305,0.38,585.19,30.8,Low
CLM0004157,0.5998,0.5408,0.3475,389.44,32.4,Low
CLM0004158,0.6672,0.4613,0.77,6077.34,52.4,Medium
CLM0004159,0.1987,0.3699,0.5425,759.39,36.2,Low
CLM0004160,0.6157,0.4873,0.6075,3586.56,44.9,Medium
CLM0004161,0.29,0.4768,0.38,677.51,32.3,Low
CLM0004162,0.0658,0.1292,0.8025,5144.15,43.2,Medium
CLM0004163,0.1555,0.3374,0.64,841.88,39.6,Low
CLM0004164,0.0947,0.1976,0.64,214.0,34.9,Low
CLM0004165,0.5955,0.538,0.3475,924.82,33.1,Low
CLM0004166,0.0728,0.1126,0.5425,440.42,28.2,Low
CLM0004167,0.4766,0.3529,0.51,422.83,34.0,Low
CLM0004168,0.103,0.1912,0.5425,2080.77,32.1,Low
CLM0004169,0.5804,0.6457,0.25,763.41,32.1,Low
CLM0004170,0.2493,0.1975,0.5425,790.0,31.1,Low
CLM0004171,0.1968,0.3128,0.64,2143.46,39.9,Low
CLM0004172,0.2545,0.288,0.5425,1212.38,34.2,Low
CLM0004173,0.1123,0.3561,0.64,217.41,39.7,Low
CLM0004174,0.1185,0.1639,0.8025,11804.22,48.4,Medium
CLM0004175,0.1952,0.2696,0.64,782.3,37.5,Low
CLM0004176,0.2753,0.4294,0.38,562.57,30.7,Low
CLM0004177,0.0993,0.2468,0.5425,786.37,32.5,Low
CLM0004178,0.2698,0.3288,0.8025,5614.06,49.5,Medium
CLM0004179,0.1434,0.3633,0.64,2717.0,41.8,Medium
CLM0004180,0.0995,0.2385,0.5425,1844.51,33.3,Low
CLM0004181,0.095,0.1718,0.64,666.52,34.5,Low
CLM0004182,0.3018,0.4984,0.7375,7259.25,53.1,Medium
CLM0004183,0.6105,0.5591,0.25,794.22,29.6,Low
CLM0004184,0.2596,0.3499,0.5425,394.89,35.3,Low
CLM0004185,0.2435,0.3915,0.38,632.49,29.7,Low
CLM0004186,0.1833,0.372,0.64,2216.33,41.7,Medium
CLM0004187,0.2768,0.4035,0.7375,6728.26,49.9,Medium
CLM0004188,0.2793,0.3506,0.9,4993.65,53.8,Medium
CLM0004189,0.632,0.4797,0.25,374.92,26.4,Low
CLM0004190,0.2726,0.4491,0.7375,5376.54,50.3,Medium
CLM0004191,0.6091,0.4828,0.3475,856.41,31.4,Low
CLM0004192,0.2428,0.4509,0.9,8836.75,58.9,Medium
CLM0004193,0.2641,0.4523,0.38,1826.59,33.1,Low
CLM0004194,0.6138,0.5034,0.25,266.2,26.9,Low
CLM0004195,0.2653,0.5507,0.4775,2470.28,40.6,Medium
CLM0004196,0.4893,0.4208,0.4125,707.36,32.0,Low
CLM0004197,0.1308,0.2993,0.64,90.5,37.9,Low
CLM0004198,0.2269,0.2581,0.64,1563.4,37.8,Low
CLM0004199,0.6213,0.5717,0.25,207.2,28.8,Low
CLM0004200,0.2392,0.4186,0.4775,1139.95,35.2,Low
CLM0004201,0.2841,0.415,0.38,2013.93,32.2,Low
CLM0004202,0.2571,0.3913,0.4775,249.16,33.5,Low
CLM0004203,0.2324,0.3288,0.5425,2377.13,36.5,Low
CLM0004204,0.3076,0.4563,0.38,981.81,32.1,Low
CLM0004205,0.0856,0.1537,0.64,313.37,33.7,Low
CLM0004206,0.2378,0.4776,0.64,3613.63,46.0,Medium
CLM0004207,0.6022,0.5078,0.51,2516.04,40.6,Medium
CLM0004208,0.268,0.42,0.64,2045.96,43.0,Medium
CLM0004209,0.2008,0.3031,0.5425,539.74,34.0,Low
CLM0004210,0.2363,0.3761,0.4775,373.97,33.2,Low
CLM0004211,0.2593,0.3866,0.4775,1984.38,35.2,Low
CLM0004212,0.2521,0.3283,0.64,205.54,38.8,Low
CLM0004213,0.0825,0.2059,0.8025,5359.92,45.6,Medium
CLM0004214,0.1152,0.1309,0.64,84.65,32.8,Low
CLM0004215,0.0769,0.2606,0.5425,549.6,32.7,Low
CLM0004216,0.2521,0.4457,0.64,45.99,42.2,Medium
CLM0004217,0.086,0.1146,0.64,78.78,32.3,Low
CLM0004218,0.4997,0.3631,0.4125,855.08,30.5,Low
CLM0004219,0.2867,0.4234,0.38,578.88,30.6,Low
CLM0004220,0.5706,0.5326,0.3475,1706.82,34.1,Low
CLM0004221,0.2602,0.461,0.4775,2507.97,37.9,Low
CLM0004222,0.3741,0.5259,0.7375,4339.61,51.9,Medium
CLM0004223,0.086,0.2061,0.5425,1445.58,31.9,Low
CLM0004224,0.6323,0.5729,0.3475,470.05,33.5,Low
CLM0004225,0.1923,0.2907,0.64,51.03,37.6,Low
CLM0004226,0.0889,0.2058,0.5425,1054.22,31.6,Low
CLM0004227,0.6198,0.5547,0.25,1464.85,30.8,Low
CLM0004228,0.2082,0.3568,0.5425,2494.21,37.4,Low
CLM0004229,0.1354,0.2008,0.64,131.0,34.9,Low
CLM0004230,0.1834,0.3201,0.64,132.81,38.5,Low
CLM0004231,0.2733,0.4219,0.5425,843.9,37.8,Low
CLM0004232,0.5293,0.5157,0.51,1022.79,39.4,Low
CLM0004233,0.0526,0.1881,0.5425,700.73,30.7,Low
CLM0004234,0.1001,0.1102,0.64,203.51,32.3,Low
CLM0004235,0.6361,0.5395,0.6075,11187.33,52.7,Medium
CLM0004236,0.2622,0.3522,0.64,59.05,39.4,Low
CLM0004237,0.2383,0.4936,0.64,4993.82,47.5,Medium
CLM0004238,0.5961,0.4395,0.3475,1015.01,30.3,Low
CLM0004239,0.576,0.451,0.3475,403.34,29.7,Low
CLM0004240,0.1613,0.2546,0.64,892.31,37.1,Low
CLM0004241,0.2904,0.3604,0.38,958.88,29.2,Low
CLM0004242,0.2768,0.3453,0.38,1783.12,29.8,Low
CLM0004243,0.2896,0.489,0.64,13016.52,53.6,Medium
CLM0004244,0.499,0.4026,0.6725,22371.74,59.0,Medium
CLM0004245,0.6144,0.5075,0.77,23366.47,65.0,Medium
CLM0004246,0.5387,0.4989,0.6725,17454.75,58.2,Medium
CLM0004247,0.3047,0.3904,0.4775,839.52,34.1,Low
CLM0004248,0.2421,0.3899,0.38,1224.55,30.4,Low
CLM0004249,0.2274,0.3775,0.64,323.99,40.4,Medium
CLM0004250,0.12,0.1974,0.5425,1056.55,31.3,Low
CLM0004251,0.4758,0.3797,0.6725,13574.88,51.7,Medium
CLM0004252,0.1172,0.1838,0.64,253.42,34.5,Low
CLM0004253,0.088,0.2533,0.5425,240.69,32.2,Low
CLM0004254,0.3064,0.4305,0.7375,5632.41,49.9,Medium
CLM0004255,0.3932,0.4082,0.64,538.98,41.5,Medium
CLM0004256,0.1714,0.2322,0.64,343.07,36.0,Low
CLM0004257,0.2332,0.2988,0.4775,650.51,31.1,Low
CLM0004258,0.1146,0.2665,0.64,672.08,37.3,Low
CLM0004259,0.1107,0.1735,0.64,525.69,34.4,Low
CLM0004260,0.2341,0.3087,0.64,324.63,38.3,Low
CLM0004261,0.2236,0.3124,0.64,5369.08,42.4,Medium
CLM0004262,0.2815,0.3921,0.4775,815.68,34.1,Low
CLM0004263,0.0875,0.2355,0.8025,7750.58,48.0,Medium
CLM0004264,0.2374,0.364,0.38,871.39,29.2,Low
CLM0004265,0.592,0.5898,0.3475,1244.82,35.1,Low
CLM0004266,0.5961,0.4867,0.3475,1301.77,32.1,Low
CLM0004267,0.272,0.4729,0.4775,171.82,35.9,Low
CLM0004268,0.2729,0.5717,0.4775,2267.14,41.0,Medium
CLM0004269,0.3869,0.3579,0.64,9.59,39.5,Low
CLM0004270,0.3193,0.466,0.64,27.78,42.8,Medium
CLM0004271,0.2601,0.2503,0.64,70.87,36.4,Low
CLM0004272,0.5767,0.5268,0.51,651.94,39.4,Low
CLM0004273,0.0768,0.2797,0.64,52.99,37.2,Low
CLM0004274,0.2789,0.469,0.64,15642.98,55.1,Medium
CLM0004275,0.2104,0.3832,0.64,3280.6,42.9,Medium
CLM0004276,0.0963,0.1741,0.64,124.93,34.1,Low
CLM0004277,0.6288,0.5109,0.25,215.2,27.0,Low
CLM0004278,0.6293,0.4973,0.3475,837.49,31.8,Low
CLM0004279,0.2234,0.3615,0.5425,2262.09,37.3,Low
CLM0004280,0.6163,0.5823,0.3475,543.91,33.9,Low
CLM0004281,0.2568,0.4011,0.4775,1654.59,35.3,Low
CLM0004282,0.6396,0.5378,0.25,487.81,28.4,Low
CLM0004283,0.2882,0.4611,0.4775,1254.68,36.6,Low
CLM0004284,0.1211,0.1786,0.64,2664.05,36.2,Low
CLM0004285,0.101,0.1239,0.64,20.83,32.5,Low
CLM0004286,0.3583,0.5137,0.64,1361.86,45.3,Medium
CLM0004287,0.7324,0.6471,0.6075,9250.39,54.4,Medium
CLM0004288,0.3037,0.4578,0.38,786.15,31.9,Low
CLM0004289,0.2251,0.4051,0.4775,337.6,34.0,Low
CLM0004290,0.1471,0.2292,0.64,97.11,35.8,Low
CLM0004291,0.5897,0.5766,0.3475,1024.78,34.4,Low
CLM0004292,0.1465,0.3702,0.5425,763.48,36.2,Low
CLM0004293,0.373,0.4168,0.4775,477.3,34.5,Low
CLM0004294,0.1197,0.2474,0.64,913.75,36.9,Low
CLM0004295,0.2372,0.4313,0.4775,541.63,35.0,Low
CLM0004296,0.1179,0.2552,0.5425,1958.89,33.9,Low
CLM0004297,0.6439,0.4659,0.3475,1246.66,31.4,Low
CLM0004298,0.6444,0.5538,0.3475,610.32,33.1,Low
CLM0004299,0.29,0.4432,0.4775,523.53,35.3,Low
CLM0004300,0.2805,0.4584,0.4775,1923.81,37.3,Low
CLM0004301,0.3098,0.4241,0.7375,7755.01,51.2,Medium
CLM0004302,0.1003,0.1727,0.64,199.46,34.1,Low
CLM0004303,0.0927,0.215,0.8025,7054.24,47.0,Medium
CLM0004304,0.1086,0.2604,0.64,11.25,36.6,Low
CLM0004305,0.1368,0.2662,0.64,239.22,37.0,Low
CLM0004306,0.2521,0.3557,0.64,431.42,39.8,Low
CLM0004307,0.1077,0.1839,0.64,131.89,34.4,Low
CLM0004308,0.1142,0.2409,0.64,998.02,36.8,Low
CLM0004309,0.2761,0.437,0.64,4582.51,45.5,Medium
CLM0004310,0.2726,0.313,0.4775,1863.29,32.8,Low
CLM0004311,0.2309,0.4158,0.64,331.8,41.5,Medium
CLM0004312,0.2606,0.3894,0.38,360.31,29.3,Low
CLM0004313,0.135,0.3223,0.64,1525.95,39.7,Low
CLM0004314,0.2232,0.2517,0.64,2350.41,38.2,Low
CLM0004315,0.2715,0.26,0.5425,2056.14,34.1,Low
CLM0004316,0.6311,0.558,0.25,670.33,29.3,Low
CLM0004317,0.2332,0.4192,0.4775,1701.42,35.8,Low
CLM0004318,0.1367,0.1647,0.64,3.22,33.7,Low
CLM0004319,0.1402,0.1896,0.64,264.96,34.7,Low
CLM0004320,0.4878,0.2829,0.6725,4794.12,42.3,Medium
CLM0004321,0.0763,0.2417,0.64,74.63,36.1,Low
CLM0004322,0.4003,0.6282,0.7375,8810.35,58.0,Medium
CLM0004323,0.5988,0.5819,0.25,1474.24,31.7,Low
CLM0004324,0.2383,0.2746,0.64,212.36,37.2,Low
CLM0004325,0.1285,0.284,0.64,790.17,37.9,Low
CLM0004326,0.2232,0.2337,0.64,1121.23,36.7,Low
CLM0004327,0.3124,0.4851,0.64,5818.91,47.9,Medium
CLM0004328,0.4057,0.5161,0.7375,4442.82,51.7,Medium
CLM0004329,0.6047,0.5671,0.25,557.29,29.4,Low
CLM0004330,0.0957,0.2476,0.64,194.78,36.4,Low
CLM0004331,0.0707,0.1821,0.64,170.98,34.4,Low
CLM0004332,0.1927,0.369,0.64,5.86,39.9,Low
CLM0004333,0.2451,0.4047,0.4775,1122.01,34.8,Low
CLM0004334,0.2524,0.4009,0.64,8217.77,47.2,Medium
CLM0004335,0.5339,0.5182,0.6725,3737.11,48.6,Medium
CLM0004336,0.1235,0.1639,0.64,1915.1,35.2,Low
CLM0004337,0.1315,0.2256,0.64,1227.87,36.5,Low
CLM0004338,0.2194,0.2866,0.64,534.73,37.8,Low
CLM0004339,0.2602,0.3497,0.9,9070.97,56.0,Medium
CLM0004340,0.1196,0.2241,0.8025,8109.04,47.9,Medium
CLM0004341,0.586,0.5156,0.25,741.74,28.2,Low
CLM0004342,0.5834,0.5455,0.51,3317.26,42.6,Medium
CLM0004343,0.1588,0.2025,0.64,6.09,34.9,Low
CLM0004344,0.1214,0.2915,0.64,243.95,37.7,Low
CLM0004345,0.133,0.1832,0.5425,336.75,30.2,Low
CLM0004346,0.2464,0.6026,0.64,10787.24,55.3,Medium
CLM0004347,0.2806,0.3349,0.38,1611.94,29.3,Low
CLM0004348,0.0809,0.1719,0.64,586.73,34.4,Low
CLM0004349,0.1429,0.1831,0.64,181.89,34.4,Low
CLM0004350,0.2542,0.3845,0.7375,4540.48,47.8,Medium
CLM0004351,0.1218,0.1999,0.64,288.23,35.0,Low
CLM0004352,0.3066,0.5449,0.4775,896.59,38.8,Low
CLM0004353,0.5847,0.4845,0.4125,267.65,33.4,Low
CLM0004354,0.304,0.4152,0.38,2048.58,32.3,Low
CLM0004355,0.223,0.3999,0.5425,1087.5,37.4,Low
CLM0004356,0.6082,0.4896,0.3475,1621.58,32.7,Low
CLM0004357,0.1898,0.4381,0.5425,2472.5,39.8,Low
CLM0004358,0.1374,0.248,0.5425,814.86,32.6,Low
CLM0004359,0.2549,0.4495,0.38,530.15,31.3,Low
CLM0004360,0.5409,0.5064,0.77,12491.2,58.0,Medium
CLM0004361,0.0819,0.1764,0.5425,2966.78,32.4,Low
CLM0004362,0.1863,0.34,0.64,505.93,39.4,Low
CLM0004363,0.2059,0.3123,0.64,1018.14,39.0,Low
CLM0004364,0.1213,0.3413,0.64,133.35,39.1,Low
CLM0004365,0.6466,0.5947,0.3475,1029.86,35.0,Low
CLM0004366,0.2076,0.3603,0.64,436.62,40.0,Low
CLM0004367,0.2929,0.3505,0.8025,23374.98,61.2,Medium
CLM0004368,0.2741,0.5132,0.7375,8624.63,54.4,Medium
CLM0004369,0.603,0.512,0.25,213.67,27.0,Low
CLM0004370,0.118,0.3623,0.5425,709.45,35.9,Low
CLM0004371,0.6499,0.6597,0.25,322.42,31.7,Low
CLM0004372,0.3024,0.4708,0.4775,483.63,36.1,Low
CLM0004373,0.2115,0.2648,0.64,76.88,36.8,Low
CLM0004374,0.2734,0.434,0.4775,1076.14,35.6,Low
CLM0004375,0.1145,0.1905,0.64,2826.55,36.7,Low
CLM0004376,0.2456,0.3373,0.64,110.55,39.0,Low
CLM0004377,0.2364,0.3708,0.9,5383.31,54.6,Medium
CLM0004378,0.1252,0.3092,0.64,1510.09,39.3,Low
CLM0004379,0.6136,0.5482,0.3475,525.82,32.8,Low
CLM0004380,0.2391,0.4853,0.9,6488.87,58.7,Medium
CLM0004381,0.5505,0.509,0.6725,5468.1,49.6,Medium
CLM0004382,0.2592,0.3616,0.64,352.72,39.9,Low
CLM0004383,0.5722,0.4698,0.3475,1001.97,31.2,Low
CLM0004384,0.1426,0.3053,0.64,61.22,38.0,Low
CLM0004385,0.1486,0.2596,0.8025,10860.06,50.7,Medium
CLM0004386,0.2054,0.3308,0.8025,10988.09,52.9,Medium
CLM0004387,0.152,0.2456,0.64,1463.53,37.3,Low
CLM0004388,0.2864,0.4414,0.38,988.89,31.6,Low
CLM0004389,0.4293,0.5926,0.4775,400.97,39.7,Low
CLM0004390,0.133,0.3543,0.64,1715.05,40.8,Medium
CLM0004391,0.6135,0.4198,0.4125,519.89,31.8,Low
CLM0004392,0.1095,0.2269,0.5425,1456.06,32.6,Low
CLM0004393,0.5919,0.5626,0.6075,5980.37,49.1,Medium
CLM0004394,0.1513,0.2063,0.64,190.94,35.1,Low
CLM0004395,0.272,0.4634,0.5425,2678.79,40.8,Medium
CLM0004396,0.2594,0.3433,0.5425,1626.98,36.2,Low
CLM0004397,0.279,0.4692,0.38,1916.93,33.7,Low
CLM0004398,0.2934,0.3052,0.64,1573.78,39.2,Low
CLM0004399,0.148,0.1396,0.64,86.76,33.1,Low
CLM0004400,0.2458,0.3866,0.64,5938.8,45.0,Medium
CLM0004401,0.2453,0.3927,0.9,6403.95,55.8,Medium
CLM0004402,0.2582,0.4185,0.7375,13622.9,55.0,Medium
CLM0004403,0.3096,0.499,0.38,543.21,32.8,Low
CLM0004404,0.1433,0.2999,0.5425,1163.94,34.5,Low
CLM0004405,0.4859,0.3596,0.51,1404.94,35.1,Low
CLM0004406,0.2601,0.5015,0.4775,160.48,36.7,Low
CLM0004407,0.1023,0.2087,0.64,94.8,35.1,Low
CLM0004408,0.5812,0.4239,0.3475,402.16,28.9,Low
CLM0004409,0.5561,0.4672,0.77,12904.59,57.0,Medium
CLM0004410,0.0847,0.1886,0.64,840.65,35.1,Low
CLM0004411,0.2501,0.4436,0.4775,299.21,35.1,Low
CLM0004412,0.6299,0.6556,0.3475,425.98,35.9,Low
CLM0004413,0.1052,0.2518,0.64,833.64,37.0,Low
CLM0004414,0.571,0.4992,0.25,465.34,27.2,Low
CLM0004415,0.5788,0.55,0.3475,372.93,32.7,Low
CLM0004416,0.5126,0.3501,0.77,4489.7,48.1,Medium
CLM0004417,0.6275,0.5593,0.3475,1056.91,33.9,Low
CLM0004418,0.2406,0.2524,0.64,485.44,36.8,Low
CLM0004419,0.078,0.1343,0.64,638.18,33.3,Low
CLM0004420,0.6374,0.5116,0.25,497.28,27.6,Low
CLM0004421,0.1025,0.2949,0.5425,1734.84,34.9,Low
CLM0004422,0.4266,0.3146,0.4125,1038.53,29.3,Low
CLM0004423,0.2775,0.4599,0.64,3463.6,45.3,Medium
CLM0004424,0.2424,0.3938,0.64,1935.97,42.1,Medium
CLM0004425,0.2825,0.4841,0.38,905.64,32.8,Low
CLM0004426,0.6384,0.5908,0.3475,1438.71,35.4,Low
CLM0004427,0.1317,0.2093,0.64,144.95,35.2,Low
CLM0004428,0.2584,0.499,0.7375,9190.44,54.4,Medium
CLM0004429,0.2463,0.3024,0.64,1410.25,39.0,Low
CLM0004430,0.2606,0.5233,0.7375,8392.14,54.6,Medium
CLM0004431,0.1922,0.3637,0.64,556.84,40.1,Medium
CLM0004432,0.089,0.1581,0.5425,1393.11,30.4,Low
CLM0004433,0.1132,0.1327,0.64,280.76,33.0,Low
CLM0004434,0.1556,0.2335,0.64,113.23,35.9,Low
CLM0004435,0.2517,0.4678,0.5425,1076.25,39.4,Low
CLM0004436,0.5905,0.6403,0.3475,323.66,35.3,Low
CLM0004437,0.0778,0.2008,0.64,932.93,35.6,Low
CLM0004438,0.2922,0.537,0.38,1121.45,34.7,Low
CLM0004439,0.6252,0.5682,0.6075,8848.59,51.7,Medium
CLM0004440,0.6331,0.5251,0.51,3068.34,41.7,Medium
CLM0004441,0.2614,0.3896,0.38,1412.15,30.6,Low
CLM0004442,0.1623,0.1828,0.64,909.68,35.0,Low
CLM0004443,0.4305,0.3046,0.4125,764.09,28.6,Low
CLM0004444,0.2802,0.4175,0.4775,630.49,34.7,Low
CLM0004445,0.6073,0.4599,0.25,570.27,26.2,Low
CLM0004446,0.2256,0.216,0.64,343.15,35.5,Low
CLM0004447,0.264,0.4611,0.4775,430.31,35.8,Low
CLM0004448,0.5818,0.3487,0.51,601.99,34.0,Low
CLM0004449,0.4773,0.3853,0.4125,312.7,30.5,Low
CLM0004450,0.7368,0.6111,0.51,6223.76,47.4,Medium
CLM0004451,0.3076,0.4047,0.4775,1456.03,35.2,Low
CLM0004452,0.1977,0.2873,0.64,589.15,37.9,Low
CLM0004453,0.2344,0.4074,0.4775,1222.61,35.0,Low
CLM0004454,0.2111,0.3322,0.4775,819.6,32.3,Low
CLM0004455,0.139,0.2498,0.64,106.35,36.4,Low
CLM0004456,0.2141,0.3665,0.64,2002.34,41.4,Medium
CLM0004457,0.1261,0.3108,0.64,420.11,38.5,Low
CLM0004458,0.2782,0.3798,0.38,202.86,28.8,Low
CLM0004459,0.3088,0.4766,0.4775,925.22,36.8,Low
CLM0004460,0.1324,0.1383,0.8025,9356.65,46.1,Medium
CLM0004461,0.2762,0.3869,0.38,650.84,29.6,Low
CLM0004462,0.0789,0.2121,0.64,322.16,35.4,Low
CLM0004463,0.1456,0.3335,0.64,609.91,39.3,Low
CLM0004464,0.6202,0.4348,0.3475,1447.58,30.8,Low
CLM0004465,0.6035,0.5631,0.51,11734.76,51.3,Medium
CLM0004466,0.6029,0.5014,0.3475,582.08,31.5,Low
CLM0004467,0.107,0.2105,0.8025,4836.96,45.4,Medium
CLM0004468,0.6065,0.6566,0.25,1369.61,33.7,Low
CLM0004469,0.5163,0.4297,0.4125,2242.33,34.2,Low
CLM0004470,0.5063,0.3403,0.51,292.28,33.4,Low
CLM0004471,0.2109,0.2969,0.64,47.99,37.7,Low
CLM0004472,0.2295,0.3733,0.4775,1164.36,33.9,Low
CLM0004473,0.4885,0.3947,0.51,1074.02,35.8,Low
CLM0004474,0.2026,0.3101,0.64,1579.71,39.3,Low
CLM0004475,0.1989,0.3172,0.64,1062.65,39.1,Low
CLM0004476,0.1834,0.3183,0.64,2089.75,40.0,Low
CLM0004477,0.1177,0.3613,0.5425,1490.93,36.6,Low
CLM0004478,0.2539,0.2526,0.5425,2482.26,34.3,Low
CLM0004479,0.6397,0.5069,0.25,117.54,26.7,Low
CLM0004480,0.136,0.3012,0.64,120.79,37.9,Low
CLM0004481,0.5953,0.4194,0.77,5082.47,50.5,Medium
CLM0004482,0.1417,0.2566,0.8025,14382.57,52.8,Medium
CLM0004483,0.2037,0.4479,0.64,1386.75,43.3,Medium
CLM0004484,0.1079,0.2796,0.64,6.03,37.2,Low
CLM0004485,0.1791,0.2174,0.64,116.17,35.4,Low
CLM0004486,0.2821,0.3197,0.8025,7465.84,50.4,Medium
CLM0004487,0.2954,0.4782,0.38,570.12,32.2,Low
CLM0004488,0.5897,0.5716,0.6075,10294.05,53.0,Medium
CLM0004489,0.5993,0.585,0.6075,4766.24,48.8,Medium
CLM0004490,0.1445,0.2376,0.8025,15870.07,53.1,Medium
CLM0004491,0.2819,0.3051,0.38,315.11,26.7,Low
CLM0004492,0.6465,0.6034,0.3475,454.92,34.4,Low
CLM0004493,0.6084,0.4485,0.6075,3876.08,44.0,Medium
CLM0004494,0.3075,0.4649,0.64,3545.97,45.5,Medium
CLM0004495,0.1548,0.2663,0.64,466.19,37.2,Low
CLM0004496,0.1955,0.3391,0.64,1886.59,40.4,Medium
CLM0004497,0.1398,0.3172,0.64,1533.31,39.5,Low
CLM0004498,0.2285,0.3639,0.38,570.02,28.8,Low
CLM0004499,0.0696,0.2273,0.9,14549.54,55.4,Medium
CLM0004500,0.1279,0.1888,0.5425,518.87,30.6,Low
CLM0004501,0.5804,0.4103,0.25,254.52,24.1,Low
CLM0004502,0.1133,0.2605,0.64,129.16,36.7,Low
CLM0004503,0.151,0.2745,0.64,38.07,37.1,Low
CLM0004504,0.636,0.5356,0.6075,4631.33,47.2,Medium
CLM0004505,0.1539,0.2137,0.8025,4774.02,45.5,Medium
CLM0004506,0.2415,0.4571,0.38,1077.0,32.2,Low
CLM0004507,0.1874,0.3221,0.64,328.15,38.7,Low
CLM0004508,0.1407,0.4372,0.9,9424.66,58.9,Medium
CLM0004509,0.1311,0.2806,0.8025,18466.22,56.0,Medium
CLM0004510,0.2624,0.5382,0.4775,2760.79,40.5,Medium
CLM0004511,0.2982,0.3541,0.7375,9590.43,50.3,Medium
CLM0004512,0.2495,0.4197,0.64,5081.22,45.4,Medium
CLM0004513,0.2982,0.465,0.7375,8060.02,52.6,Medium
CLM0004514,0.1849,0.2884,0.64,2294.94,39.2,Low
CLM0004515,0.1364,0.2079,0.5425,2372.6,32.8,Low
CLM0004516,0.074,0.148,0.64,703.07,33.8,Low
CLM0004517,0.591,0.396,0.51,912.63,35.7,Low
CLM0004518,0.4521,0.56,0.64,5066.74,49.6,Medium
CLM0004519,0.2008,0.2784,0.9,5124.97,51.7,Medium
CLM0004520,0.2808,0.4724,0.4775,1238.43,37.0,Low
CLM0004521,0.245,0.4137,0.9,11199.8,59.1,Medium
CLM0004522,0.2812,0.4348,0.38,1142.63,31.6,Low
CLM0004523,0.0755,0.2373,0.5425,2564.85,33.9,Low
CLM0004524,0.2855,0.5599,0.7375,6427.37,54.3,Medium
CLM0004525,0.7306,0.6577,0.6075,8927.91,54.4,Medium
CLM0004526,0.5777,0.5139,0.6725,10964.27,53.8,Medium
CLM0004527,0.6032,0.4925,0.3475,228.27,30.7,Low
CLM0004528,0.2873,0.3355,0.5425,1721.04,36.1,Low
CLM0004529,0.1742,0.2498,0.64,451.17,36.6,Low
CLM0004530,0.6367,0.6093,0.6075,8626.52,52.7,Medium
CLM0004531,0.565,0.5651,0.6075,12541.53,54.6,Medium
CLM0004532,0.2625,0.3472,0.64,3650.17,42.1,Medium
CLM0004533,0.463,0.3035,0.51,2289.93,34.3,Low
CLM0004534,0.2047,0.3672,0.64,1493.88,41.0,Medium
CLM0004535,0.132,0.1855,0.64,1589.76,35.6,Low
CLM0004536,0.287,0.4431,0.38,539.09,31.1,Low
CLM0004537,0.1126,0.201,0.8025,8967.57,47.7,Medium
CLM0004538,0.2334,0.3111,0.64,2283.82,39.9,Low
CLM0004539,0.7958,0.7064,0.51,10138.03,54.1,Medium
CLM0004540,0.2816,0.1994,0.64,303.42,35.0,Low
CLM0004541,0.1223,0.4046,0.64,961.61,41.7,Medium
CLM0004542,0.2813,0.3651,0.38,1239.58,29.7,Low
CLM0004543,0.0953,0.2463,0.64,1179.17,37.1,Low
CLM0004544,0.1216,0.1631,0.5425,1654.51,30.8,Low
CLM0004545,0.1208,0.1365,0.64,257.54,33.1,Low
CLM0004546,0.0884,0.2527,0.8025,14018.84,52.4,Medium
CLM0004547,0.6156,0.5977,0.51,3319.94,44.1,Medium
CLM0004548,0.1157,0.1373,0.64,14.18,32.9,Low
CLM0004549,0.6096,0.5742,0.51,2760.36,42.9,Medium
CLM0004550,0.2361,0.2476,0.5425,940.8,32.7,Low
CLM0004551,0.5973,0.5308,0.6725,4927.41,49.8,Medium
CLM0004552,0.243,0.4125,0.4775,1263.48,35.2,Low
CLM0004553,0.2976,0.4091,0.38,1514.03,31.4,Low
CLM0004554,0.1009,0.3013,0.8025,7551.52,49.9,Medium
CLM0004555,0.0858,0.2656,0.64,295.04,37.0,Low
CLM0004556,0.5538,0.4195,0.51,681.63,36.2,Low
CLM0004557,0.2595,0.3829,0.4775,254.99,33.2,Low
CLM0004558,0.6402,0.4853,0.3475,1467.83,32.3,Low
CLM0004559,0.5269,0.4056,0.25,947.16,25.3,Low
CLM0004560,0.4181,0.5549,0.4775,1922.57,40.1,Medium
CLM0004561,0.0952,0.149,0.5425,729.27,29.6,Low
CLM0004562,0.2722,0.4893,0.64,19664.52,58.8,Medium
CLM0004563,0.5998,0.611,0.3475,1574.89,36.2,Low
CLM0004564,0.2541,0.5071,0.7375,8433.56,54.1,Medium
CLM0004565,0.2376,0.4589,0.38,420.71,31.4,Low
CLM0004566,0.566,0.5293,0.3475,410.02,32.1,Low
CLM0004567,0.1277,0.1601,0.5425,1084.18,30.2,Low
CLM0004568,0.5693,0.5281,0.51,5067.27,43.8,Medium
CLM0004569,0.2971,0.2901,0.64,2075.48,39.1,Low
CLM0004570,0.1896,0.2552,0.64,174.43,36.6,Low
CLM0004571,0.1981,0.1888,0.64,66.95,34.5,Low
CLM0004572,0.1435,0.1908,0.8025,6310.96,45.8,Medium
CLM0004573,0.1056,0.1872,0.64,345.41,34.7,Low
CLM0004574,0.2054,0.3661,0.64,2438.09,41.7,Medium
CLM0004575,0.0674,0.0974,0.5425,279.19,27.6,Low
CLM0004576,0.5716,0.4369,0.25,1398.15,27.2,Low
CLM0004577,0.6299,0.4935,0.3475,824.69,31.6,Low
CLM0004578,0.2894,0.3896,0.7375,5205.07,48.4,Medium
CLM0004579,0.2513,0.4635,0.4775,2571.63,38.1,Low
CLM0004580,0.3988,0.4854,0.4775,2352.07,38.5,Low
CLM0004581,0.2459,0.3937,0.38,451.55,29.5,Low
CLM0004582,0.206,0.4036,0.38,462.09,29.8,Low
CLM0004583,0.2796,0.2605,0.5425,2978.31,35.0,Low
CLM0004584,0.6289,0.5869,0.3475,1166.1,34.9,Low
CLM0004585,0.5399,0.4707,0.4125,323.45,33.1,Low
CLM0004586,0.112,0.2117,0.64,69.16,35.2,Low
CLM0004587,0.3547,0.4567,0.64,120.2,42.6,Medium
CLM0004588,0.16,0.2676,0.5425,1181.08,33.5,Low
CLM0004589,0.5255,0.3911,0.77,5462.48,49.9,Medium
CLM0004590,0.2074,0.3725,0.64,1760.06,41.4,Medium
CLM0004591,0.2478,0.4517,0.4775,809.45,35.9,Low
CLM0004592,0.0878,0.1801,0.64,679.76,34.7,Low
CLM0004593,0.092,0.1962,0.64,57.27,34.7,Low
CLM0004594,0.2903,0.3947,0.4775,628.24,34.0,Low
CLM0004595,0.2954,0.3773,0.38,444.88,29.0,Low
CLM0004596,0.1411,0.1958,0.64,12.61,34.7,Low
CLM0004597,0.2213,0.3425,0.64,1134.74,40.0,Low
CLM0004598,0.1066,0.1695,0.64,380.9,34.2,Low
CLM0004599,0.2852,0.5622,0.38,1415.78,35.8,Low
CLM0004600,0.2228,0.4521,0.64,15938.55,54.8,Medium
CLM0004601,0.0911,0.3967,0.64,483.53,41.1,Medium
CLM0004602,0.1283,0.279,0.64,54.69,37.2,Low
CLM0004603,0.5921,0.5756,0.25,891.34,30.3,Low
CLM0004604,0.2593,0.3657,0.9,11536.19,57.9,Medium
CLM0004605,0.6015,0.5022,0.25,1257.66,28.8,Low
CLM0004606,0.1406,0.2224,0.64,1093.23,36.3,Low
CLM0004607,0.4399,0.4717,0.38,729.71,32.2,Low
CLM0004608,0.0986,0.2851,0.64,685.25,37.9,Low
CLM0004609,0.469,0.3925,0.4125,1685.69,32.4,Low
CLM0004610,0.6258,0.5102,0.3475,1679.42,33.4,Low
CLM0004611,0.2752,0.4599,0.5425,2558.05,40.6,Medium
CLM0004612,0.1114,0.2132,0.64,11.82,35.2,Low
CLM0004613,0.242,0.3685,0.4775,981.65,33.6,Low
CLM0004614,0.2725,0.473,0.5425,1598.22,40.1,Medium
CLM0004615,0.3847,0.4326,0.64,64.69,41.8,Medium
CLM0004616,0.1535,0.1904,0.9,7550.84,50.4,Medium
CLM0004617,0.2276,0.3922,0.38,924.22,30.1,Low
CLM0004618,0.225,0.4446,0.5425,685.65,38.4,Low
CLM0004619,0.5811,0.5746,0.3475,1102.45,34.5,Low
CLM0004620,0.1837,0.3095,0.64,319.9,38.3,Low
CLM0004621,0.2291,0.3224,0.64,1365.72,39.5,Low
CLM0004622,0.4738,0.4519,0.77,4280.98,51.0,Medium
CLM0004623,0.129,0.2594,0.9,7209.5,52.3,Medium
CLM0004624,0.2317,0.4221,0.7375,9122.42,52.0,Medium
CLM0004625,0.2144,0.3364,0.5425,1661.79,36.0,Low
CLM0004626,0.2175,0.3237,0.9,6087.02,53.6,Medium
CLM0004627,0.0942,0.2682,0.5425,948.06,33.3,Low
CLM0004628,0.2849,0.4788,0.4775,2247.17,38.2,Low
CLM0004629,0.2792,0.5061,0.38,443.43,32.9,Low
CLM0004630,0.2548,0.4108,0.38,1588.05,31.5,Low
CLM0004631,0.5893,0.4824,0.51,3913.79,41.3,Medium
CLM0004632,0.5725,0.4214,0.51,596.2,36.2,Low
CLM0004633,0.1429,0.2489,0.64,477.96,36.6,Low
CLM0004634,0.0616,0.1692,0.64,406.41,34.2,Low
CLM0004635,0.1899,0.3485,0.64,21.04,39.3,Low
CLM0004636,0.2999,0.3736,0.4775,243.22,33.0,Low
CLM0004637,0.1351,0.1898,0.64,230.16,34.7,Low
CLM0004638,0.2432,0.4454,0.5425,966.5,38.7,Low
CLM0004639,0.275,0.4974,0.38,377.12,32.5,Low
CLM0004640,0.6367,0.5883,0.25,807.55,30.5,Low
CLM0004641,0.1994,0.2851,0.64,3231.71,39.9,Low
CLM0004642,0.2177,0.3163,0.64,1316.1,39.3,Low
CLM0004643,0.0825,0.2488,0.5425,494.29,32.3,Low
CLM0004644,0.2733,0.1949,0.64,988.47,35.4,Low
CLM0004645,0.1978,0.3562,0.64,1842.88,40.9,Medium
CLM0004646,0.2772,0.4551,0.4775,745.36,35.9,Low
CLM0004647,0.0604,0.1823,0.64,223.16,34.4,Low
CLM0004648,0.6084,0.5062,0.25,208.74,26.9,Low
CLM0004649,0.2168,0.2933,0.64,1189.82,38.5,Low
CLM0004650,0.0851,0.1899,0.64,156.77,34.6,Low
CLM0004651,0.0729,0.223,0.64,111.48,35.6,Low
CLM0004652,0.56,0.5524,0.3475,233.68,32.5,Low
CLM0004653,0.0855,0.2152,0.8025,11495.94,49.7,Medium
CLM0004654,0.1537,0.3335,0.5425,1608.65,35.9,Low
CLM0004655,0.2689,0.5271,0.38,1151.77,34.4,Low
CLM0004656,0.55,0.4807,0.4125,547.57,33.6,Low
CLM0004657,0.201,0.3084,0.64,56.32,38.1,Low
CLM0004658,0.2894,0.556,0.4775,2604.19,40.9,Medium
CLM0004659,0.4142,0.3058,0.51,745.32,32.9,Low
CLM0004660,0.2087,0.2954,0.64,614.84,38.1,Low
CLM0004661,0.1216,0.2132,0.64,32.31,35.2,Low
CLM0004662,0.414,0.3474,0.4125,2163.03,31.6,Low
CLM0004663,0.618,0.4876,0.25,1221.65,28.3,Low
CLM0004664,0.0794,0.3137,0.64,679.44,38.7,Low
CLM0004665,0.1315,0.1087,0.5425,2505.26,30.0,Low
CLM0004666,0.253,0.4803,0.4775,1762.51,37.7,Low
CLM0004667,0.3107,0.4781,0.4775,535.77,36.4,Low
CLM0004668,0.1209,0.2023,0.64,16.64,34.9,Low
CLM0004669,0.2744,0.3637,0.64,548.52,40.1,Medium
CLM0004670,0.279,0.4716,0.64,4092.9,46.1,Medium
CLM0004671,0.2438,0.3337,0.64,486.03,39.2,Low
CLM0004672,0.5855,0.4976,0.3475,870.4,31.8,Low
CLM0004673,0.4947,0.2905,0.51,1858.47,33.5,Low
CLM0004674,0.253,0.5235,0.4775,763.98,38.0,Low
CLM0004675,0.2536,0.3761,0.5425,2333.27,37.8,Low
CLM0004676,0.1255,0.0928,0.64,243.67,31.8,Low
CLM0004677,0.2396,0.4962,0.7375,6634.65,52.6,Medium
CLM0004678,0.0574,0.2263,0.8025,14945.58,52.2,Medium
CLM0004679,0.2639,0.4116,0.38,1736.19,31.7,Low
CLM0004680,0.6358,0.6024,0.3475,650.04,34.6,Low
CLM0004681,0.103,0.1951,0.64,735.52,35.2,Low
CLM0004682,0.1712,0.3083,0.64,2502.85,40.0,Low
CLM0004683,0.2461,0.3019,0.5425,640.64,34.1,Low
CLM0004684,0.405,0.2741,0.4125,946.09,27.9,Low
CLM0004685,0.2657,0.604,0.64,8130.62,53.3,Medium
CLM0004686,0.0646,0.153,0.64,300.83,33.6,Low
CLM0004687,0.1171,0.2765,0.64,181.1,37.2,Low
CLM0004688,0.6235,0.5059,0.25,564.72,27.6,Low
CLM0004689,0.5212,0.318,0.4125,2092.68,30.6,Low
CLM0004690,0.2606,0.4581,0.38,883.04,32.0,Low
CLM0004691,0.514,0.3992,0.77,5154.28,50.0,Medium
CLM0004692,0.5404,0.4318,0.51,874.54,36.8,Low
CLM0004693,0.5766,0.5331,0.4125,1710.23,36.6,Low
CLM0004694,0.266,0.3221,0.64,243.56,38.7,Low
CLM0004695,0.1517,0.2658,0.64,131.84,36.9,Low
CLM0004696,0.2671,0.3505,0.7375,17080.01,55.3,Medium
CLM0004697,0.4988,0.3911,0.25,765.15,24.5,Low
CLM0004698,0.0735,0.1837,0.5425,2584.18,32.3,Low
CLM0004699,0.2634,0.4188,0.64,7.62,41.4,Medium
CLM0004700,0.616,0.5158,0.25,406.19,27.5,Low
CLM0004701,0.2073,0.3517,0.5425,904.39,35.8,Low
CLM0004702,0.0964,0.1951,0.64,1044.21,35.5,Low
CLM0004703,0.5533,0.4195,0.77,7878.42,52.4,Medium
CLM0004704,0.0838,0.1736,0.64,295.16,34.2,Low
CLM0004705,0.3052,0.4192,0.38,584.48,30.4,Low
CLM0004706,0.1044,0.2351,0.64,768.9,36.5,Low
CLM0004707,0.0936,0.2419,0.64,286.8,36.3,Low
CLM0004708,0.0786,0.2618,0.9,16450.31,57.5,Medium
CLM0004709,0.2815,0.475,0.4775,2139.58,38.0,Low
CLM0004710,0.5114,0.3716,0.51,734.5,34.8,Low
CLM0004711,0.2267,0.3631,0.38,1057.81,29.4,Low
CLM0004712,0.2733,0.3015,0.4775,1713.14,32.3,Low
CLM0004713,0.1971,0.3448,0.64,488.64,39.5,Low
CLM0004714,0.1982,0.2632,0.64,117.5,36.8,Low
CLM0004715,0.1375,0.1889,0.64,1738.11,35.8,Low
CLM0004716,0.2531,0.4808,0.7375,6832.9,52.2,Medium
CLM0004717,0.2747,0.3594,0.4775,166.04,32.4,Low
CLM0004718,0.447,0.3615,0.4125,383.11,29.9,Low
CLM0004719,0.0873,0.1539,0.64,281.82,33.6,Low
CLM0004720,0.1705,0.2912,0.64,358.8,37.8,Low
CLM0004721,0.2409,0.4372,0.4775,1123.07,35.8,Low
CLM0004722,0.2369,0.3293,0.5425,441.37,34.7,Low
CLM0004723,0.406,0.3092,0.4125,1722.58,29.9,Low
CLM0004724,0.2169,0.3807,0.5425,986.98,36.7,Low
CLM0004725,0.2972,0.4521,0.38,500.78,31.3,Low
CLM0004726,0.4424,0.3216,0.77,13891.12,53.3,Medium
CLM0004727,0.1841,0.3218,0.64,425.82,38.8,Low
CLM0004728,0.5849,0.479,0.3475,588.22,30.9,Low
CLM0004729,0.13,0.2763,0.64,433.56,37.4,Low
CLM0004730,0.0797,0.2322,0.8025,7950.09,48.0,Medium
CLM0004731,0.4143,0.6435,0.4775,1183.26,42.0,Medium
CLM0004732,0.1043,0.1226,0.8025,5782.71,43.4,Medium
CLM0004733,0.1185,0.2243,0.64,43.92,35.6,Low
CLM0004734,0.5209,0.4346,0.51,815.35,36.8,Low
CLM0004735,0.6151,0.4562,0.3475,322.73,29.8,Low
CLM0004736,0.5735,0.5368,0.25,149.46,27.7,Low
CLM0004737,0.1286,0.2172,0.64,163.57,35.4,Low
CLM0004738,0.3187,0.2523,0.64,116.31,36.5,Low
CLM0004739,0.2382,0.3857,0.4775,1131.23,34.2,Low
CLM0004740,0.0574,0.1717,0.5425,953.98,30.4,Low
CLM0004741,0.2651,0.4186,0.4775,1307.0,35.4,Low
CLM0004742,0.2529,0.3882,0.64,2508.08,42.4,Medium
CLM0004743,0.1358,0.2144,0.5425,1121.4,31.9,Low
CLM0004744,0.1594,0.2133,0.5425,422.15,31.2,Low
CLM0004745,0.1608,0.275,0.64,538.22,37.5,Low
CLM0004746,0.0884,0.1866,0.9,9521.39,51.4,Medium
CLM0004747,0.4559,0.351,0.6725,5191.89,44.7,Medium
CLM0004748,0.262,0.4599,0.4775,1697.48,37.1,Low
CLM0004749,0.1708,0.3024,0.64,358.1,38.2,Low
CLM0004750,0.6067,0.4463,0.3475,339.7,29.5,Low
CLM0004751,0.3007,0.3971,0.4775,2648.02,36.2,Low
CLM0004752,0.3277,0.3418,0.9,7707.23,55.0,Medium
CLM0004753,0.2957,0.4168,0.4775,1300.12,35.4,Low
CLM0004754,0.1266,0.2262,0.64,1919.74,37.1,Low
CLM0004755,0.1195,0.1962,0.5425,2631.98,32.7,Low
CLM0004756,0.2337,0.3119,0.64,395.58,38.5,Low
CLM0004757,0.5027,0.449,0.4125,1008.15,33.3,Low
CLM0004758,0.6034,0.6236,0.51,3169.23,44.8,Medium
CLM0004759,0.1551,0.3314,0.64,736.03,39.3,Low
CLM0004760,0.2734,0.4184,0.7375,14110.93,55.3,Medium
CLM0004761,0.5857,0.6669,0.51,7825.34,50.6,Medium
CLM0004762,0.1449,0.2509,0.64,99.65,36.4,Low
CLM0004763,0.219,0.2121,0.5425,1864.13,32.5,Low
CLM0004764,0.2749,0.4995,0.64,9460.74,51.2,Medium
CLM0004765,0.5109,0.3428,0.51,618.95,33.8,Low
CLM0004766,0.1274,0.3089,0.9,8383.99,54.4,Medium
CLM0004767,0.2975,0.5048,0.38,665.36,33.1,Low
CLM0004768,0.1424,0.287,0.64,1486.23,38.6,Low
CLM0004769,0.2512,0.4091,0.8025,6420.67,52.4,Medium
CLM0004770,0.6033,0.4899,0.25,689.18,27.3,Low
CLM0004771,0.263,0.2155,0.8025,9275.61,48.4,Medium
CLM0004772,0.2699,0.4034,0.7375,4692.62,48.5,Medium
CLM0004773,0.139,0.3294,0.8025,19150.91,57.9,Medium
CLM0004774,0.208,0.4815,0.5425,869.56,39.7,Low
CLM0004775,0.2982,0.4469,0.4775,1023.09,36.0,Low
CLM0004776,0.2129,0.3606,0.4775,440.28,32.8,Low
CLM0004777,0.1576,0.2812,0.64,14.53,37.2,Low
CLM0004778,0.6469,0.4788,0.25,196.74,26.0,Low
CLM0004779,0.5858,0.5545,0.3475,284.61,32.7,Low
CLM0004780,0.081,0.1501,0.64,358.24,33.6,Low
CLM0004781,0.4114,0.3029,0.4125,598.12,28.4,Low
CLM0004782,0.2166,0.4472,0.9,9764.64,59.3,Medium
CLM0004783,0.5815,0.5634,0.3475,553.66,33.3,Low
CLM0004784,0.2008,0.3442,0.8025,5055.38,49.6,Medium
CLM0004785,0.1469,0.2036,0.64,1380.16,36.0,Low
CLM0004786,0.6182,0.597,0.6075,4728.4,49.1,Medium
CLM0004787,0.4733,0.3623,0.51,403.56,34.2,Low
CLM0004788,0.1042,0.2097,0.8025,12192.84,50.0,Medium
CLM0004789,0.227,0.3429,0.64,19.4,39.1,Low
CLM0004790,0.0702,0.2751,0.64,271.52,37.3,Low
CLM0004791,0.2756,0.3674,0.64,863.43,40.5,Medium
CLM0004792,0.5976,0.5917,0.4125,814.08,37.3,Low
CLM0004793,0.302,0.5438,0.4775,1209.35,39.1,Low
CLM0004794,0.1085,0.2115,0.64,71.53,35.2,Low
CLM0004795,0.3416,0.3196,0.64,170.67,38.5,Low
CLM0004796,0.2428,0.3735,0.7375,7062.87,49.2,Medium
CLM0004797,0.258,0.5133,0.4775,728.67,37.7,Low
CLM0004798,0.1252,0.1981,0.64,999.19,35.5,Low
CLM0004799,0.6257,0.6113,0.6075,5013.08,49.8,Medium
CLM0004800,0.6492,0.6582,0.25,299.57,31.6,Low
CLM0004801,0.7123,0.4952,0.3475,1452.97,32.6,Low
CLM0004802,0.2672,0.4566,0.38,211.71,31.1,Low
CLM0004803,0.5971,0.4574,0.77,11468.24,55.8,Medium
CLM0004804,0.1544,0.2225,0.64,327.19,35.7,Low
CLM0004805,0.3941,0.4482,0.8025,7625.73,54.3,Medium
CLM0004806,0.4541,0.4437,0.38,543.79,31.1,Low
CLM0004807,0.1091,0.1232,0.9,6262.29,47.7,Medium
CLM0004808,0.0685,0.2436,0.64,78.87,36.2,Low
CLM0004809,0.532,0.4399,0.51,595.99,36.7,Low
CLM0004810,0.2207,0.3674,0.64,1692.01,41.1,Medium
CLM0004811,0.4474,0.3458,0.51,1793.27,35.1,Low
CLM0004812,0.2318,0.3456,0.38,854.01,28.6,Low
CLM0004813,0.556,0.4438,0.6725,4235.9,46.7,Medium
CLM0004814,0.1453,0.3327,0.64,729.0,39.4,Low
CLM0004815,0.1544,0.2724,0.64,175.21,37.1,Low
CLM0004816,0.1291,0.2068,0.5425,1220.89,31.7,Low
CLM0004817,0.1994,0.343,0.64,3362.6,41.7,Medium
CLM0004818,0.7621,0.5691,0.4125,1124.52,37.0,Low
CLM0004819,0.2339,0.4447,0.64,3207.63,44.6,Medium
CLM0004820,0.1277,0.4129,0.5425,1610.61,38.3,Low
CLM0004821,0.2818,0.5262,0.7375,15158.13,59.3,Medium
CLM0004822,0.2487,0.328,0.7375,4756.99,46.3,Medium
CLM0004823,0.2351,0.4015,0.4775,1003.05,34.6,Low
CLM0004824,0.5287,0.4518,0.77,15727.87,58.4,Medium
CLM0004825,0.6274,0.5213,0.25,430.47,27.8,Low
CLM0004826,0.1002,0.1988,0.64,48.88,34.8,Low
CLM0004827,0.0985,0.1085,0.8025,8035.91,44.4,Medium
CLM0004828,0.2644,0.506,0.64,3686.88,46.9,Medium
CLM0004829,0.4788,0.4425,0.77,6507.98,52.2,Medium
CLM0004830,0.1193,0.1996,0.64,581.59,35.2,Low
CLM0004831,0.2036,0.2476,0.5425,976.43,32.7,Low
CLM0004832,0.6212,0.5831,0.6075,7268.46,50.8,Medium
CLM0004833,0.238,0.4756,0.38,623.72,32.2,Low
CLM0004834,0.5769,0.4748,0.3475,668.0,30.8,Low
CLM0004835,0.1294,0.3118,0.64,333.18,38.4,Low
CLM0004836,0.2161,0.4683,0.64,4126.48,46.1,Medium
CLM0004837,0.2568,0.4482,0.4775,610.67,35.6,Low
CLM0004838,0.5262,0.4252,0.4125,1973.99,33.7,Low
CLM0004839,0.2156,0.2745,0.64,1056.93,37.9,Low
CLM0004840,0.2426,0.627,0.7375,12462.36,60.4,Medium
CLM0004841,0.1141,0.1806,0.64,47.49,34.3,Low
CLM0004842,0.6165,0.5492,0.25,452.07,28.6,Low
CLM0004843,0.1436,0.3043,0.9,5623.07,52.8,Medium
CLM0004844,0.2473,0.4139,0.38,1765.54,31.8,Low
CLM0004845,0.1096,0.1732,0.5425,1870.21,31.3,Low
CLM0004846,0.2846,0.4959,0.7375,11346.44,55.8,Medium
CLM0004847,0.625,0.5548,0.3475,963.4,33.7,Low
CLM0004848,0.2297,0.2794,0.64,69.93,37.2,Low
CLM0004849,0.0875,0.2194,0.5425,2549.53,33.3,Low
CLM0004850,0.0901,0.2793,0.64,125.01,37.3,Low
CLM0004851,0.2408,0.5798,0.64,7209.17,51.8,Medium
CLM0004852,0.6146,0.4846,0.3475,263.57,30.6,Low
CLM0004853,0.2187,0.3813,0.7375,4386.21,47.6,Medium
CLM0004854,0.0985,0.1206,0.64,196.99,32.6,Low
CLM0004855,0.2799,0.4008,0.7375,4359.05,48.2,Medium
CLM0004856,0.1784,0.3201,0.64,839.16,39.1,Low
CLM0004857,0.2138,0.31,0.64,42.09,38.1,Low
CLM0004858,0.1691,0.2075,0.64,400.84,35.3,Low
CLM0004859,0.6444,0.556,0.3475,1839.86,35.0,Low
CLM0004860,0.306,0.3998,0.4775,1143.39,34.7,Low
CLM0004861,0.6036,0.4326,0.3475,1115.96,30.2,Low
CLM0004862,0.6023,0.5295,0.3475,287.83,31.9,Low
CLM0004863,0.6303,0.5764,0.6075,4548.05,48.4,Medium
CLM0004864,0.2261,0.3167,0.38,457.83,27.2,Low
CLM0004865,0.5324,0.4137,0.51,1273.35,36.6,Low
CLM0004866,0.1005,0.3151,0.8025,15323.49,55.1,Medium
CLM0004867,0.0968,0.1985,0.64,817.45,35.4,Low
CLM0004868,0.1627,0.2967,0.64,20.43,37.7,Low
CLM0004869,0.6039,0.6621,0.6075,9496.56,55.0,Medium
CLM0004870,0.169,0.1744,0.64,407.16,34.4,Low
CLM0004871,0.1107,0.1985,0.64,776.52,35.4,Low
CLM0004872,0.5951,0.6623,0.3475,520.82,36.3,Low
CLM0004873,0.5909,0.4033,0.4125,1313.23,32.3,Low
CLM0004874,0.0904,0.2868,0.5425,622.62,33.6,Low
CLM0004875,0.2404,0.4169,0.38,461.99,30.2,Low
CLM0004876,0.621,0.5419,0.25,275.14,28.1,Low
CLM0004877,0.1966,0.397,0.9,19010.35,63.0,Medium
CLM0004878,0.1242,0.2653,0.9,25401.61,62.6,Medium
CLM0004879,0.4212,0.4403,0.4775,2265.83,37.1,Low
CLM0004880,0.2557,0.3685,0.4775,2201.46,34.8,Low
CLM0004881,0.6037,0.4996,0.25,767.82,27.8,Low
CLM0004882,0.5827,0.6171,0.51,2215.93,43.6,Medium
CLM0004883,0.7614,0.6893,0.6075,4705.96,51.9,Medium
CLM0004884,0.275,0.4574,0.7375,10475.83,54.0,Medium
CLM0004885,0.2508,0.2663,0.64,3237.56,39.3,Low
CLM0004886,0.5603,0.5423,0.25,209.49,27.9,Low
CLM0004887,0.2288,0.3909,0.38,628.71,29.7,Low
CLM0004888,0.6042,0.6324,0.25,1351.81,32.9,Low
CLM0004889,0.2488,0.4719,0.8025,19281.75,62.3,Medium
CLM0004890,0.6105,0.4669,0.3475,398.51,30.2,Low
CLM0004891,0.4827,0.4384,0.51,676.23,36.8,Low
CLM0004892,0.158,0.3859,0.64,2087.71,42.0,Medium
CLM0004893,0.201,0.3374,0.5425,987.66,35.4,Low
CLM0004894,0.2921,0.5093,0.4775,1508.44,38.3,Low
CLM0004895,0.6223,0.5184,0.25,131.92,27.1,Low
CLM0004896,0.2839,0.51,0.64,5910.19,48.7,Medium
CLM0004897,0.1695,0.1981,0.64,97.5,34.8,Low
CLM0004898,0.4156,0.4251,0.51,2228.47,37.9,Low
CLM0004899,0.1198,0.2741,0.64,3019.33,39.4,Low
CLM0004900,0.0967,0.3259,0.64,14.96,38.6,Low
CLM0004901,0.296,0.4691,0.7375,4640.89,50.4,Medium
CLM0004902,0.5774,0.4447,0.4125,1738.52,34.0,Low
CLM0004903,0.2139,0.2613,0.8025,5105.01,47.1,Medium
CLM0004904,0.5965,0.5052,0.3475,1406.76,32.8,Low
CLM0004905,0.367,0.4287,0.64,1604.53,42.9,Medium
CLM0004906,0.2386,0.4302,0.64,7678.59,47.7,Medium
CLM0004907,0.2583,0.3424,0.7375,12113.66,51.7,Medium
CLM0004908,0.1,0.2856,0.64,277.97,37.6,Low
CLM0004909,0.6305,0.5558,0.3475,280.96,32.7,Low
CLM0004910,0.6286,0.5188,0.3475,1135.94,32.8,Low
CLM0004911,0.2433,0.547,0.4775,640.05,38.6,Low
CLM0004912,0.0631,0.1765,0.5425,1076.9,30.7,Low
CLM0004913,0.5373,0.3565,0.51,2046.39,35.7,Low
CLM0004914,0.114,0.2083,0.5425,641.12,31.3,Low
CLM0004915,0.57,0.4733,0.3475,1167.64,31.5,Low
CLM0004916,0.2412,0.4647,0.38,522.09,31.7,Low
CLM0004917,0.1031,0.1135,0.64,243.92,32.4,Low
CLM0004918,0.0723,0.1556,0.64,77.75,33.5,Low
CLM0004919,0.6274,0.49,0.25,451.61,26.9,Low
CLM0004920,0.2145,0.4509,0.9,28196.39,69.7,Medium
CLM0004921,0.2417,0.6286,0.7375,17943.66,64.2,Medium
CLM0004922,0.2383,0.1801,0.64,248.88,34.4,Low
CLM0004923,0.3756,0.5578,0.64,2053.32,47.1,Medium
CLM0004924,0.1303,0.176,0.5425,1804.63,31.4,Low
CLM0004925,0.2392,0.4773,0.4775,656.75,36.5,Low
CLM0004926,0.0883,0.2456,0.5425,934.04,32.6,Low
CLM0004927,0.6653,0.434,0.6725,3957.95,46.2,Medium
CLM0004928,0.1339,0.2608,0.64,223.83,36.8,Low
CLM0004929,0.133,0.228,0.64,72.69,35.7,Low
CLM0004930,0.5459,0.5698,0.77,4404.7,54.6,Medium
CLM0004931,0.2757,0.2876,0.38,159.89,25.9,Low
CLM0004932,0.3114,0.4455,0.4775,758.56,35.6,Low
CLM0004933,0.2809,0.3573,0.4775,662.4,32.9,Low
CLM0004934,0.074,0.1444,0.64,83.92,33.2,Low
CLM0004935,0.2873,0.3133,0.9,7416.52,54.0,Medium
CLM0004936,0.2791,0.4471,0.38,1635.96,32.7,Low
CLM0004937,0.1148,0.3417,0.64,2780.43,41.2,Medium
CLM0004938,0.2584,0.504,0.4775,924.04,37.6,Low
CLM0004939,0.1642,0.2945,0.64,2754.73,39.8,Low
CLM0004940,0.0823,0.2618,0.8025,15415.07,53.6,Medium
CLM0004941,0.0901,0.1779,0.64,110.2,34.2,Low
CLM0004942,0.4911,0.3418,0.4125,430.02,29.3,Low
CLM0004943,0.0618,0.1052,0.64,344.9,32.2,Low
CLM0004944,0.2238,0.2877,0.64,221.73,37.6,Low
CLM0004945,0.7178,0.5531,0.6725,9001.67,53.5,Medium
CLM0004946,0.2683,0.3645,0.38,507.54,28.7,Low
CLM0004947,0.2439,0.371,0.5425,1022.02,36.5,Low
CLM0004948,0.2911,0.4809,0.38,882.43,32.7,Low
CLM0004949,0.0695,0.1376,0.64,111.1,33.0,Low
CLM0004950,0.4562,0.3573,0.51,1676.12,35.3,Low
CLM0004951,0.2922,0.3146,0.4775,644.72,31.6,Low
CLM0004952,0.0836,0.191,0.5425,1399.26,31.4,Low
CLM0004953,0.1536,0.2695,0.5425,1631.63,34.0,Low
CLM0004954,0.131,0.222,0.5425,1249.32,32.2,Low
CLM0004955,0.1336,0.2647,0.8025,6417.4,48.1,Medium
CLM0004956,0.2864,0.3486,0.4775,1179.81,33.2,Low
CLM0004957,0.626,0.5118,0.25,307.17,27.2,Low
CLM0004958,0.0766,0.1922,0.64,182.63,34.7,Low
CLM0004959,0.2486,0.4888,0.8025,16062.83,60.8,Medium
CLM0004960,0.5972,0.4857,0.51,465.16,38.0,Low
CLM0004961,0.2296,0.1926,0.5425,1602.62,31.7,Low
CLM0004962,0.5894,0.6039,0.25,1004.59,31.4,Low
CLM0004963,0.13,0.2585,0.64,1103.6,37.4,Low
CLM0004964,0.2544,0.456,0.7375,6449.53,51.2,Medium
CLM0004965,0.0962,0.2282,0.64,21.39,35.7,Low
CLM0004966,0.131,0.1549,0.64,927.01,34.2,Low
CLM0004967,0.0919,0.2117,0.9,5928.05,50.1,Medium
CLM0004968,0.5476,0.4986,0.4125,1172.35,34.9,Low
CLM0004969,0.499,0.3904,0.51,1156.32,35.8,Low
CLM0004970,0.1221,0.2268,0.64,282.48,35.8,Low
CLM0004971,0.5956,0.4979,0.3475,704.87,31.6,Low
CLM0004972,0.5903,0.5455,0.3475,308.34,32.4,Low
CLM0004973,0.2372,0.3742,0.4775,681.39,33.4,Low
CLM0004974,0.2594,0.4071,0.5425,2098.31,38.6,Low
CLM0004975,0.0908,0.2266,0.64,1125.07,36.5,Low
CLM0004976,0.4531,0.461,0.4125,2115.8,35.0,Low
CLM0004977,0.1194,0.221,0.5425,1716.78,32.6,Low
CLM0004978,0.1119,0.2321,0.5425,915.25,32.2,Low
CLM0004979,0.1599,0.2775,0.64,92.12,37.2,Low
CLM0004980,0.2466,0.415,0.38,1442.97,31.4,Low
CLM0004981,0.2815,0.6054,0.38,1049.88,36.6,Low
CLM0004982,0.7037,0.6216,0.6075,8794.49,53.2,Medium
CLM0004983,0.1259,0.201,0.64,108.77,34.9,Low
CLM0004984,0.2387,0.3851,0.38,486.3,29.3,Low
CLM0004985,0.2493,0.4715,0.38,1172.45,32.8,Low
CLM0004986,0.2287,0.435,0.38,578.85,30.9,Low
CLM0004987,0.5808,0.5843,0.3475,1095.89,34.7,Low
CLM0004988,0.2435,0.5142,0.7375,6883.04,53.3,Medium
CLM0004989,0.2415,0.5603,0.38,698.36,34.8,Low
CLM0004990,0.2404,0.5363,0.64,8097.54,51.2,Medium
CLM0004991,0.1963,0.3462,0.64,1370.16,40.3,Medium
CLM0004992,0.1121,0.2615,0.64,1575.83,37.9,Low
CLM0004993,0.105,0.2452,0.64,119.85,36.3,Low
CLM0004994,0.2442,0.3217,0.64,1787.18,39.8,Low
CLM0004995,0.2057,0.3452,0.8025,7215.78,51.0,Medium
CLM0004996,0.282,0.3906,0.4775,275.69,33.5,Low
CLM0004997,0.1248,0.2373,0.5425,2451.62,33.8,Low
CLM0004998,0.2544,0.4101,0.38,1071.89,30.8,Low
CLM0004999,0.1308,0.2317,0.64,151.3,35.9,Low
CLM0005000,0.2835,0.4835,0.4775,1406.26,37.5,Low
CLM0005001,0.2053,0.2255,0.6726,125.56,40.3,Medium
CLM0005002,0.4086,0.234,0.4063,387.03,22.9,Low
CLM0005003,0.2609,0.4832,0.4364,1273.97,40.2,Medium
CLM0005004,0.2679,0.3412,0.5024,3084.16,33.7,Low
CLM0005005,0.204,0.2279,0.6664,1476.85,39.0,Low
CLM0005006,0.0668,0.165,0.6472,410.41,32.5,Low
CLM0005007,0.0959,0.2467,0.5498,2810.69,29.6,Low
CLM0005008,0.611,0.4265,0.5059,1231.3,35.0,Low
CLM0005009,0.2047,0.3114,0.6428,2325.47,33.2,Low
CLM0005010,0.1284,0.331,0.6753,492.0,46.4,Medium
CLM0005011,0.2413,0.3712,0.611,423.0,42.5,Medium
CLM0005012,0.5736,0.366,0.8044,6213.93,49.7,Medium
CLM0005013,0.1898,0.3288,0.5455,800.84,29.6,Low
CLM0005014,0.2091,0.3069,0.4736,1151.74,32.6,Low
CLM0005015,0.6312,0.531,0.3519,316.48,30.5,Low
CLM0005016,0.0849,0.141,0.6487,331.86,34.4,Low
CLM0005017,0.3513,0.4994,0.7639,5853.38,51.1,Medium
CLM0005018,0.2267,0.3816,0.6184,2333.23,41.9,Medium
CLM0005019,0.643,0.5324,0.3984,468.3,36.4,Low
CLM0005020,0.1763,0.2364,0.5226,1032.72,24.9,Low
CLM0005021,0.6353,0.4626,0.3969,371.62,30.0,Low
CLM0005022,0.4128,0.3025,0.4359,840.35,21.4,Low
CLM0005023,0.1789,0.2788,0.669,281.28,36.3,Low
CLM0005024,0.2851,0.363,0.3734,831.09,26.9,Low
CLM0005025,0.1134,0.2995,0.7598,8120.39,51.8,Medium
CLM0005026,0.0861,0.2292,0.8036,11262.13,45.9,Medium
CLM0005027,0.2361,0.2844,0.6169,129.42,42.3,Medium
CLM0005028,0.1339,0.304,0.5108,1105.62,41.8,Medium
CLM0005029,0.052,0.2002,0.6755,238.81,36.6,Low
CLM0005030,0.2891,0.4027,0.5256,948.31,41.8,Medium
CLM0005031,0.2603,0.4232,0.5305,2180.77,37.4,Low
CLM0005032,0.2351,0.4336,0.7265,8854.24,45.4,Medium
CLM0005033,0.1223,0.1541,0.7997,10140.94,42.9,Medium
CLM0005034,0.2255,0.2033,0.4902,1494.61,28.9,Low
CLM0005035,0.6171,0.6078,0.3338,490.29,26.0,Low
CLM0005036,0.2687,0.4716,0.3773,218.39,28.3,Low
CLM0005037,0.1835,0.4466,0.5577,2904.44,46.0,Medium
CLM0005038,0.2637,0.4301,0.3877,1477.52,37.0,Low
CLM0005039,0.5669,0.5809,0.3649,1063.68,37.5,Low
CLM0005040,0.6171,0.6319,0.5727,10618.31,52.8,Medium
CLM0005041,0.3066,0.4691,0.7534,7187.32,47.7,Medium
CLM0005042,0.2501,0.4676,0.3112,1035.7,28.1,Low
CLM0005043,0.2681,0.438,0.3522,445.2,29.7,Low
CLM0005044,0.5787,0.4625,0.3656,1028.46,32.1,Low
CLM0005045,0.1152,0.3496,0.651,1372.55,32.5,Low
CLM0005046,0.4244,0.3005,0.4259,657.17,27.3,Low
CLM0005047,0.233,0.3639,0.5242,1861.01,33.6,Low
CLM0005048,0.4551,0.6031,0.7265,28823.08,65.4,Medium
CLM0005049,0.2366,0.4093,0.3321,721.99,34.3,Low
CLM0005050,0.1236,0.2729,0.6369,1432.34,32.7,Low
CLM0005051,0.5999,0.4264,0.2729,771.7,22.7,Low
CLM0005052,0.1228,0.2659,0.7496,4711.98,48.1,Medium
CLM0005053,0.3599,0.3791,0.382,1688.76,31.6,Low
CLM0005054,0.2067,0.5925,0.3733,465.31,38.5,Low
CLM0005055,0.0568,0.1558,0.611,70.46,37.7,Low
CLM0005056,0.1309,0.2406,0.6603,69.35,45.3,Medium
CLM0005057,0.604,0.5363,0.3542,300.43,37.1,Low
CLM0005058,0.2735,0.444,0.6463,3328.72,49.1,Medium
CLM0005059,0.6432,0.5184,0.2341,662.2,30.5,Low
CLM0005060,0.278,0.4523,0.492,1103.24,35.5,Low
CLM0005061,0.1238,0.2386,0.5489,1022.37,27.6,Low
CLM0005062,0.12,0.2067,0.6183,488.06,36.5,Low
CLM0005063,0.2995,0.3772,0.3684,224.39,29.5,Low
CLM0005064,0.2054,0.4646,0.4783,1520.28,39.8,Low
CLM0005065,0.5743,0.3942,0.4304,444.85,26.9,Low
CLM0005066,0.5852,0.3658,0.218,661.57,22.4,Low
CLM0005067,0.1356,0.174,0.6267,137.74,33.2,Low
CLM0005068,0.317,0.4815,0.4913,2456.64,34.3,Low
CLM0005069,0.2221,0.2245,0.6218,691.22,33.9,Low
CLM0005070,0.2252,0.3355,0.5008,1439.49,35.1,Low
CLM0005071,0.2353,0.4752,0.4385,1637.87,35.6,Low
CLM0005072,0.1579,0.2382,0.6468,68.13,30.9,Low
CLM0005073,0.312,0.5013,0.4788,665.14,35.0,Low
CLM0005074,0.5504,0.4891,0.676,7823.88,51.0,Medium
CLM0005075,0.5424,0.3323,0.4599,2050.56,33.4,Low
CLM0005076,0.5497,0.4265,0.5298,710.85,42.7,Medium
CLM0005077,0.1798,0.2943,0.602,404.53,38.3,Low
CLM0005078,0.1773,0.1921,0.6429,1967.29,36.6,Low
CLM0005079,0.1658,0.3612,0.6342,1884.68,38.0,Low
CLM0005080,0.2251,0.235,0.7857,6579.02,51.5,Medium
CLM0005081,0.2436,0.378,0.5126,1717.53,36.0,Low
CLM0005082,0.6693,0.4976,0.2595,1397.95,28.2,Low
CLM0005083,0.2035,0.3774,0.7392,4500.82,49.0,Medium
CLM0005084,0.5943,0.3811,0.5119,1210.92,35.6,Low
CLM0005085,0.1045,0.1771,0.6095,176.92,38.2,Low
CLM0005086,0.2718,0.3116,0.6733,208.67,40.6,Medium
CLM0005087,0.2537,0.3662,0.5252,1319.35,37.6,Low
CLM0005088,0.1116,0.0605,0.6509,10.49,33.4,Low
CLM0005089,0.0593,0.1696,0.6352,276.3,43.2,Medium
CLM0005090,0.2642,0.478,0.6664,4839.49,55.5,Medium
CLM0005091,0.5776,0.6227,0.3541,1100.95,27.0,Low
CLM0005092,0.0781,0.2437,0.6454,508.16,34.5,Low
CLM0005093,0.584,0.5991,0.2216,569.99,33.7,Low
CLM0005094,0.0819,0.1631,0.5333,1008.55,32.6,Low
CLM0005095,0.2257,0.2097,0.5309,1025.01,33.6,Low
CLM0005096,0.1246,0.331,0.6071,36.22,37.0,Low
CLM0005097,0.1498,0.174,0.6545,80.66,30.1,Low
CLM0005098,0.1229,0.1942,0.6251,5.84,38.8,Low
CLM0005099,0.7481,0.5822,0.4997,2974.41,40.6,Medium
CLM0005100,0.1456,0.2718,0.5562,1462.67,40.2,Medium
CLM0005101,0.2197,0.4407,0.6026,53.45,38.0,Low
CLM0005102,0.2324,0.4072,0.3788,474.78,27.6,Low
CLM0005103,0.2534,0.2086,0.5923,1585.46,40.1,Medium
CLM0005104,0.5899,0.4879,0.3637,606.49,29.8,Low
CLM0005105,0.2734,0.4348,0.367,200.17,34.6,Low
CLM0005106,0.1864,0.2305,0.5538,1070.44,26.3,Low
CLM0005107,0.3157,0.3663,0.6283,139.08,40.9,Medium
CLM0005108,0.1937,0.2537,0.6602,302.22,40.2,Medium
CLM0005109,0.0795,0.192,0.6324,287.64,30.1,Low
CLM0005110,0.1454,0.2748,0.7681,5016.35,52.0,Medium
CLM0005111,0.0996,0.2469,0.636,367.41,41.9,Medium
CLM0005112,0.258,0.368,0.6152,284.37,42.6,Medium
CLM0005113,0.2654,0.4575,0.3873,293.77,23.4,Low
CLM0005114,0.2176,0.3335,0.6262,90.18,31.4,Low
CLM0005115,0.2813,0.4375,0.4134,525.87,29.9,Low
CLM0005116,0.2795,0.4995,0.737,8026.99,51.6,Medium
CLM0005117,0.2441,0.4981,0.6099,42231.3,73.3,High
CLM0005118,0.2116,0.4619,0.4329,2502.77,42.6,Medium
CLM0005119,0.1237,0.0684,0.6428,415.83,32.1,Low
CLM0005120,0.5839,0.5005,0.5653,4067.96,44.0,Medium
CLM0005121,0.2328,0.3914,0.6013,6551.05,46.6,Medium
CLM0005122,0.2839,0.4388,0.4816,2213.62,36.9,Low
CLM0005123,0.2302,0.3377,0.6418,907.28,47.6,Medium
CLM0005124,0.6607,0.6423,0.2679,1137.64,40.7,Medium
CLM0005125,0.4589,0.4781,0.6208,2871.5,37.7,Low
CLM0005126,0.5722,0.4853,0.4133,431.78,36.6,Low
CLM0005127,0.2521,0.4198,0.375,818.5,30.1,Low
CLM0005128,0.1396,0.1924,0.5629,1372.86,27.9,Low
CLM0005129,0.704,0.584,0.2541,411.92,32.0,Low
CLM0005130,0.5908,0.3698,0.4889,1743.16,41.2,Medium
CLM0005131,0.538,0.4209,0.7678,9051.17,57.8,Medium
CLM0005132,0.3074,0.3871,0.7374,6953.82,51.0,Medium
CLM0005133,0.5813,0.4965,0.3463,1599.84,29.6,Low
CLM0005134,0.6545,0.5686,0.6086,7615.55,50.3,Medium
CLM0005135,0.4954,0.429,0.5193,1068.91,32.5,Low
CLM0005136,0.1187,0.2245,0.6157,503.02,38.7,Low
CLM0005137,0.3148,0.4883,0.4734,1512.16,32.8,Low
CLM0005138,0.3215,0.3899,0.344,986.58,33.3,Low
CLM0005139,0.1689,0.3075,0.621,23.94,41.2,Medium
CLM0005140,0.1557,0.3407,0.9144,5715.05,53.2,Medium
CLM0005141,0.4143,0.4182,0.6891,5790.55,51.2,Medium
CLM0005142,0.2372,0.2652,0.5994,5463.1,48.4,Medium
CLM0005143,0.4833,0.4574,0.7998,4836.45,54.7,Medium
CLM0005144,0.6015,0.5743,0.3178,496.68,27.5,Low
CLM0005145,0.1193,0.2556,0.6018,51.84,35.7,Low
CLM0005146,0.1921,0.2513,0.6503,166.26,37.1,Low
CLM0005147,0.1092,0.1239,0.5173,303.81,32.4,Low
CLM0005148,0.2331,0.3387,0.4675,1046.69,27.4,Low
CLM0005149,0.2396,0.3878,0.5315,894.46,32.6,Low
CLM0005150,0.2508,0.2822,0.526,737.6,38.3,Low
CLM0005151,0.5597,0.2833,0.5139,1239.65,36.9,Low
CLM0005152,0.1359,0.2597,0.6829,717.69,36.5,Low
CLM0005153,0.2298,0.3127,0.776,11702.35,47.5,Medium
CLM0005154,0.0945,0.2883,0.6714,1064.59,35.6,Low
CLM0005155,0.5708,0.4111,0.5081,685.41,33.5,Low
CLM0005156,0.2098,0.3291,0.8053,5328.08,54.5,Medium
CLM0005157,0.2824,0.3271,0.46,385.26,34.9,Low
CLM0005158,0.6185,0.4828,0.2964,361.8,27.0,Low
CLM0005159,0.6292,0.5326,0.6672,6926.18,44.1,Medium
CLM0005160,0.2562,0.5251,0.432,1175.64,36.1,Low
CLM0005161,0.1212,0.3189,0.5622,957.5,33.5,Low
CLM0005162,0.3097,0.4449,0.828,8481.18,53.5,Medium
CLM0005163,0.1166,0.2343,0.617,181.8,36.3,Low
CLM0005164,0.31,0.4953,0.4598,720.88,31.4,Low
CLM0005165,0.1054,0.2574,0.6127,116.79,39.6,Low
CLM0005166,0.2398,0.4817,0.4238,633.62,35.3,Low
CLM0005167,0.2238,0.4317,0.4926,2425.25,41.0,Medium
CLM0005168,0.3632,0.4723,0.4918,2360.12,37.4,Low
CLM0005169,0.1629,0.3024,0.9437,6206.84,47.6,Medium
CLM0005170,0.4581,0.3789,0.6561,4255.89,47.6,Medium
CLM0005171,0.1372,0.2228,0.5345,1836.26,33.4,Low
CLM0005172,0.6295,0.5755,0.3243,489.57,35.0,Low
CLM0005173,0.5568,0.3912,0.2492,235.08,28.3,Low
CLM0005174,0.1969,0.269,0.6508,165.15,33.4,Low
CLM0005175,0.2827,0.4774,0.4589,706.14,28.7,Low
CLM0005176,0.5656,0.5581,0.3555,281.49,34.7,Low
CLM0005177,0.1386,0.2102,0.6385,79.01,28.7,Low
CLM0005178,0.1192,0.3198,0.6472,1101.46,36.5,Low
CLM0005179,0.1879,0.3916,0.4286,2360.82,37.5,Low
CLM0005180,0.6058,0.6816,0.6158,25087.69,72.9,High
CLM0005181,0.4207,0.5977,0.4742,2022.86,42.0,Medium
CLM0005182,0.1439,0.1218,0.574,1604.02,29.7,Low
CLM0005183,0.0994,0.2731,0.6493,868.61,40.7,Medium
CLM0005184,0.2171,0.3665,0.6752,2387.9,42.6,Medium
CLM0005185,0.2363,0.5782,0.6247,7767.24,53.6,Medium
CLM0005186,0.283,0.3932,0.498,233.47,31.8,Low
CLM0005187,0.2664,0.3011,0.6352,895.97,36.6,Low
CLM0005188,0.2751,0.4032,0.485,1154.7,40.6,Medium
CLM0005189,0.3046,0.4103,0.456,584.1,32.1,Low
CLM0005190,0.3006,0.4854,0.4649,1741.16,39.9,Low
CLM0005191,0.2597,0.5147,0.707,4768.5,52.1,Medium
CLM0005192,0.1277,0.2718,0.8916,14589.53,51.4,Medium
CLM0005193,0.6484,0.6072,0.3136,106.52,29.1,Low
CLM0005194,0.2175,0.3201,0.5737,715.33,30.7,Low
CLM0005195,0.2437,0.3739,0.6516,2761.4,46.0,Medium
CLM0005196,0.0988,0.1629,0.6542,459.18,27.1,Low
CLM0005197,0.3158,0.5103,0.3458,463.85,37.1,Low
CLM0005198,0.3,0.3205,0.5468,2552.54,32.7,Low
CLM0005199,0.2604,0.4794,0.3568,689.63,22.7,Low
CLM0005200,0.6291,0.4782,0.2992,1018.63,32.9,Low
CLM0005201,0.6362,0.5158,0.3136,212.56,32.1,Low
CLM0005202,0.1297,0.204,0.6528,500.04,30.8,Low
CLM0005203,0.142,0.2306,0.8987,8949.67,57.3,Medium
CLM0005204,0.0562,0.1986,0.6486,1309.69,29.3,Low
CLM0005205,0.1985,0.4904,0.545,1260.29,31.1,Low
CLM0005206,0.2938,0.5655,0.3638,522.76,30.8,Low
CLM0005207,0.2132,0.4442,0.4927,825.11,37.1,Low
CLM0005208,0.6753,0.5551,0.2541,1167.31,33.8,Low
CLM0005209,0.1202,0.1749,0.7616,5528.02,47.9,Medium
CLM0005210,0.2637,0.4516,0.3475,458.06,34.5,Low
CLM0005211,0.265,0.419,0.65,1861.74,45.0,Medium
CLM0005212,0.1663,0.238,0.6474,314.29,38.5,Low
CLM0005213,0.181,0.3541,0.6655,1962.16,40.4,Medium
CLM0005214,0.236,0.3906,0.743,4586.02,49.2,Medium
CLM0005215,0.2732,0.4323,0.474,148.76,32.6,Low
CLM0005216,0.5482,0.4744,0.4949,948.06,34.2,Low
CLM0005217,0.2182,0.269,0.5381,698.22,35.4,Low
CLM0005218,0.4465,0.4049,0.5316,1080.23,35.6,Low
CLM0005219,0.588,0.5163,0.5197,2995.04,41.5,Medium
CLM0005220,0.1792,0.3054,0.5169,1075.67,34.8,Low
CLM0005221,0.6001,0.445,0.3637,436.37,32.5,Low
CLM0005222,0.1171,0.2459,0.7745,12396.8,52.2,Medium
CLM0005223,0.1924,0.2894,0.6154,218.29,30.8,Low
CLM0005224,0.2602,0.5108,0.7182,19767.73,64.0,Medium
CLM0005225,0.1413,0.24,0.6692,41.82,37.2,Low
CLM0005226,0.2173,0.3809,0.9171,7851.55,56.1,Medium
CLM0005227,0.1957,0.4267,0.3951,860.82,31.2,Low
CLM0005228,0.1926,0.2336,0.6608,255.05,39.1,Low
CLM0005229,0.4913,0.1937,0.421,1202.33,31.0,Low
CLM0005230,0.1288,0.3998,0.6103,578.59,43.7,Medium
CLM0005231,0.1749,0.2566,0.9021,7503.95,53.3,Medium
CLM0005232,0.0966,0.3008,0.6532,2416.48,36.9,Low
CLM0005233,0.2562,0.477,0.439,2136.05,40.3,Medium
CLM0005234,0.2929,0.5068,0.3508,847.83,27.4,Low
CLM0005235,0.5118,0.4521,0.4201,1139.3,34.2,Low
CLM0005236,0.2661,0.44,0.5391,621.62,37.0,Low
CLM0005237,0.1639,0.1883,0.5471,1433.8,31.8,Low
CLM0005238,0.4192,0.3874,0.4257,509.32,25.4,Low
CLM0005239,0.5584,0.5839,0.5932,23908.14,62.8,Medium
CLM0005240,0.4393,0.5045,0.3533,1254.82,39.4,Low
CLM0005241,0.1611,0.3259,0.6663,21.99,41.4,Medium
CLM0005242,0.283,0.4943,0.6421,469.51,39.6,Low
CLM0005243,0.0734,0.1151,0.5339,347.15,29.7,Low
CLM0005244,0.2564,0.497,0.6659,7571.11,48.7,Medium
CLM0005245,0.1431,0.24,0.5097,1834.64,31.4,Low
CLM0005246,0.2453,0.4131,0.6354,430.34,34.2,Low
CLM0005247,0.1129,0.2594,0.6341,1945.0,38.5,Low
CLM0005248,0.0806,0.229,0.6178,1601.53,33.9,Low
CLM0005249,0.5578,0.442,0.3625,910.92,31.1,Low
CLM0005250,0.24,0.4539,0.7769,6383.2,48.2,Medium
CLM0005251,0.1443,0.3087,0.8417,21033.56,61.1,Medium
CLM0005252,0.2353,0.4084,0.4015,1092.07,39.1,Low
CLM0005253,0.6088,0.462,0.4637,769.58,35.1,Low
CLM0005254,0.2422,0.4201,0.6165,3129.47,41.9,Medium
CLM0005255,0.6063,0.6256,0.3496,1092.38,35.5,Low
CLM0005256,0.2715,0.2844,0.6563,94.33,35.7,Low
CLM0005257,0.6252,0.4848,0.3827,730.92,33.0,Low
CLM0005258,0.4408,0.2269,0.63,5223.86,46.2,Medium
CLM0005259,0.2136,0.3937,0.7166,5519.75,47.8,Medium
CLM0005260,0.2625,0.4801,0.6328,3399.12,43.7,Medium
CLM0005261,0.6346,0.5147,0.5874,3320.89,47.3,Medium
CLM0005262,0.2757,0.542,0.4206,1533.31,31.5,Low
CLM0005263,0.341,0.4215,0.6447,5237.23,46.8,Medium
CLM0005264,0.5811,0.5777,0.5048,5596.64,42.7,Medium
CLM0005265,0.0661,0.1643,0.6298,177.41,30.6,Low
CLM0005266,0.3591,0.5176,0.6542,706.99,45.7,Medium
CLM0005267,0.2329,0.3596,0.6498,1156.95,37.4,Low
CLM0005268,0.1198,0.2165,0.8416,7854.77,49.9,Medium
CLM0005269,0.205,0.4137,0.3405,127.78,30.2,Low
CLM0005270,0.2593,0.3554,0.5177,327.86,33.6,Low
CLM0005271,0.2672,0.4534,0.6247,178.34,42.0,Medium
CLM0005272,0.1224,0.2718,0.8176,9584.96,48.2,Medium
CLM0005273,0.5651,0.5596,0.2297,182.71,29.2,Low
CLM0005274,0.1148,0.2463,0.6848,264.52,40.3,Medium
CLM0005275,0.1382,0.19,0.5248,353.26,28.4,Low
CLM0005276,0.3042,0.5165,0.7653,7117.15,57.4,Medium
CLM0005277,0.6,0.5123,0.3282,256.29,28.8,Low
CLM0005278,0.3566,0.4179,0.451,543.83,29.6,Low
CLM0005279,0.2467,0.5042,0.638,4142.16,47.6,Medium
CLM0005280,0.2154,0.393,0.6504,1060.96,44.4,Medium
CLM0005281,0.251,0.4185,0.3684,793.69,26.9,Low
CLM0005282,0.3163,0.4656,0.3279,445.71,39.7,Low
CLM0005283,0.283,0.3304,0.4793,1017.02,38.7,Low
CLM0005284,0.4865,0.4032,0.4641,1424.89,39.2,Low
CLM0005285,0.2632,0.4378,0.367,324.79,27.2,Low
CLM0005286,0.6633,0.634,0.6139,4409.73,48.7,Medium
CLM0005287,0.3367,0.3976,0.4733,1842.33,43.0,Medium
CLM0005288,0.096,0.2182,0.809,5301.56,42.3,Medium
CLM0005289,0.2612,0.3758,0.6057,8294.01,44.9,Medium
CLM0005290,0.1505,0.5006,0.6588,1865.15,43.7,Medium
CLM0005291,0.6253,0.5021,0.3418,1183.42,25.9,Low
CLM0005292,0.5839,0.612,0.2254,1277.9,32.0,Low
CLM0005293,0.032,0.2583,0.5324,1243.61,24.5,Low
CLM0005294,0.1956,0.2214,0.5283,368.68,26.8,Low
CLM0005295,0.274,0.3928,0.6748,191.89,40.6,Medium
CLM0005296,0.1443,0.1823,0.5504,843.5,37.0,Low
CLM0005297,0.2644,0.3045,0.6417,2049.87,45.1,Medium
CLM0005298,0.1394,0.2014,0.5899,1050.47,27.4,Low
CLM0005299,0.2195,0.361,0.6151,4.85,30.1,Low
CLM0005300,0.1388,0.2995,0.6328,676.3,35.0,Low
CLM0005301,0.5874,0.5963,0.2396,262.51,25.8,Low
CLM0005302,0.1474,0.3289,0.6049,516.84,32.2,Low
CLM0005303,0.0569,0.4523,0.6321,464.19,42.6,Medium
CLM0005304,0.1602,0.2142,0.6607,368.14,34.3,Low
CLM0005305,0.1261,0.2351,0.666,42.62,38.2,Low
CLM0005306,0.2843,0.3982,0.4563,216.21,32.5,Low
CLM0005307,0.0954,0.28,0.6492,214.96,36.0,Low
CLM0005308,0.1916,0.324,0.642,735.1,32.3,Low
CLM0005309,0.1136,0.2658,0.5162,559.21,31.5,Low
CLM0005310,0.4622,0.2453,0.4328,702.48,28.4,Low
CLM0005311,0.2004,0.3351,0.5837,3570.22,38.2,Low
CLM0005312,0.2509,0.5153,0.4707,334.84,38.4,Low
CLM0005313,0.3824,0.3494,0.6494,1090.05,39.4,Low
CLM0005314,0.598,0.3925,0.3966,1526.51,34.3,Low
CLM0005315,0.293,0.5301,0.7743,7730.45,56.5,Medium
CLM0005316,0.1738,0.2066,0.689,76.08,34.6,Low
CLM0005317,0.5549,0.3396,0.517,314.33,38.0,Low
CLM0005318,0.6054,0.4688,0.3393,1783.58,31.4,Low
CLM0005319,0.1035,0.2322,0.655,1593.3,28.3,Low
CLM0005320,0.258,0.348,0.4944,155.48,35.2,Low
CLM0005321,0.6812,0.5629,0.3533,1207.16,35.7,Low
CLM0005322,0.5628,0.5607,0.2711,190.98,32.5,Low
CLM0005323,0.2805,0.4669,0.8066,5227.07,59.5,Medium
CLM0005324,0.0399,0.1918,0.6336,49.74,31.5,Low
CLM0005325,0.1526,0.2715,0.6457,283.05,38.5,Low
CLM0005326,0.1044,0.1911,0.6096,207.93,34.1,Low
CLM0005327,0.2653,0.4315,0.4708,450.37,33.7,Low
CLM0005328,0.1993,0.2749,0.6708,639.06,34.5,Low
CLM0005329,0.0791,0.265,0.6584,339.01,40.4,Medium
CLM0005330,0.2255,0.487,0.5041,703.78,42.1,Medium
CLM0005331,0.1164,0.1685,0.5579,919.14,32.0,Low
CLM0005332,0.1563,0.1419,0.6501,412.69,29.8,Low
CLM0005333,0.2001,0.3287,0.6429,1925.97,36.3,Low
CLM0005334,0.2247,0.257,0.8696,7395.57,54.0,Medium
CLM0005335,0.2572,0.3723,0.6508,3458.88,44.5,Medium
CLM0005336,0.2489,0.331,0.6425,2302.19,47.1,Medium
CLM0005337,0.7348,0.4869,0.6282,4741.03,48.3,Medium
CLM0005338,0.5893,0.6243,0.2433,419.94,27.3,Low
CLM0005339,0.063,0.3308,0.808,18754.34,61.4,Medium
CLM0005340,0.2233,0.3415,0.6314,531.54,34.1,Low
CLM0005341,0.0425,0.2017,0.6115,836.9,31.7,Low
CLM0005342,0.2404,0.3936,0.7432,4340.96,55.1,Medium
CLM0005343,0.5684,0.5534,0.2694,387.57,31.0,Low
CLM0005344,0.5431,0.625,0.5932,12866.33,56.5,Medium
CLM0005345,0.3242,0.2649,0.6717,200.42,31.0,Low
CLM0005346,0.1453,0.1934,0.9214,6734.97,48.3,Medium
CLM0005347,0.0887,0.1377,0.6286,145.48,30.7,Low
CLM0005348,0.2782,0.389,0.4679,573.16,32.6,Low
CLM0005349,0.1163,0.227,0.6114,193.46,29.7,Low
CLM0005350,0.155,0.3501,0.6592,874.78,40.4,Medium
CLM0005351,0.0612,0.2078,0.7907,7186.43,44.5,Medium
CLM0005352,0.2547,0.45,0.4898,2251.6,37.4,Low
CLM0005353,0.6175,0.6231,0.3416,845.43,36.7,Low
CLM0005354,0.2109,0.2577,0.8868,5195.84,53.0,Medium
CLM0005355,0.2182,0.3562,0.5157,1654.54,30.7,Low
CLM0005356,0.2517,0.4777,0.7771,6601.09,48.5,Medium
CLM0005357,0.152,0.2477,0.6077,332.96,29.9,Low
CLM0005358,0.2691,0.4821,0.7444,4115.64,51.9,Medium
CLM0005359,0.5898,0.5321,0.3527,693.89,32.5,Low
CLM0005360,0.2009,0.4316,0.3997,299.11,29.5,Low
CLM0005361,0.0927,0.2271,0.675,22.45,31.0,Low
CLM0005362,0.4817,0.5204,0.5231,934.78,36.3,Low
CLM0005363,0.294,0.3552,0.6488,1171.04,35.1,Low
CLM0005364,0.2872,0.4598,0.5964,3709.65,44.9,Medium
CLM0005365,0.2379,0.2939,0.6431,97.34,41.4,Medium
CLM0005366,0.1599,0.3471,0.3451,145.34,12.0,Low
CLM0005367,0.2222,0.4358,0.3744,993.38,31.5,Low
CLM0005368,0.1208,0.2139,0.6336,108.46,33.8,Low
CLM0005369,0.6101,0.5695,0.3541,1249.65,35.2,Low
CLM0005370,0.3164,0.399,0.3659,374.2,29.3,Low
CLM0005371,0.5757,0.492,0.272,550.21,22.6,Low
CLM0005372,0.2563,0.402,0.6697,10638.69,46.1,Medium
CLM0005373,0.0785,0.2644,0.657,211.9,42.4,Medium
CLM0005374,0.148,0.2192,0.6765,928.33,37.9,Low
CLM0005375,0.6083,0.5253,0.2251,953.55,29.2,Low
CLM0005376,0.1195,0.1856,0.6318,1151.05,35.4,Low
CLM0005377,0.236,0.3656,0.5702,282.49,49.2,Medium
CLM0005378,0.1436,0.2809,0.6509,64.81,40.8,Medium
CLM0005379,0.0883,0.2193,0.6398,145.78,27.0,Low
CLM0005380,0.2323,0.2363,0.6345,100.95,43.9,Medium
CLM0005381,0.1399,0.3111,0.6836,240.69,43.1,Medium
CLM0005382,0.5917,0.5125,0.2195,510.9,28.9,Low
CLM0005383,0.5068,0.3762,0.5056,1382.09,37.9,Low
CLM0005384,0.5191,0.3502,0.5222,377.1,35.0,Low
CLM0005385,0.1332,0.3058,0.6313,677.6,30.8,Low
CLM0005386,0.5925,0.5157,0.6567,7065.69,43.3,Medium
CLM0005387,0.1765,0.2317,0.8234,4657.49,48.2,Medium
CLM0005388,0.2831,0.4603,0.5585,1618.15,38.5,Low
CLM0005389,0.1601,0.2598,0.6286,179.92,29.6,Low
CLM0005390,0.0555,0.1519,0.6311,546.52,36.1,Low
CLM0005391,0.0875,0.2664,0.5197,508.8,39.3,Low
CLM0005392,0.2671,0.3619,0.4053,825.35,24.5,Low
CLM0005393,0.1373,0.2464,0.6089,1503.61,31.7,Low
CLM0005394,0.4197,0.5417,0.4838,773.44,41.0,Medium
CLM0005395,0.2497,0.4004,0.4761,1256.43,34.0,Low
CLM0005396,0.128,0.2755,0.8177,7266.9,47.6,Medium
CLM0005397,0.2383,0.3407,0.7116,1319.91,43.5,Medium
CLM0005398,0.2089,0.3368,0.6469,122.38,40.7,Medium
CLM0005399,0.2384,0.5043,0.3873,1383.39,37.2,Low
CLM0005400,0.2504,0.4828,0.6907,4893.84,43.4,Medium
CLM0005401,0.3159,0.3921,0.3527,1748.86,28.1,Low
CLM0005402,0.2288,0.4237,0.3547,683.55,27.5,Low
CLM0005403,0.0317,0.1779,0.5311,2461.68,35.7,Low
CLM0005404,0.0866,0.0752,0.5379,916.3,21.0,Low
CLM0005405,0.1705,0.297,0.5457,1216.67,33.8,Low
CLM0005406,0.6412,0.5266,0.1898,446.66,34.5,Low
CLM0005407,0.5794,0.5179,0.3726,1700.96,31.9,Low
CLM0005408,0.0842,0.1661,0.6635,2562.4,36.2,Low
CLM0005409,0.6023,0.517,0.298,217.59,22.9,Low
CLM0005410,0.249,0.2738,0.6383,1829.22,40.0,Low
CLM0005411,0.3603,0.4177,0.8591,5143.86,50.3,Medium
CLM0005412,0.567,0.4999,0.4961,1365.94,35.9,Low
CLM0005413,0.5518,0.4419,0.7795,6320.72,55.3,Medium
CLM0005414,0.6357,0.4936,0.2175,471.6,27.6,Low
CLM0005415,0.1226,0.1492,0.6517,144.26,32.2,Low
CLM0005416,0.2465,0.2857,0.6003,10.96,38.0,Low
CLM0005417,0.5026,0.4618,0.3942,919.37,30.8,Low
CLM0005418,0.2754,0.274,0.4851,1757.25,29.0,Low
CLM0005419,0.554,0.4862,0.7841,7414.5,57.1,Medium
CLM0005420,0.184,0.2614,0.6522,1859.48,37.4,Low
CLM0005421,0.6345,0.5817,0.5366,3855.56,50.4,Medium
CLM0005422,0.7492,0.6121,0.4995,6485.88,46.2,Medium
CLM0005423,0.2911,0.3585,0.4236,1845.5,30.4,Low
CLM0005424,0.2968,0.4738,0.5183,2623.51,41.2,Medium
CLM0005425,0.5596,0.4902,0.5057,7723.39,35.3,Low
CLM0005426,0.6193,0.6683,0.3595,1626.38,39.9,Low
CLM0005427,0.6406,0.5461,0.2567,217.87,24.8,Low
CLM0005428,0.2093,0.277,0.5943,1541.21,31.1,Low
CLM0005429,0.239,0.3789,0.6484,2448.91,39.7,Low
CLM0005430,0.2107,0.2969,0.6332,1123.19,36.0,Low
CLM0005431,0.0984,0.222,0.5284,1011.41,29.0,Low
CLM0005432,0.0817,0.2883,0.637,90.2,33.1,Low
CLM0005433,0.2706,0.3535,0.6707,18.0,37.1,Low
CLM0005434,0.3984,0.4492,0.4425,989.76,41.2,Medium
CLM0005435,0.1404,0.3184,0.7913,9431.15,58.4,Medium
CLM0005436,0.5917,0.5222,0.273,204.29,22.1,Low
CLM0005437,0.1787,0.2884,0.5135,780.55,31.6,Low
CLM0005438,0.2206,0.3793,0.7973,39426.64,67.3,Medium
CLM0005439,0.4537,0.2727,0.4029,749.09,30.6,Low
CLM0005440,0.2646,0.5261,0.5315,1506.71,41.3,Medium
CLM0005441,0.5557,0.3269,0.5516,266.28,36.3,Low
CLM0005442,0.6001,0.5878,0.2897,1093.6,33.0,Low
CLM0005443,0.2315,0.3338,0.6508,175.2,32.5,Low
CLM0005444,0.2878,0.4882,0.3828,531.26,36.5,Low
CLM0005445,0.6141,0.5273,0.2504,109.43,28.6,Low
CLM0005446,0.5832,0.4548,0.5153,1112.09,34.7,Low
CLM0005447,0.2803,0.593,0.4668,1283.63,35.1,Low
CLM0005448,0.2495,0.3985,0.4495,522.94,37.8,Low
CLM0005449,0.1198,0.2281,0.6579,690.47,36.1,Low
CLM0005450,0.316,0.4918,0.3546,446.94,32.6,Low
CLM0005451,0.1052,0.2351,0.6095,159.19,38.8,Low
CLM0005452,0.1838,0.2856,0.628,1338.61,36.9,Low
CLM0005453,0.2855,0.3837,0.477,2400.87,41.1,Medium
CLM0005454,0.2599,0.3211,0.6494,525.51,40.8,Medium
CLM0005455,0.1754,0.4068,0.8585,19380.2,65.5,Medium
CLM0005456,0.3229,0.3837,0.4669,1176.64,33.5,Low
CLM0005457,0.5765,0.4417,0.7662,6677.41,55.6,Medium
CLM0005458,0.1954,0.2813,0.6547,52.22,42.2,Medium
CLM0005459,0.2754,0.473,0.4,302.61,31.9,Low
CLM0005460,0.2292,0.3605,0.7478,4464.43,46.3,Medium
CLM0005461,0.2142,0.3536,0.5268,1187.31,37.6,Low
CLM0005462,0.2234,0.4563,0.4996,715.93,36.8,Low
CLM0005463,0.5251,0.4491,0.4356,1162.4,36.8,Low
CLM0005464,0.5976,0.542,0.3181,1463.6,36.9,Low
CLM0005465,0.1354,0.2632,0.6288,381.93,33.5,Low
CLM0005466,0.2027,0.4223,0.8867,13337.25,62.1,Medium
CLM0005467,0.0621,0.2058,0.6296,148.43,32.3,Low
CLM0005468,0.7619,0.5851,0.5258,6956.37,51.0,Medium
CLM0005469,0.0845,0.1574,0.5608,1172.76,28.8,Low
CLM0005470,0.2924,0.3797,0.4938,2374.1,38.9,Low
CLM0005471,0.0936,0.2693,0.6782,732.47,39.3,Low
CLM0005472,0.1006,0.3006,0.8594,15382.36,63.8,Medium
CLM0005473,0.6055,0.4602,0.3955,1405.42,37.1,Low
CLM0005474,0.4102,0.5651,0.6233,8540.72,49.0,Medium
CLM0005475,0.0557,0.2005,0.5541,746.29,21.7,Low
CLM0005476,0.109,0.2697,0.5634,564.88,33.7,Low
CLM0005477,0.1532,0.1601,0.7831,5155.92,44.9,Medium
CLM0005478,0.0505,0.2218,0.5345,980.08,33.9,Low
CLM0005479,0.6586,0.7189,0.542,1793.08,42.4,Medium
CLM0005480,0.2521,0.3898,0.532,1659.92,42.6,Medium
CLM0005481,0.5928,0.4624,0.4009,371.25,29.8,Low
CLM0005482,0.0737,0.2083,0.611,463.44,39.8,Low
CLM0005483,0.5476,0.4921,0.3497,611.45,34.7,Low
CLM0005484,0.1019,0.1657,0.6459,168.4,30.6,Low
CLM0005485,0.3302,0.3665,0.8632,7572.67,62.1,Medium
CLM0005486,0.144,0.282,0.6312,473.63,41.3,Medium
CLM0005487,0.6173,0.4709,0.3257,470.74,29.9,Low
CLM0005488,0.605,0.5907,0.5142,11567.84,52.6,Medium
CLM0005489,0.5921,0.543,0.3201,487.92,18.2,Low
CLM0005490,0.1747,0.2704,0.6644,1244.0,45.6,Medium
CLM0005491,0.1373,0.12,0.5924,58.51,24.3,Low
CLM0005492,0.1385,0.1381,0.6342,30.0,33.9,Low
CLM0005493,0.6088,0.6059,0.3673,568.27,37.7,Low
CLM0005494,0.1233,0.2716,0.6183,7.04,35.8,Low
CLM0005495,0.2396,0.5002,0.7098,5336.84,53.8,Medium
CLM0005496,0.4753,0.3532,0.7865,8618.69,50.8,Medium
CLM0005497,0.329,0.4489,0.7775,9232.82,51.8,Medium
CLM0005498,0.2564,0.3922,0.531,545.28,32.5,Low
CLM0005499,0.1543,0.1268,0.6274,930.95,32.7,Low
CLM0005500,0.5743,0.3751,0.5154,3502.27,37.8,Low
CLM0005501,0.6032,0.507,0.3846,405.33,30.8,Low
CLM0005502,0.2392,0.4772,0.4988,726.38,32.7,Low
CLM0005503,0.1025,0.1798,0.5419,458.68,36.9,Low
CLM0005504,0.2502,0.3689,0.8472,8227.49,57.9,Medium
CLM0005505,0.086,0.3363,0.8192,17525.35,60.2,Medium
CLM0005506,0.679,0.663,0.2484,256.41,25.4,Low
CLM0005507,0.0558,0.0795,0.6891,332.76,30.0,Low
CLM0005508,0.3019,0.3834,0.3765,658.77,34.1,Low
CLM0005509,0.2136,0.288,0.6148,829.34,37.1,Low
CLM0005510,0.2756,0.4313,0.3665,207.78,34.4,Low
CLM0005511,0.286,0.4111,0.3839,150.21,32.8,Low
CLM0005512,0.1655,0.3084,0.8295,17361.3,61.8,Medium
CLM0005513,0.224,0.2881,0.6927,182.19,38.2,Low
CLM0005514,0.5782,0.553,0.264,712.21,25.2,Low
CLM0005515,0.6697,0.4934,0.7664,6159.86,45.0,Medium
CLM0005516,0.2525,0.2852,0.6525,245.91,31.6,Low
CLM0005517,0.6144,0.4883,0.2587,345.11,22.5,Low
CLM0005518,0.5523,0.586,0.343,871.02,35.9,Low
CLM0005519,0.5775,0.5112,0.4401,1494.0,34.2,Low
CLM0005520,0.2903,0.4452,0.6424,6434.68,40.8,Medium
CLM0005521,0.5302,0.3196,0.506,2161.28,38.8,Low
CLM0005522,0.4992,0.4106,0.3946,828.54,29.3,Low
CLM0005523,0.0768,0.2096,0.7994,4865.08,43.0,Medium
CLM0005524,0.2344,0.3636,0.4192,1665.88,38.0,Low
CLM0005525,0.483,0.326,0.7561,4778.61,46.0,Medium
CLM0005526,0.6039,0.6641,0.6143,24714.85,64.0,Medium
CLM0005527,0.1656,0.2277,0.539,1098.9,26.3,Low
CLM0005528,0.5431,0.5417,0.3826,1137.03,33.7,Low
CLM0005529,0.2968,0.5036,0.5217,1311.51,34.9,Low
CLM0005530,0.282,0.3737,0.6355,1982.73,41.4,Medium
CLM0005531,0.2948,0.4307,0.3724,286.92,29.2,Low
CLM0005532,0.3128,0.309,0.8022,3677.26,42.0,Medium
CLM0005533,0.2377,0.3864,0.6173,533.31,41.9,Medium
CLM0005534,0.2528,0.3632,0.633,7420.91,43.7,Medium
CLM0005535,0.4246,0.4416,0.3657,786.81,28.7,Low
CLM0005536,0.0789,0.1508,0.6313,81.6,36.4,Low
CLM0005537,0.2514,0.464,0.3688,634.34,31.3,Low
CLM0005538,0.0815,0.1116,0.5466,272.44,24.0,Low
CLM0005539,0.3426,0.5085,0.5045,570.94,34.8,Low
CLM0005540,0.6293,0.5281,0.2559,295.47,26.5,Low
CLM0005541,0.0754,0.324,0.6391,12.73,38.3,Low
CLM0005542,0.1559,0.3171,0.5951,2185.65,46.7,Medium
CLM0005543,0.116,0.2334,0.9237,11107.92,56.2,Medium
CLM0005544,0.2107,0.2969,0.6254,2416.27,43.2,Medium
CLM0005545,0.2699,0.3339,0.5763,1641.86,29.4,Low
CLM0005546,0.4453,0.3618,0.4376,1202.88,28.1,Low
CLM0005547,0.6422,0.5018,0.3684,335.51,22.8,Low
CLM0005548,0.264,0.3722,0.6168,429.31,41.7,Medium
CLM0005549,0.0274,0.2174,0.5886,1078.52,36.6,Low
CLM0005550,0.2637,0.4213,0.7461,6902.76,46.5,Medium
CLM0005551,0.1284,0.3082,0.8661,10387.84,50.8,Medium
CLM0005552,0.2344,0.458,0.6613,52.4,44.2,Medium
CLM0005553,0.5941,0.5678,0.6236,6490.33,44.3,Medium
CLM0005554,0.1384,0.1097,0.5388,2810.78,27.7,Low
CLM0005555,0.2903,0.582,0.3674,262.25,38.0,Low
CLM0005556,0.1378,0.3621,0.6763,2791.78,36.9,Low
CLM0005557,0.6353,0.4941,0.2757,644.86,28.9,Low
CLM0005558,0.2681,0.3297,0.6456,822.41,42.7,Medium
CLM0005559,0.2855,0.4382,0.4779,420.61,37.4,Low
CLM0005560,0.2838,0.2952,0.3731,154.06,32.0,Low
CLM0005561,0.1689,0.3785,0.6175,1074.48,45.6,Medium
CLM0005562,0.4915,0.3664,0.6748,6675.73,49.1,Medium
CLM0005563,0.2741,0.4412,0.4679,805.89,37.7,Low
CLM0005564,0.2982,0.3546,0.399,450.09,28.5,Low
CLM0005565,0.6194,0.5174,0.5083,1194.71,42.0,Medium
CLM0005566,0.0986,0.1257,0.6523,215.81,34.9,Low
CLM0005567,0.5049,0.4898,0.4882,1842.86,37.2,Low
CLM0005568,0.2593,0.4118,0.3927,1173.39,39.2,Low
CLM0005569,0.2994,0.4905,0.5374,858.45,34.9,Low
CLM0005570,0.2579,0.5607,0.6314,14464.07,54.0,Medium
CLM0005571,0.1471,0.2601,0.5787,1912.98,33.1,Low
CLM0005572,0.157,0.2151,0.668,31.52,36.8,Low
CLM0005573,0.0993,0.2591,0.8385,7395.24,51.8,Medium
CLM0005574,0.2489,0.2415,0.6813,44.91,39.5,Low
CLM0005575,0.5476,0.5581,0.4215,2091.76,35.2,Low
CLM0005576,0.0923,0.1864,0.505,2690.73,35.5,Low
CLM0005577,0.2331,0.3466,0.6396,631.38,36.1,Low
CLM0005578,0.2231,0.3929,0.7358,4711.39,48.4,Medium
CLM0005579,0.3488,0.425,0.6651,7656.47,42.2,Medium
CLM0005580,0.2344,0.2813,0.7878,6912.1,44.9,Medium
CLM0005581,0.238,0.3547,0.5586,1677.66,39.8,Low
CLM0005582,0.6081,0.47,0.2524,675.11,30.0,Low
CLM0005583,0.2694,0.3938,0.4546,265.19,37.5,Low
CLM0005584,0.4073,0.6111,0.4752,1652.65,43.3,Medium
CLM0005585,0.297,0.4104,0.6794,616.86,36.8,Low
CLM0005586,0.161,0.2118,0.6528,485.87,35.0,Low
CLM0005587,0.4448,0.5723,0.4588,876.4,37.2,Low
CLM0005588,0.2695,0.4772,0.3811,460.21,38.8,Low
CLM0005589,0.1201,0.1971,0.6189,290.67,34.3,Low
CLM0005590,0.5825,0.566,0.2642,546.73,26.6,Low
CLM0005591,0.2954,0.5257,0.4047,1679.34,36.4,Low
CLM0005592,0.2439,0.3735,0.4878,562.78,33.7,Low
CLM0005593,0.135,0.2295,0.5977,919.4,30.9,Low
CLM0005594,0.2411,0.3776,0.8336,29885.48,73.0,High
CLM0005595,0.0834,0.1925,0.6479,142.83,34.3,Low
CLM0005596,0.5176,0.3942,0.6586,9975.03,56.4,Medium
CLM0005597,0.2641,0.3706,0.5216,1535.23,31.3,Low
CLM0005598,0.0633,0.1219,0.6247,292.69,34.0,Low
CLM0005599,0.1722,0.0739,0.6646,456.0,29.6,Low
CLM0005600,0.2521,0.3405,0.503,1455.64,35.0,Low
CLM0005601,0.2505,0.4381,0.5355,1962.33,43.2,Medium
CLM0005602,0.274,0.3218,0.4923,600.09,40.0,Low
CLM0005603,0.5991,0.5153,0.5219,945.35,41.3,Medium
CLM0005604,0.0704,0.3187,0.8236,12482.45,50.3,Medium
CLM0005605,0.1154,0.2146,0.6358,467.46,37.3,Low
CLM0005606,0.5884,0.441,0.372,295.16,23.2,Low
CLM0005607,0.7164,0.6971,0.5743,6811.4,53.5,Medium
CLM0005608,0.0843,0.1252,0.6296,114.5,31.9,Low
CLM0005609,0.7675,0.6405,0.3544,912.76,37.8,Low
CLM0005610,0.1035,0.2733,0.5981,119.08,34.8,Low
CLM0005611,0.1035,0.2567,0.5679,420.07,32.3,Low
CLM0005612,0.2421,0.3352,0.6275,141.32,37.6,Low
CLM0005613,0.5626,0.5435,0.345,1223.21,33.3,Low
CLM0005614,0.2372,0.3884,0.4711,1821.38,28.7,Low
CLM0005615,0.5271,0.3546,0.5137,1768.88,38.9,Low
CLM0005616,0.1849,0.2486,0.6491,249.78,36.1,Low
CLM0005617,0.6107,0.5645,0.6362,5903.97,46.9,Medium
CLM0005618,0.5218,0.4533,0.3995,1519.66,39.9,Low
CLM0005619,0.19,0.2019,0.6635,942.6,28.6,Low
CLM0005620,0.1176,0.228,0.6855,3188.87,38.6,Low
CLM0005621,0.4053,0.5148,0.3549,571.91,29.2,Low
CLM0005622,0.0824,0.1939,0.6465,311.31,41.6,Medium
CLM0005623,0.3101,0.4138,0.424,491.62,35.6,Low
CLM0005624,0.1737,0.1359,0.6762,107.36,25.8,Low
CLM0005625,0.0828,0.2373,0.5343,1391.73,37.6,Low
CLM0005626,0.1527,0.1785,0.6243,983.21,26.1,Low
CLM0005627,0.1579,0.3589,0.7388,3050.1,47.8,Medium
CLM0005628,0.6248,0.5919,0.3558,1130.19,34.4,Low
CLM0005629,0.2561,0.4235,0.5022,804.88,31.5,Low
CLM0005630,0.5725,0.4243,0.3973,1770.63,33.1,Low
CLM0005631,0.1228,0.2167,0.6478,1725.05,26.9,Low
CLM0005632,0.1234,0.2212,0.5279,2398.37,28.3,Low
CLM0005633,0.1473,0.2145,0.6041,1957.89,30.1,Low
CLM0005634,0.2554,0.5547,0.3332,673.01,33.3,Low
CLM0005635,0.2689,0.4303,0.6815,884.83,38.2,Low
CLM0005636,0.2437,0.449,0.7082,20989.31,64.2,Medium
CLM0005637,0.2784,0.3129,0.6394,2495.55,36.0,Low
CLM0005638,0.248,0.5669,0.9396,5883.01,53.6,Medium
CLM0005639,0.2508,0.42,0.8914,4549.79,51.2,Medium
CLM0005640,0.2533,0.4238,0.4824,161.43,31.9,Low
CLM0005641,0.1334,0.1334,0.5826,841.85,31.9,Low
CLM0005642,0.6293,0.5257,0.351,552.19,29.2,Low
CLM0005643,0.0201,0.1928,0.6513,139.89,33.4,Low
CLM0005644,0.7267,0.5976,0.3844,1253.88,38.5,Low
CLM0005645,0.1853,0.3842,0.6483,1008.63,40.1,Medium
CLM0005646,0.0863,0.1235,0.9109,5732.66,51.4,Medium
CLM0005647,0.5743,0.48,0.2441,1053.0,29.6,Low
CLM0005648,0.2789,0.4435,0.4155,389.74,31.2,Low
CLM0005649,0.1405,0.1875,0.6333,2829.16,31.8,Low
CLM0005650,0.1284,0.1216,0.634,117.58,32.9,Low
CLM0005651,0.2798,0.4258,0.3912,889.26,30.7,Low
CLM0005652,0.2544,0.4807,0.4403,319.35,34.9,Low
CLM0005653,0.2419,0.4944,0.6336,4266.54,43.2,Medium
CLM0005654,0.4136,0.2972,0.4016,557.2,27.6,Low
CLM0005655,0.3531,0.2675,0.5454,488.03,36.0,Low
CLM0005656,0.0625,0.1582,0.6499,542.14,41.0,Medium
CLM0005657,0.633,0.5955,0.275,602.03,29.6,Low
CLM0005658,0.5918,0.449,0.6305,5017.71,53.0,Medium
CLM0005659,0.4643,0.4414,0.5065,850.58,34.3,Low
CLM0005660,0.2961,0.3353,0.8637,4799.59,55.8,Medium
CLM0005661,0.0714,0.1008,0.6858,385.88,30.2,Low
CLM0005662,0.1409,0.196,0.6343,2522.95,34.6,Low
CLM0005663,0.2146,0.3889,0.8783,15651.3,57.1,Medium
CLM0005664,0.1457,0.1791,0.6627,75.57,36.3,Low
CLM0005665,0.6069,0.5392,0.2692,989.91,28.0,Low
CLM0005666,0.5097,0.5708,0.5355,312.73,36.8,Low
CLM0005667,0.241,0.4344,0.6359,440.28,38.5,Low
CLM0005668,0.2209,0.2788,0.5427,778.93,30.5,Low
CLM0005669,0.1266,0.2505,0.6537,449.95,39.3,Low
CLM0005670,0.5699,0.5663,0.4986,4878.21,41.2,Medium
CLM0005671,0.2932,0.4368,0.3202,457.07,31.6,Low
CLM0005672,0.2546,0.3366,0.6135,1553.49,40.9,Medium
CLM0005673,0.1623,0.3852,0.8257,20083.07,62.3,Medium
CLM0005674,0.1279,0.3477,0.6103,136.07,32.8,Low
CLM0005675,0.0533,0.21,0.5645,655.65,23.0,Low
CLM0005676,0.1514,0.3702,0.5728,1394.77,37.9,Low
CLM0005677,0.2545,0.3774,0.6398,2887.2,41.3,Medium
CLM0005678,0.2666,0.2872,0.677,461.02,38.8,Low
CLM0005679,0.0766,0.3806,0.6795,582.27,48.0,Medium
CLM0005680,0.2402,0.3003,0.7107,4558.49,38.2,Low
CLM0005681,0.1046,0.223,0.6097,1071.87,33.3,Low
CLM0005682,0.1784,0.3072,0.3652,1583.11,26.8,Low
CLM0005683,0.0718,0.1157,0.5454,1833.1,26.2,Low
CLM0005684,0.2808,0.4996,0.3887,1001.05,32.7,Low
CLM0005685,0.1553,0.134,0.6224,36.61,40.5,Medium
CLM0005686,0.1928,0.306,0.8897,7875.2,59.6,Medium
CLM0005687,0.4585,0.3964,0.382,459.37,26.8,Low
CLM0005688,0.1208,0.1807,0.6406,181.38,32.9,Low
CLM0005689,0.2349,0.3322,0.5958,384.56,40.8,Medium
CLM0005690,0.229,0.3375,0.5892,8513.46,44.3,Medium
CLM0005691,0.0904,0.2292,0.6621,42.05,36.0,Low
CLM0005692,0.6057,0.4712,0.2476,669.32,23.4,Low
CLM0005693,0.1874,0.2792,0.8851,6992.23,57.4,Medium
CLM0005694,0.2635,0.2958,0.6371,93.46,38.3,Low
CLM0005695,0.3184,0.4849,0.5088,645.12,35.6,Low
CLM0005696,0.1356,0.1593,0.8766,9238.55,53.1,Medium
CLM0005697,0.442,0.2441,0.4423,956.22,30.0,Low
CLM0005698,0.121,0.1932,0.5243,1772.45,30.3,Low
CLM0005699,0.3096,0.4711,0.7456,8250.47,59.7,Medium
CLM0005700,0.4201,0.2375,0.4035,1077.11,23.5,Low
CLM0005701,0.2986,0.4,0.7025,5867.77,42.4,Medium
CLM0005702,0.0618,0.1604,0.6927,785.22,44.6,Medium
CLM0005703,0.5587,0.4692,0.4387,1886.09,39.6,Low
CLM0005704,0.7739,0.6736,0.6012,6628.67,46.5,Medium
CLM0005705,0.5245,0.4888,0.6298,8599.33,56.4,Medium
CLM0005706,0.1755,0.3023,0.6294,105.42,48.1,Medium
CLM0005707,0.2601,0.3469,0.6696,1814.55,32.0,Low
CLM0005708,0.1045,0.2433,0.6288,117.98,42.4,Medium
CLM0005709,0.0751,0.2136,0.6226,1982.94,42.0,Medium
CLM0005710,0.2414,0.3273,0.6491,1356.79,46.6,Medium
CLM0005711,0.2792,0.4472,0.6648,3597.2,39.2,Low
CLM0005712,0.2532,0.4237,0.4721,902.26,36.9,Low
CLM0005713,0.2911,0.2999,0.601,3406.69,39.2,Low
CLM0005714,0.3085,0.477,0.4893,2207.35,41.1,Medium
CLM0005715,0.5822,0.6398,0.363,688.69,36.7,Low
CLM0005716,0.1887,0.3681,0.8134,9181.75,44.1,Medium
CLM0005717,0.1418,0.2455,0.5304,2128.77,37.1,Low
CLM0005718,0.6012,0.5457,0.5613,23909.09,60.3,Medium
CLM0005719,0.417,0.3564,0.4279,1025.37,31.7,Low
CLM0005720,0.8358,0.6668,0.553,4525.91,49.3,Medium
CLM0005721,0.1489,0.2744,0.5661,1881.63,32.9,Low
CLM0005722,0.2134,0.3413,0.4966,1112.34,33.4,Low
CLM0005723,0.0865,0.2169,0.6411,13.68,38.5,Low
CLM0005724,0.1421,0.2108,0.643,68.17,35.2,Low
CLM0005725,0.0679,0.1876,0.6902,1294.92,35.9,Low
CLM0005726,0.0991,0.1505,0.5323,1445.52,31.8,Low
CLM0005727,0.3787,0.5262,0.645,5913.69,49.6,Medium
CLM0005728,0.1276,0.2202,0.5543,786.83,31.1,Low
CLM0005729,0.0902,0.2205,0.6608,1847.66,43.2,Medium
CLM0005730,0.2755,0.3777,0.3668,157.46,21.6,Low
CLM0005731,0.5832,0.5546,0.6212,4817.79,51.7,Medium
CLM0005732,0.4496,0.4265,0.415,1572.66,38.3,Low
CLM0005733,0.2673,0.4531,0.443,268.45,32.5,Low
CLM0005734,0.5813,0.5695,0.4093,763.14,48.0,Medium
CLM0005735,0.1045,0.108,0.5567,1030.03,27.8,Low
CLM0005736,0.6198,0.6604,0.2239,913.09,36.5,Low
CLM0005737,0.0776,0.1041,0.6482,74.65,36.7,Low
CLM0005738,0.6299,0.4581,0.3544,901.25,28.8,Low
CLM0005739,0.1581,0.1867,0.819,8170.81,36.6,Low
CLM0005740,0.1145,0.214,0.9293,6740.81,45.7,Medium
CLM0005741,0.1999,0.3727,0.8785,6418.98,54.9,Medium
CLM0005742,0.1329,0.1812,0.6105,774.88,32.0,Low
CLM0005743,0.7731,0.628,0.3216,1002.65,44.2,Medium
CLM0005744,0.2211,0.3191,0.6401,2399.14,48.0,Medium
CLM0005745,0.246,0.3311,0.6507,437.88,42.1,Medium
CLM0005746,0.0794,0.1807,0.6142,854.84,33.3,Low
CLM0005747,0.2682,0.4251,0.3948,673.64,31.0,Low
CLM0005748,0.2109,0.247,0.5785,1219.07,38.4,Low
CLM0005749,0.5793,0.4836,0.4173,1052.95,33.3,Low
CLM0005750,0.2256,0.2669,0.5601,1958.48,34.5,Low
CLM0005751,0.1018,0.1557,0.4986,2625.82,31.2,Low
CLM0005752,0.2682,0.34,0.4557,934.76,38.7,Low
CLM0005753,0.2329,0.4143,0.3757,942.45,28.1,Low
CLM0005754,0.237,0.3871,0.6439,375.58,44.5,Medium
CLM0005755,0.2111,0.5924,0.7399,37081.74,75.8,High
CLM0005756,0.143,0.3859,0.6356,935.06,38.0,Low
CLM0005757,0.2331,0.4371,0.6658,11266.48,47.7,Medium
CLM0005758,0.3022,0.2989,0.6252,1593.39,43.7,Medium
CLM0005759,0.7024,0.6909,0.6216,9136.29,54.1,Medium
CLM0005760,0.1112,0.1349,0.6952,938.53,41.5,Medium
CLM0005761,0.2951,0.3204,0.3828,677.12,26.8,Low
CLM0005762,0.1515,0.2337,0.5023,525.03,22.3,Low
CLM0005763,0.5824,0.6352,0.6169,3980.07,52.1,Medium
CLM0005764,0.0836,0.0667,0.6235,488.83,37.6,Low
CLM0005765,0.2257,0.3269,0.6024,4043.32,44.4,Medium
CLM0005766,0.65,0.4479,0.3326,281.72,31.6,Low
CLM0005767,0.1009,0.1204,0.6377,391.63,34.3,Low
CLM0005768,0.2825,0.1997,0.6272,41.9,39.9,Low
CLM0005769,0.0472,0.1801,0.6703,135.83,40.4,Medium
CLM0005770,0.2476,0.5262,0.5075,2430.78,39.2,Low
CLM0005771,0.15,0.2434,0.5466,1539.64,31.4,Low
CLM0005772,0.5061,0.3983,0.4853,1043.92,32.7,Low
CLM0005773,0.037,0.2941,0.6636,2508.24,35.3,Low
CLM0005774,0.242,0.2385,0.6529,187.01,33.6,Low
CLM0005775,0.1702,0.1628,0.5063,1585.67,23.7,Low
CLM0005776,0.5007,0.3372,0.4513,2141.76,31.9,Low
CLM0005777,0.2308,0.3318,0.6513,567.43,40.8,Medium
CLM0005778,0.5893,0.5548,0.5221,1567.46,41.8,Medium
CLM0005779,0.21,0.3799,0.6754,185.27,43.0,Medium
CLM0005780,0.2548,0.3849,0.4613,1699.6,33.0,Low
CLM0005781,0.334,0.4424,0.3837,861.71,36.5,Low
CLM0005782,0.258,0.3194,0.5772,416.44,34.8,Low
CLM0005783,0.1064,0.2656,0.628,275.29,41.6,Medium
CLM0005784,0.7578,0.5516,0.3744,2234.16,35.2,Low
CLM0005785,0.685,0.7379,0.4739,1566.33,47.0,Medium
CLM0005786,0.6866,0.569,0.3363,103.1,38.9,Low
CLM0005787,0.5805,0.5493,0.2647,244.35,28.1,Low
CLM0005788,0.1879,0.2876,0.6526,410.85,46.4,Medium
CLM0005789,0.602,0.5165,0.5431,2200.17,39.9,Low
CLM0005790,0.1491,0.2292,0.5887,2054.33,38.9,Low
CLM0005791,0.083,0.1973,0.6313,160.24,31.0,Low
CLM0005792,0.2345,0.4349,0.6047,16.44,42.6,Medium
CLM0005793,0.311,0.4445,0.6773,3751.74,43.4,Medium
CLM0005794,0.2454,0.3653,0.6531,1184.38,44.0,Medium
CLM0005795,0.2512,0.4368,0.6321,2767.73,45.1,Medium
CLM0005796,0.2735,0.3571,0.447,2410.59,31.1,Low
CLM0005797,0.2029,0.4076,0.6403,112.47,42.6,Medium
CLM0005798,0.5769,0.5104,0.3378,1106.43,35.9,Low
CLM0005799,0.3328,0.5983,0.616,10582.62,45.9,Medium
CLM0005800,0.608,0.5822,0.3609,885.69,33.2,Low
CLM0005801,0.1133,0.1894,0.9047,7412.0,53.4,Medium
CLM0005802,0.1571,0.2444,0.7592,13503.94,50.0,Medium
CLM0005803,0.2174,0.5409,0.7497,10520.81,61.2,Medium
CLM0005804,0.1219,0.2118,0.6051,205.93,37.5,Low
CLM0005805,0.212,0.4178,0.5514,1535.69,34.5,Low
CLM0005806,0.3133,0.4423,0.5893,18717.92,57.0,Medium
CLM0005807,0.5635,0.5856,0.5996,4141.28,47.3,Medium
CLM0005808,0.2139,0.4308,0.5182,1187.03,31.5,Low
CLM0005809,0.2554,0.2402,0.8978,6689.47,49.4,Medium
CLM0005810,0.539,0.3589,0.5451,498.58,39.9,Low
CLM0005811,0.235,0.2909,0.6056,111.67,38.7,Low
CLM0005812,0.1646,0.1479,0.8425,5425.02,51.7,Medium
CLM0005813,0.6161,0.4204,0.2662,697.97,28.4,Low
CLM0005814,0.181,0.2772,0.6347,782.14,36.1,Low
CLM0005815,0.3106,0.4377,0.4769,1744.45,33.2,Low
CLM0005816,0.6941,0.4307,0.3812,492.44,28.5,Low
CLM0005817,0.2096,0.256,0.508,919.71,26.8,Low
CLM0005818,0.2883,0.5016,0.7088,10879.97,58.0,Medium
CLM0005819,0.2324,0.2898,0.62,2617.39,40.3,Medium
CLM0005820,0.2604,0.458,0.3718,1572.8,31.9,Low
CLM0005821,0.5741,0.592,0.7925,3372.43,56.5,Medium
CLM0005822,0.1315,0.2308,0.6336,299.85,33.2,Low
CLM0005823,0.254,0.4283,0.6816,1093.4,46.1,Medium
CLM0005824,0.2512,0.3141,0.8238,6213.96,54.3,Medium
CLM0005825,0.1476,0.1455,0.6277,2312.73,35.1,Low
CLM0005826,0.6055,0.6088,0.3534,339.22,40.4,Medium
CLM0005827,0.5732,0.4656,0.5178,642.63,38.6,Low
CLM0005828,0.2555,0.6059,0.7433,10587.64,53.0,Medium
CLM0005829,0.246,0.3807,0.4889,781.45,29.9,Low
CLM0005830,0.7217,0.6785,0.5323,7150.92,57.4,Medium
CLM0005831,0.4285,0.3278,0.4196,1062.65,32.0,Low
CLM0005832,0.3996,0.4466,0.7954,6773.71,59.0,Medium
CLM0005833,0.088,0.1727,0.6129,61.39,31.2,Low
CLM0005834,0.2157,0.3572,0.6191,2103.46,39.7,Low
CLM0005835,0.1016,0.1589,0.6714,1774.59,33.3,Low
CLM0005836,0.2139,0.3582,0.6703,7167.55,47.3,Medium
CLM0005837,0.2788,0.386,0.5258,209.5,39.7,Low
CLM0005838,0.2954,0.4083,0.5088,611.63,35.7,Low
CLM0005839,0.2046,0.3841,0.6462,3935.09,43.2,Medium
CLM0005840,0.3397,0.5528,0.5066,1991.75,43.4,Medium
CLM0005841,0.2029,0.5586,0.648,12105.15,51.9,Medium
CLM0005842,0.1377,0.3334,0.6724,1497.61,46.0,Medium
CLM0005843,0.5938,0.5201,0.6439,5849.42,46.7,Medium
CLM0005844,0.5925,0.5434,0.4965,715.26,35.2,Low
CLM0005845,0.4501,0.4264,0.5014,1108.11,35.9,Low
CLM0005846,0.6146,0.5677,0.3783,961.17,35.6,Low
CLM0005847,0.1427,0.2955,0.654,421.82,38.8,Low
CLM0005848,0.1015,0.2462,0.6425,2513.63,35.3,Low
CLM0005849,0.2855,0.4588,0.3886,262.77,27.8,Low
CLM0005850,0.1165,0.3699,0.7758,6780.71,56.5,Medium
CLM0005851,0.2993,0.4691,0.4344,1771.86,32.9,Low
CLM0005852,0.2008,0.5474,0.5374,552.38,37.9,Low
CLM0005853,0.3175,0.2847,0.6555,4312.96,46.0,Medium
CLM0005854,0.2664,0.507,0.4953,1785.41,34.7,Low
CLM0005855,0.2622,0.2855,0.5339,2069.79,32.4,Low
CLM0005856,0.1735,0.2848,0.6117,357.47,40.0,Low
CLM0005857,0.2822,0.3371,0.6418,4218.31,49.4,Medium
CLM0005858,0.2413,0.4959,0.3627,437.96,35.0,Low
CLM0005859,0.2902,0.4065,0.4403,539.65,33.6,Low
CLM0005860,0.573,0.3556,0.4858,697.96,40.8,Medium
CLM0005861,0.2256,0.4276,0.4932,2185.59,36.7,Low
CLM0005862,0.0774,0.164,0.5845,1235.89,30.6,Low
CLM0005863,0.1167,0.1802,0.6035,1153.95,38.4,Low
CLM0005864,0.334,0.3134,0.6226,2267.35,36.4,Low
CLM0005865,0.5193,0.3672,0.7879,6929.92,50.0,Medium
CLM0005866,0.6106,0.5594,0.514,5501.24,47.4,Medium
CLM0005867,0.5639,0.627,0.353,804.18,36.2,Low
CLM0005868,0.6043,0.5292,0.2636,190.1,27.9,Low
CLM0005869,0.1008,0.1466,0.4977,761.25,29.6,Low
CLM0005870,0.1157,0.2963,0.6266,160.37,33.3,Low
CLM0005871,0.2424,0.4585,0.4708,2021.66,43.5,Medium
CLM0005872,0.6817,0.6167,0.3555,121.09,34.2,Low
CLM0005873,0.5756,0.5686,0.5373,4844.85,45.9,Medium
CLM0005874,0.089,0.2301,0.6124,1140.42,35.4,Low
CLM0005875,0.1626,0.2256,0.6409,972.36,34.6,Low
CLM0005876,0.5253,0.4824,0.4378,2254.83,33.9,Low
CLM0005877,0.4969,0.3529,0.7073,9654.96,49.1,Medium
CLM0005878,0.3503,0.5324,0.6576,881.11,49.0,Medium
CLM0005879,0.1907,0.2441,0.6464,73.97,34.6,Low
CLM0005880,0.1747,0.3366,0.6429,759.62,42.3,Medium
CLM0005881,0.22,0.1378,0.5967,937.27,31.9,Low
CLM0005882,0.1626,0.2697,0.6508,1230.76,42.6,Medium
CLM0005883,0.1273,0.1941,0.6545,441.09,41.8,Medium
CLM0005884,0.1739,0.2435,0.6472,186.46,39.2,Low
CLM0005885,0.2282,0.2392,0.6556,266.81,39.3,Low
CLM0005886,0.4122,0.42,0.4969,514.69,41.1,Medium
CLM0005887,0.0501,0.2764,0.529,323.73,32.4,Low
CLM0005888,0.0146,0.1607,0.6337,838.13,33.3,Low
CLM0005889,0.6113,0.5005,0.4112,648.71,33.5,Low
CLM0005890,0.0695,0.2318,0.7952,13682.28,56.1,Medium
CLM0005891,0.5697,0.4097,0.6586,11020.03,55.0,Medium
CLM0005892,0.1561,0.2586,0.6218,141.72,31.7,Low
CLM0005893,0.0966,0.2838,0.6584,522.28,32.6,Low
CLM0005894,0.5746,0.6191,0.3521,177.76,35.3,Low
CLM0005895,0.1579,0.3477,0.5602,1592.38,30.2,Low
CLM0005896,0.2299,0.2612,0.6761,163.82,39.1,Low
CLM0005897,0.2503,0.4635,0.6315,6520.66,41.4,Medium
CLM0005898,0.4555,0.4512,0.3956,616.34,38.5,Low
CLM0005899,0.5864,0.4478,0.6203,6303.67,48.7,Medium
CLM0005900,0.1146,0.1745,0.4666,366.04,29.5,Low
CLM0005901,0.4511,0.4925,0.389,629.87,31.2,Low
CLM0005902,0.1463,0.1518,0.5626,896.25,30.9,Low
CLM0005903,0.5956,0.5076,0.3142,343.27,31.5,Low
CLM0005904,0.5857,0.5443,0.3564,1054.26,33.7,Low
CLM0005905,0.2844,0.4496,0.658,1289.4,37.6,Low
CLM0005906,0.2214,0.241,0.5461,1809.52,30.0,Low
CLM0005907,0.2885,0.4015,0.5056,633.92,34.1,Low
CLM0005908,0.229,0.3963,0.733,10901.2,55.2,Medium
CLM0005909,0.0989,0.2718,0.6043,235.94,31.9,Low
CLM0005910,0.1688,0.2581,0.5317,1259.76,28.4,Low
CLM0005911,0.135,0.2145,0.9196,7745.69,46.9,Medium
CLM0005912,0.291,0.3909,0.7779,8057.98,51.8,Medium
CLM0005913,0.5561,0.4509,0.2222,308.95,15.5,Low
CLM0005914,0.0898,0.225,0.6728,1988.06,40.7,Medium
CLM0005915,0.1981,0.3911,0.6353,115.28,41.3,Medium
CLM0005916,0.1191,0.1927,0.686,145.37,35.3,Low
CLM0005917,0.3167,0.2213,0.6233,36.11,35.0,Low
CLM0005918,0.2298,0.3818,0.6472,9862.92,44.5,Medium
CLM0005919,0.6631,0.5169,0.2626,314.91,26.4,Low
CLM0005920,0.2584,0.3548,0.6696,2011.32,36.2,Low
CLM0005921,0.1441,0.3401,0.6471,444.55,36.7,Low
CLM0005922,0.562,0.5023,0.6273,5416.01,45.4,Medium
CLM0005923,0.2812,0.392,0.4524,586.72,38.5,Low
CLM0005924,0.5839,0.4705,0.2296,264.64,27.7,Low
CLM0005925,0.1292,0.1129,0.6065,500.64,32.3,Low
CLM0005926,0.6008,0.5336,0.5188,3421.08,44.3,Medium
CLM0005927,0.0898,0.2891,0.6444,48.64,39.4,Low
CLM0005928,0.3049,0.4845,0.7429,7074.68,54.9,Medium
CLM0005929,0.2603,0.3845,0.4321,1157.57,36.4,Low
CLM0005930,0.1078,0.1587,0.6273,328.59,31.4,Low
CLM0005931,0.1298,0.2237,0.8025,24461.09,56.2,Medium
CLM0005932,0.2752,0.4333,0.4706,953.47,40.7,Medium
CLM0005933,0.2223,0.3508,0.6631,167.73,40.8,Medium
CLM0005934,0.0419,0.1717,0.524,1407.7,28.3,Low
CLM0005935,0.2738,0.4885,0.4596,1905.62,39.8,Low
CLM0005936,0.102,0.2137,0.6051,970.09,36.3,Low
CLM0005937,0.1357,0.3371,0.6084,267.3,37.5,Low
CLM0005938,0.4818,0.1896,0.4018,1702.21,29.2,Low
CLM0005939,0.2929,0.367,0.3786,1378.17,29.8,Low
CLM0005940,0.0723,0.1555,0.625,538.3,28.3,Low
CLM0005941,0.2091,0.1856,0.9104,4111.38,51.1,Medium
CLM0005942,0.6036,0.3898,0.4951,1075.0,33.2,Low
CLM0005943,0.2615,0.3356,0.6785,211.38,48.6,Medium
CLM0005944,0.2377,0.3476,0.6562,2361.76,38.5,Low
CLM0005945,0.0772,0.2236,0.6196,1169.05,39.5,Low
CLM0005946,0.4009,0.3891,0.7666,7945.01,60.5,Medium
CLM0005947,0.3887,0.2288,0.5119,301.48,31.1,Low
CLM0005948,0.2978,0.5112,0.3819,1647.59,28.0,Low
CLM0005949,0.4526,0.4562,0.3959,467.97,24.7,Low
CLM0005950,0.6327,0.4652,0.3496,1114.9,32.8,Low
CLM0005951,0.2219,0.3751,0.493,2570.2,29.7,Low
CLM0005952,0.1546,0.2476,0.6428,14.28,32.7,Low
CLM0005953,0.0954,0.205,0.6579,386.72,31.2,Low
CLM0005954,0.1878,0.2023,0.6667,2573.49,46.7,Medium
CLM0005955,0.2249,0.3174,0.5297,653.73,36.2,Low
CLM0005956,0.2775,0.4395,0.4358,1307.14,46.5,Medium
CLM0005957,0.6267,0.5147,0.5671,3987.01,53.2,Medium
CLM0005958,0.2475,0.3305,0.6461,1273.01,36.9,Low
CLM0005959,0.2912,0.461,0.65,153.61,41.3,Medium
CLM0005960,0.1663,0.2413,0.6197,379.68,35.8,Low
CLM0005961,0.5434,0.5247,0.3721,461.81,28.7,Low
CLM0005962,0.1529,0.2437,0.6358,427.25,35.2,Low
CLM0005963,0.5913,0.3779,0.8044,6544.84,54.6,Medium
CLM0005964,0.2832,0.4456,0.4956,524.53,36.8,Low
CLM0005965,0.4515,0.3105,0.4057,1922.7,32.5,Low
CLM0005966,0.1078,0.1817,0.6155,207.71,40.1,Medium
CLM0005967,0.3172,0.2984,0.6049,851.65,40.6,Medium
CLM0005968,0.1829,0.3387,0.6397,465.19,49.3,Medium
CLM0005969,0.6087,0.4833,0.2593,176.43,32.3,Low
CLM0005970,0.2596,0.4606,0.6525,42.64,41.9,Medium
CLM0005971,0.2659,0.3874,0.3795,990.52,34.3,Low
CLM0005972,0.2147,0.2869,0.8736,11875.7,51.8,Medium
CLM0005973,0.283,0.5134,0.4159,795.79,28.9,Low
CLM0005974,0.6496,0.6123,0.5889,5351.96,51.0,Medium
CLM0005975,0.1127,0.1279,0.7787,4675.24,45.8,Medium
CLM0005976,0.2656,0.4309,0.6296,4383.84,44.6,Medium
CLM0005977,0.2976,0.5412,0.3844,1674.05,35.8,Low
CLM0005978,0.4556,0.3683,0.5016,1668.08,34.2,Low
CLM0005979,0.1224,0.1299,0.6041,874.09,36.9,Low
CLM0005980,0.2678,0.3868,0.3766,1246.99,31.6,Low
CLM0005981,0.2747,0.3953,0.5193,1300.68,34.2,Low
CLM0005982,0.273,0.4634,0.3655,656.96,33.8,Low
CLM0005983,0.6159,0.5971,0.3634,774.0,36.6,Low
CLM0005984,0.5182,0.4214,0.4065,415.93,36.2,Low
CLM0005985,0.2559,0.5952,0.4337,2749.74,51.0,Medium
CLM0005986,0.2696,0.3752,0.3739,1661.0,26.5,Low
CLM0005987,0.2737,0.3883,0.7616,23235.66,56.7,Medium
CLM0005988,0.2015,0.3167,0.6618,466.28,37.6,Low
CLM0005989,0.581,0.4361,0.2152,864.39,33.5,Low
CLM0005990,0.3012,0.4975,0.3635,980.67,36.4,Low
CLM0005991,0.0566,0.2026,0.536,898.44,31.2,Low
CLM0005992,0.1613,0.1755,0.6506,430.05,34.9,Low
CLM0005993,0.3048,0.4499,0.6606,13155.76,48.6,Medium
CLM0005994,0.1657,0.2377,0.6432,178.83,36.1,Low
CLM0005995,0.2472,0.2456,0.8083,4522.2,40.5,Medium
CLM0005996,0.3072,0.4331,0.3647,627.1,29.5,Low
CLM0005997,0.141,0.3234,0.872,17771.18,52.9,Medium
CLM0005998,0.6222,0.5787,0.359,946.14,33.7,Low
CLM0005999,0.2628,0.411,0.5413,1625.77,39.5,Low
CLM0006000,0.5907,0.5968,0.6121,6495.47,54.0,Medium
CLM0006001,0.5882,0.4876,0.3296,1026.54,25.4,Low
CLM0006002,0.3798,0.5375,0.7279,10805.01,48.8,Medium
CLM0006003,0.1838,0.307,0.9074,5355.05,58.1,Medium
CLM0006004,0.2367,0.4013,0.5695,810.89,46.7,Medium
CLM0006005,0.106,0.2437,0.6363,140.64,28.5,Low
CLM0006006,0.2951,0.346,0.4647,814.04,26.1,Low
CLM0006007,0.3034,0.3963,0.6632,7252.02,40.1,Medium
CLM0006008,0.1786,0.1972,0.6086,172.75,33.7,Low
CLM0006009,0.1032,0.0755,0.5405,1140.93,30.9,Low
CLM0006010,0.1,0.2498,0.6157,1977.05,36.5,Low
CLM0006011,0.2635,0.382,0.3799,1471.27,30.3,Low
CLM0006012,0.2946,0.2804,0.6156,2018.65,41.3,Medium
CLM0006013,0.6926,0.5175,0.3685,422.35,37.1,Low
CLM0006014,0.2287,0.3877,0.8328,12817.11,57.9,Medium
CLM0006015,0.4357,0.2811,0.4248,1624.51,23.0,Low
CLM0006016,0.1837,0.2891,0.8004,6715.52,52.7,Medium
CLM0006017,0.3056,0.4108,0.7409,4216.31,56.4,Medium
CLM0006018,0.0744,0.2403,0.6178,984.36,39.7,Low
CLM0006019,0.2465,0.5462,0.4799,254.02,36.9,Low
CLM0006020,0.6735,0.4984,0.354,683.84,32.4,Low
CLM0006021,0.4779,0.4874,0.3953,2295.58,34.4,Low
CLM0006022,0.2468,0.3374,0.3694,414.61,26.8,Low
CLM0006023,0.1259,0.1512,0.6487,269.92,31.8,Low
CLM0006024,0.2298,0.2888,0.6125,81.95,33.8,Low
CLM0006025,0.2983,0.3257,0.6599,859.07,33.3,Low
CLM0006026,0.0819,0.1662,0.6404,368.68,32.3,Low
CLM0006027,0.6127,0.643,0.3108,1810.32,33.9,Low
CLM0006028,0.4675,0.2762,0.4207,799.93,27.4,Low
CLM0006029,0.6588,0.5793,0.3761,864.45,29.5,Low
CLM0006030,0.4273,0.686,0.7225,8157.79,55.2,Medium
CLM0006031,0.2372,0.4424,0.736,17185.79,63.2,Medium
CLM0006032,0.2113,0.2896,0.6462,173.76,39.0,Low
CLM0006033,0.3475,0.5322,0.4729,1361.11,43.1,Medium
CLM0006034,0.131,0.3297,0.5252,1239.71,42.5,Medium
CLM0006035,0.2492,0.5724,0.4529,671.92,36.3,Low
CLM0006036,0.4382,0.3621,0.5304,814.56,37.8,Low
CLM0006037,0.6262,0.5445,0.3626,229.44,32.4,Low
CLM0006038,0.5853,0.5149,0.6058,7104.16,49.0,Medium
CLM0006039,0.0462,0.1617,0.6254,66.88,36.1,Low
CLM0006040,0.5128,0.5251,0.6251,7029.91,44.5,Medium
CLM0006041,0.6032,0.5306,0.6298,8461.28,54.1,Medium
CLM0006042,0.0644,0.1243,0.5091,1067.71,30.0,Low
CLM0006043,0.3211,0.4482,0.4534,524.31,41.8,Medium
CLM0006044,0.2839,0.4834,0.7407,8280.06,46.5,Medium
CLM0006045,0.4539,0.4484,0.7625,8438.52,44.1,Medium
CLM0006046,0.2598,0.4201,0.4629,388.66,29.0,Low
CLM0006047,0.5965,0.5786,0.3482,510.64,35.6,Low
CLM0006048,0.088,0.2741,0.6577,148.89,34.1,Low
CLM0006049,0.1072,0.2408,0.5281,1055.11,28.3,Low
CLM0006050,0.1734,0.2847,0.6078,68.99,34.4,Low
CLM0006051,0.3242,0.4165,0.6292,11.43,37.3,Low
CLM0006052,0.1582,0.2344,0.6214,512.47,39.4,Low
CLM0006053,0.2892,0.3932,0.3975,2172.09,28.8,Low
CLM0006054,0.2259,0.3456,0.3992,324.93,25.3,Low
CLM0006055,0.2868,0.4206,0.7665,23455.47,49.7,Medium
CLM0006056,0.2004,0.3747,0.399,391.6,31.4,Low
CLM0006057,0.3532,0.4108,0.4931,665.36,38.0,Low
CLM0006058,0.3415,0.3297,0.4993,1400.3,34.4,Low
CLM0006059,0.1936,0.2281,0.6163,1428.02,32.1,Low
CLM0006060,0.1629,0.2756,0.6523,2328.59,42.6,Medium
CLM0006061,0.238,0.4796,0.4437,181.14,37.4,Low
CLM0006062,0.2358,0.216,0.6184,717.24,37.5,Low
CLM0006063,0.2828,0.3539,0.6159,1955.52,42.2,Medium
CLM0006064,0.6609,0.5585,0.5034,1956.71,44.6,Medium
CLM0006065,0.2295,0.3815,0.4794,1071.04,33.3,Low
CLM0006066,0.2503,0.5666,0.7501,10028.05,59.3,Medium
CLM0006067,0.1168,0.2841,0.6281,67.31,34.3,Low
CLM0006068,0.2571,0.4706,0.431,2259.09,37.4,Low
CLM0006069,0.2846,0.3729,0.458,1947.08,34.4,Low
CLM0006070,0.2439,0.4694,0.4639,787.63,37.8,Low
CLM0006071,0.2734,0.4374,0.4527,1411.05,36.9,Low
CLM0006072,0.1737,0.2063,0.7594,6832.23,43.5,Medium
CLM0006073,0.6621,0.4694,0.6787,9631.92,53.6,Medium
CLM0006074,0.5169,0.3789,0.4925,2598.97,37.1,Low
CLM0006075,0.0924,0.1762,0.5535,1517.8,31.2,Low
CLM0006076,0.0633,0.3918,0.6814,2335.79,37.2,Low
CLM0006077,0.1267,0.2032,0.6589,110.02,30.5,Low
CLM0006078,0.6659,0.4809,0.2133,177.97,17.7,Low
CLM0006079,0.13,0.4087,0.6076,1992.19,43.9,Medium
CLM0006080,0.2866,0.4419,0.3406,806.48,27.7,Low
CLM0006081,0.4757,0.3735,0.437,2505.25,29.4,Low
CLM0006082,0.4541,0.3999,0.7562,5272.91,46.2,Medium
CLM0006083,0.1307,0.2869,0.8007,6317.61,50.4,Medium
CLM0006084,0.2406,0.4727,0.4185,842.5,38.9,Low
CLM0006085,0.2307,0.217,0.7675,7322.92,45.7,Medium
CLM0006086,0.1822,0.2338,0.5498,1986.15,36.4,Low
CLM0006087,0.1533,0.275,0.6249,1340.89,35.7,Low
CLM0006088,0.3062,0.4701,0.4841,2277.65,34.5,Low
CLM0006089,0.6408,0.5486,0.3635,2074.82,41.6,Medium
CLM0006090,0.1286,0.2647,0.8972,22068.81,68.7,Medium
CLM0006091,0.118,0.1658,0.5749,988.15,25.1,Low
CLM0006092,0.124,0.2427,0.5932,108.92,32.7,Low
CLM0006093,0.4744,0.4487,0.7461,4640.52,52.3,Medium
CLM0006094,0.588,0.4231,0.4954,484.32,29.2,Low
CLM0006095,0.6342,0.5619,0.3244,699.53,37.7,Low
CLM0006096,0.2713,0.4274,0.6888,5863.0,51.9,Medium
CLM0006097,0.2991,0.4203,0.3806,1110.94,24.4,Low
CLM0006098,0.2749,0.4601,0.4339,770.57,35.3,Low
CLM0006099,0.59,0.5597,0.2222,196.12,27.2,Low
CLM0006100,0.226,0.4031,0.6295,197.29,35.5,Low
CLM0006101,0.0779,0.1775,0.8439,4725.97,44.8,Medium
CLM0006102,0.1284,0.1073,0.6848,338.52,36.8,Low
CLM0006103,0.5009,0.3997,0.4778,959.97,30.2,Low
CLM0006104,0.5995,0.4318,0.353,801.1,34.6,Low
CLM0006105,0.5986,0.5703,0.3756,1494.8,35.1,Low
CLM0006106,0.6141,0.5911,0.2793,334.32,27.8,Low
CLM0006107,0.0533,0.2019,0.5618,821.19,32.0,Low
CLM0006108,0.2421,0.4242,0.4719,3341.46,38.0,Low
CLM0006109,0.1446,0.1267,0.6542,738.32,32.8,Low
CLM0006110,0.2149,0.3,0.6166,77.82,39.2,Low
CLM0006111,0.605,0.5623,0.4112,834.35,33.5,Low
CLM0006112,0.1673,0.2144,0.5322,1297.45,27.6,Low
CLM0006113,0.1988,0.3243,0.5676,2117.27,40.8,Medium
CLM0006114,0.247,0.4466,0.4691,2613.9,39.1,Low
CLM0006115,0.1468,0.1385,0.5287,1695.76,30.6,Low
CLM0006116,0.3005,0.2091,0.6009,130.86,32.9,Low
CLM0006117,0.2209,0.415,0.3596,537.87,27.5,Low
CLM0006118,0.324,0.4713,0.7257,4118.52,49.0,Medium
CLM0006119,0.1624,0.1456,0.6916,6.51,31.5,Low
CLM0006120,0.1437,0.2019,0.5293,1594.81,31.7,Low
CLM0006121,0.6369,0.5944,0.3605,779.81,34.7,Low
CLM0006122,0.3399,0.3428,0.6298,184.98,37.8,Low
CLM0006123,0.0892,0.1834,0.5348,1926.79,35.1,Low
CLM0006124,0.2046,0.3497,0.8591,17418.7,63.0,Medium
CLM0006125,0.0824,0.1796,0.6865,3.64,29.7,Low
CLM0006126,0.1951,0.2599,0.6204,549.06,36.3,Low
CLM0006127,0.6445,0.3654,0.6321,6544.04,44.2,Medium
CLM0006128,0.2392,0.3426,0.6457,2274.04,42.7,Medium
CLM0006129,0.2033,0.3311,0.8999,12795.07,56.9,Medium
CLM0006130,0.1222,0.1872,0.688,923.23,40.1,Medium
CLM0006131,0.1988,0.384,0.6174,455.66,44.5,Medium
CLM0006132,0.2894,0.3699,0.4721,1280.05,32.5,Low
CLM0006133,0.2816,0.2953,0.6515,435.43,36.3,Low
CLM0006134,0.2786,0.5711,0.3798,859.62,33.9,Low
CLM0006135,0.2157,0.2192,0.5428,709.29,33.9,Low
CLM0006136,0.236,0.2703,0.5537,1700.62,35.6,Low
CLM0006137,0.2859,0.4506,0.4737,2361.99,34.8,Low
CLM0006138,0.5874,0.582,0.4746,5788.57,46.7,Medium
CLM0006139,0.5551,0.5116,0.3445,216.15,26.4,Low
CLM0006140,0.6437,0.576,0.3591,1165.62,37.6,Low
CLM0006141,0.1334,0.2659,0.6682,105.78,39.0,Low
CLM0006142,0.3196,0.3691,0.6315,45.65,38.5,Low
CLM0006143,0.1259,0.2267,0.5473,1553.13,29.4,Low
CLM0006144,0.125,0.2821,0.6017,572.61,26.5,Low
CLM0006145,0.1892,0.2781,0.5513,1455.93,37.9,Low
CLM0006146,0.109,0.2577,0.6047,412.16,32.9,Low
CLM0006147,0.1464,0.2718,0.6302,539.69,38.6,Low
CLM0006148,0.6287,0.5673,0.3208,1911.38,33.1,Low
CLM0006149,0.7862,0.5536,0.4214,1165.67,37.0,Low
CLM0006150,0.2414,0.3461,0.6773,2557.18,39.9,Low
CLM0006151,0.1468,0.4191,0.5938,1239.13,47.1,Medium
CLM0006152,0.2814,0.486,0.4944,1498.68,38.2,Low
CLM0006153,0.1547,0.3394,0.8246,5542.94,49.0,Medium
CLM0006154,0.5939,0.5313,0.2893,812.11,35.5,Low
CLM0006155,0.2072,0.3738,0.9102,10213.31,57.0,Medium
CLM0006156,0.1439,0.1267,0.6328,1138.45,32.0,Low
CLM0006157,0.1283,0.3084,0.9282,8589.79,57.7,Medium
CLM0006158,0.0773,0.159,0.5939,1505.31,33.3,Low
CLM0006159,0.1911,0.2754,0.6799,105.03,44.8,Medium
CLM0006160,0.6509,0.5002,0.514,1290.74,47.0,Medium
CLM0006161,0.1286,0.2503,0.5742,54.24,41.9,Medium
CLM0006162,0.1058,0.1951,0.6426,103.51,36.1,Low
CLM0006163,0.6263,0.6612,0.6098,9663.25,60.7,Medium
CLM0006164,0.1997,0.3839,0.6323,3225.59,45.8,Medium
CLM0006165,0.1266,0.2643,0.6169,246.19,36.8,Low
CLM0006166,0.1702,0.3174,0.5952,145.76,32.3,Low
CLM0006167,0.7193,0.6048,0.5778,4571.81,54.7,Medium
CLM0006168,0.2757,0.4871,0.417,1633.42,39.1,Low
CLM0006169,0.1156,0.3192,0.8295,18097.32,56.9,Medium
CLM0006170,0.1497,0.2525,0.8052,9018.63,48.5,Medium
CLM0006171,0.0647,0.1969,0.5594,692.23,33.5,Low
CLM0006172,0.2516,0.2509,0.6023,88.61,40.5,Medium
CLM0006173,0.2693,0.5399,0.4665,2935.6,36.1,Low
CLM0006174,0.6129,0.5577,0.383,317.65,32.3,Low
CLM0006175,0.2869,0.4599,0.3679,453.94,34.7,Low
CLM0006176,0.3052,0.4208,0.377,1653.72,36.4,Low
CLM0006177,0.6191,0.6108,0.6294,5290.26,50.0,Medium
CLM0006178,0.5166,0.521,0.6016,8634.87,57.0,Medium
CLM0006179,0.3834,0.533,0.4724,1507.25,35.0,Low
CLM0006180,0.7812,0.5889,0.5166,7552.48,39.4,Low
CLM0006181,0.551,0.3835,0.5533,593.2,33.1,Low
CLM0006182,0.0791,0.1623,0.55,2297.96,31.4,Low
CLM0006183,0.117,0.352,0.668,195.19,36.0,Low
CLM0006184,0.14,0.2894,0.6184,168.56,41.1,Medium
CLM0006185,0.5697,0.4607,0.2685,92.72,22.4,Low
CLM0006186,0.2786,0.3089,0.639,1466.91,42.0,Medium
CLM0006187,0.1189,0.1716,0.6637,50.68,34.2,Low
CLM0006188,0.6214,0.4909,0.3297,537.71,30.9,Low
CLM0006189,0.5992,0.5213,0.5105,549.24,41.1,Medium
CLM0006190,0.3324,0.5271,0.3695,786.99,39.1,Low
CLM0006191,0.3096,0.5495,0.439,2564.67,37.1,Low
CLM0006192,0.5917,0.5134,0.3684,667.16,33.2,Low
CLM0006193,0.265,0.252,0.881,8045.85,55.1,Medium
CLM0006194,0.1848,0.2577,0.9012,8179.81,45.0,Medium
CLM0006195,0.6455,0.5508,0.2271,716.94,27.3,Low
CLM0006196,0.2053,0.3943,0.6564,80.45,42.4,Medium
CLM0006197,0.2393,0.3686,0.4035,1311.58,28.8,Low
CLM0006198,0.2855,0.3604,0.386,604.69,24.8,Low
CLM0006199,0.5887,0.5248,0.3528,284.75,29.7,Low
CLM0006200,0.2563,0.442,0.3327,563.15,30.8,Low
CLM0006201,0.0997,0.2559,0.6399,11.95,28.3,Low
CLM0006202,0.5031,0.3554,0.5221,858.9,25.2,Low
CLM0006203,0.3166,0.438,0.7511,4754.46,40.8,Medium
CLM0006204,0.6095,0.3496,0.5054,635.01,32.7,Low
CLM0006205,0.5572,0.4372,0.51,597.4,35.5,Low
CLM0006206,0.1725,0.1965,0.6122,394.2,25.5,Low
CLM0006207,0.561,0.6345,0.5232,6718.46,51.3,Medium
CLM0006208,0.106,0.2413,0.6755,1036.93,42.5,Medium
CLM0006209,0.2325,0.5158,0.3521,1127.41,31.9,Low
CLM0006210,0.1815,0.23,0.6435,3275.65,42.8,Medium
CLM0006211,0.1269,0.1811,0.7792,4442.35,40.0,Low
CLM0006212,0.6365,0.5026,0.6208,4314.86,48.6,Medium
CLM0006213,0.3394,0.4884,0.3821,621.81,35.1,Low
CLM0006214,0.2352,0.3159,0.7413,8855.7,49.8,Medium
CLM0006215,0.2651,0.5067,0.4913,1957.04,34.3,Low
CLM0006216,0.0978,0.2097,0.5746,2728.47,29.0,Low
CLM0006217,0.6696,0.5718,0.2587,535.4,34.1,Low
CLM0006218,0.1213,0.3158,0.6135,254.32,39.9,Low
CLM0006219,0.358,0.3684,0.6619,2271.96,43.5,Medium
CLM0006220,0.6011,0.5118,0.49,10826.49,53.8,Medium
CLM0006221,0.1029,0.1796,0.6301,55.01,36.9,Low
CLM0006222,0.1262,0.1153,0.648,241.09,31.6,Low
CLM0006223,0.2792,0.4909,0.7169,4070.98,51.8,Medium
CLM0006224,0.2509,0.3899,0.3847,972.93,31.9,Low
CLM0006225,0.2448,0.2764,0.6181,539.47,36.5,Low
CLM0006226,0.6398,0.4722,0.3166,337.24,29.9,Low
CLM0006227,0.6392,0.5406,0.3406,782.45,32.1,Low
CLM0006228,0.4982,0.408,0.2766,220.12,22.8,Low
CLM0006229,0.6262,0.4685,0.2481,224.05,21.8,Low
CLM0006230,0.1609,0.3691,0.7441,8506.08,47.9,Medium
CLM0006231,0.5476,0.5755,0.6797,5546.06,44.8,Medium
CLM0006232,0.2606,0.4322,0.5924,5099.76,38.9,Low
CLM0006233,0.2318,0.3858,0.7401,6197.7,48.4,Medium
CLM0006234,0.6183,0.5888,0.3869,1696.76,35.3,Low
CLM0006235,0.2287,0.3678,0.6108,513.46,34.5,Low
CLM0006236,0.2165,0.2846,0.6337,651.1,36.2,Low
CLM0006237,0.2557,0.467,0.7427,6763.32,45.2,Medium
CLM0006238,0.6404,0.5781,0.5948,10763.3,58.8,Medium
CLM0006239,0.2708,0.4746,0.6444,4311.66,45.6,Medium
CLM0006240,0.5838,0.4428,0.5972,3404.06,40.8,Medium
CLM0006241,0.0427,0.1454,0.8025,9641.12,44.9,Medium
CLM0006242,0.2115,0.3766,0.3208,368.79,22.0,Low
CLM0006243,0.3034,0.4826,0.759,7745.12,47.5,Medium
CLM0006244,0.6363,0.5673,0.2797,578.99,18.9,Low
CLM0006245,0.4323,0.4122,0.3443,602.0,36.2,Low
CLM0006246,0.1295,0.1632,0.6343,177.61,35.5,Low
CLM0006247,0.3993,0.4845,0.4776,424.58,43.9,Medium
CLM0006248,0.2156,0.3628,0.6121,982.7,45.8,Medium
CLM0006249,0.418,0.592,0.4932,1295.64,37.5,Low
CLM0006250,0.3098,0.4837,0.3839,644.27,35.1,Low
CLM0006251,0.2121,0.405,0.6266,16493.22,52.2,Medium
CLM0006252,0.2634,0.43,0.4728,417.15,32.0,Low
CLM0006253,0.1142,0.2173,0.5183,1539.4,28.3,Low
CLM0006254,0.0291,0.2412,0.6854,1438.91,39.7,Low
CLM0006255,0.1078,0.2535,0.6268,624.44,41.8,Medium
CLM0006256,0.1497,0.1804,0.8954,7327.26,60.5,Medium
CLM0006257,0.279,0.5207,0.7284,11281.8,57.7,Medium
CLM0006258,0.2889,0.4676,0.3904,707.83,28.0,Low
CLM0006259,0.5686,0.4571,0.7608,12078.8,57.8,Medium
CLM0006260,0.2267,0.358,0.8391,32329.06,71.5,High
CLM0006261,0.1095,0.2407,0.5429,1867.68,33.7,Low
CLM0006262,0.5731,0.575,0.6246,2571.9,47.1,Medium
CLM0006263,0.5676,0.4138,0.4365,1145.79,27.5,Low
CLM0006264,0.6724,0.524,0.5013,993.63,36.2,Low
CLM0006265,0.248,0.4972,0.7199,13555.35,56.0,Medium
CLM0006266,0.202,0.5002,0.8715,10040.91,61.2,Medium
CLM0006267,0.2179,0.3551,0.6287,233.12,41.8,Medium
CLM0006268,0.1855,0.3132,0.6218,72.7,41.8,Medium
CLM0006269,0.2541,0.4551,0.6575,44.69,42.3,Medium
CLM0006270,0.1612,0.1846,0.6815,122.09,36.5,Low
CLM0006271,0.6258,0.5278,0.2177,808.27,28.6,Low
CLM0006272,0.1009,0.218,0.8246,5192.64,46.5,Medium
CLM0006273,0.1181,0.2597,0.6295,207.03,40.1,Medium
CLM0006274,0.4633,0.2857,0.4098,803.58,25.3,Low
CLM0006275,0.3996,0.5204,0.6305,5568.16,42.1,Medium
CLM0006276,0.2911,0.4958,0.493,674.83,39.4,Low
CLM0006277,0.567,0.46,0.5015,366.08,36.8,Low
CLM0006278,0.139,0.3562,0.7437,8783.72,50.4,Medium
CLM0006279,0.1995,0.2709,0.6272,757.13,39.6,Low
CLM0006280,0.6407,0.5986,0.6253,8874.73,58.1,Medium
CLM0006281,0.0661,0.095,0.6584,1534.13,37.5,Low
CLM0006282,0.5154,0.401,0.7972,8611.68,55.7,Medium
CLM0006283,0.0987,0.1081,0.5091,655.19,24.8,Low
CLM0006284,0.0828,0.2278,0.6455,120.99,43.4,Medium
CLM0006285,0.0618,0.2504,0.8206,13596.11,49.2,Medium
CLM0006286,0.6281,0.5308,0.3431,441.38,40.0,Low
CLM0006287,0.4059,0.3831,0.5148,1782.13,38.2,Low
CLM0006288,0.2751,0.3777,0.466,1619.97,33.3,Low
CLM0006289,0.2523,0.4389,0.3601,502.74,33.0,Low
CLM0006290,0.5876,0.5296,0.5092,4096.63,41.7,Medium
CLM0006291,0.2162,0.4582,0.4766,246.9,29.5,Low
CLM0006292,0.1305,0.1486,0.5445,3194.45,30.9,Low
CLM0006293,0.3035,0.3592,0.4477,1389.3,34.4,Low
CLM0006294,0.1715,0.2572,0.6555,414.82,35.2,Low
CLM0006295,0.5764,0.613,0.7685,4104.06,54.1,Medium
CLM0006296,0.6294,0.4705,0.3656,256.22,27.3,Low
CLM0006297,0.2532,0.5272,0.4887,2888.34,38.6,Low
CLM0006298,0.5677,0.3883,0.4085,1739.21,25.4,Low
CLM0006299,0.5045,0.393,0.7386,11209.67,59.8,Medium
CLM0006300,0.1879,0.2305,0.6309,284.37,29.6,Low
CLM0006301,0.2137,0.2337,0.6925,739.02,40.6,Medium
CLM0006302,0.239,0.3876,0.6187,50.16,43.3,Medium
CLM0006303,0.2658,0.2502,0.6483,792.07,37.1,Low
CLM0006304,0.4817,0.3502,0.68,17640.81,57.4,Medium
CLM0006305,0.2224,0.3101,0.6673,1767.8,40.2,Medium
CLM0006306,0.1922,0.3487,0.8397,11175.74,55.2,Medium
CLM0006307,0.5235,0.4529,0.5165,1490.94,36.9,Low
CLM0006308,0.1868,0.3281,0.6292,2462.6,40.7,Medium
CLM0006309,0.1045,0.2427,0.5934,152.14,36.4,Low
CLM0006310,0.1873,0.3573,0.6672,285.0,39.7,Low
CLM0006311,0.19,0.1812,0.6605,7.74,39.3,Low
CLM0006312,0.1834,0.4327,0.513,1406.31,45.1,Medium
CLM0006313,0.309,0.4118,0.404,575.67,30.7,Low
CLM0006314,0.5803,0.5785,0.5956,6901.64,48.0,Medium
CLM0006315,0.2113,0.2306,0.5585,1992.82,39.0,Low
CLM0006316,0.5655,0.6053,0.355,420.06,36.4,Low
CLM0006317,0.0639,0.1334,0.6943,425.29,40.5,Medium
CLM0006318,0.2736,0.4256,0.4097,398.86,21.0,Low
CLM0006319,0.5471,0.3017,0.5139,598.64,33.6,Low
CLM0006320,0.1039,0.1727,0.6609,704.98,42.1,Medium
CLM0006321,0.771,0.7023,0.2422,697.26,29.1,Low
CLM0006322,0.2426,0.2458,0.5937,1069.42,43.3,Medium
CLM0006323,0.1842,0.3272,0.6346,946.1,37.3,Low
CLM0006324,0.0493,0.1056,0.821,7834.47,42.6,Medium
CLM0006325,0.4033,0.4774,0.6675,3819.55,42.7,Medium
CLM0006326,0.7151,0.7553,0.5816,16800.38,61.5,Medium
CLM0006327,0.1243,0.3935,0.6342,1450.43,40.1,Medium
CLM0006328,0.2559,0.4279,0.6402,685.49,42.8,Medium
CLM0006329,0.2602,0.4602,0.5358,756.81,40.4,Medium
CLM0006330,0.6025,0.3839,0.3438,159.67,28.1,Low
CLM0006331,0.0186,0.1115,0.6259,177.01,29.2,Low
CLM0006332,0.1319,0.2528,0.6285,104.43,36.6,Low
CLM0006333,0.2615,0.4628,0.4796,1027.52,37.8,Low
CLM0006334,0.2415,0.4017,0.4752,401.93,33.9,Low
CLM0006335,0.3053,0.4569,0.4007,1774.46,31.2,Low
CLM0006336,0.3033,0.4068,0.4736,1597.64,38.8,Low
CLM0006337,0.333,0.4328,0.4164,1241.12,32.7,Low
CLM0006338,0.445,0.3049,0.6769,9066.08,44.2,Medium
CLM0006339,0.5332,0.4246,0.6392,6790.14,46.6,Medium
CLM0006340,0.0569,0.1823,0.9147,9566.38,46.7,Medium
CLM0006341,0.5054,0.2487,0.4534,1294.85,28.2,Low
CLM0006342,0.23,0.2839,0.5978,678.15,29.9,Low
CLM0006343,0.5672,0.4723,0.2124,1319.62,31.9,Low
CLM0006344,0.2453,0.2162,0.5506,1680.34,29.3,Low
CLM0006345,0.2501,0.4498,0.3607,1507.1,30.9,Low
CLM0006346,0.1555,0.1731,0.6353,16.91,33.8,Low
CLM0006347,0.1493,0.2972,0.643,150.81,43.3,Medium
CLM0006348,0.1175,0.2303,0.5833,1725.21,33.5,Low
CLM0006349,0.5347,0.3138,0.5354,566.61,29.8,Low
CLM0006350,0.6204,0.6369,0.6077,7922.86,57.7,Medium
CLM0006351,0.2689,0.4043,0.479,1810.38,37.2,Low
CLM0006352,0.6155,0.5488,0.4165,1695.37,36.4,Low
CLM0006353,0.2443,0.4414,0.5041,1873.18,37.5,Low
CLM0006354,0.3083,0.5354,0.4767,1367.25,36.3,Low
CLM0006355,0.2684,0.4458,0.3454,1071.3,37.7,Low
CLM0006356,0.3867,0.3363,0.3889,1121.04,30.3,Low
CLM0006357,0.144,0.1763,0.801,10301.59,54.3,Medium
CLM0006358,0.5832,0.5219,0.6877,18234.95,58.2,Medium
CLM0006359,0.2526,0.2734,0.9179,6919.13,49.9,Medium
CLM0006360,0.1741,0.1878,0.6525,932.08,39.7,Low
CLM0006361,0.0367,0.1371,0.5473,1058.29,24.5,Low
CLM0006362,0.1153,0.2361,0.919,22212.33,63.8,Medium
CLM0006363,0.0723,0.3235,0.8045,14676.89,53.4,Medium
CLM0006364,0.2535,0.4414,0.4953,3274.9,35.2,Low
CLM0006365,0.3563,0.4877,0.3917,836.78,38.2,Low
CLM0006366,0.4402,0.543,0.5577,2030.99,43.4,Medium
CLM0006367,0.2616,0.3213,0.5366,2339.95,35.5,Low
CLM0006368,0.2387,0.2202,0.6925,2299.55,42.1,Medium
CLM0006369,0.3026,0.4146,0.4772,631.42,35.3,Low
CLM0006370,0.3125,0.423,0.7558,5233.12,42.9,Medium
CLM0006371,0.2545,0.3237,0.599,36.23,37.3,Low
CLM0006372,0.2554,0.3772,0.5017,193.8,40.6,Medium
CLM0006373,0.5508,0.5073,0.7634,4978.7,54.8,Medium
CLM0006374,0.2512,0.6121,0.7619,12521.46,60.8,Medium
CLM0006375,0.6324,0.4578,0.6577,7285.79,41.9,Medium
CLM0006376,0.2746,0.4407,0.478,1228.2,35.4,Low
CLM0006377,0.2436,0.3644,0.6261,615.81,43.9,Medium
CLM0006378,0.2904,0.4342,0.4832,1170.92,32.3,Low
CLM0006379,0.1465,0.2586,0.5158,1822.36,36.8,Low
CLM0006380,0.2981,0.4697,0.7361,6773.61,54.9,Medium
CLM0006381,0.0967,0.1446,0.5351,1067.59,35.4,Low
CLM0006382,0.2154,0.2748,0.6666,55.97,31.0,Low
CLM0006383,0.3962,0.526,0.6655,1857.09,44.6,Medium
CLM0006384,0.4104,0.5077,0.7496,3750.0,55.6,Medium
CLM0006385,0.2727,0.4474,0.7279,8512.69,54.5,Medium
CLM0006386,0.1887,0.4935,0.4872,2772.58,42.2,Medium
CLM0006387,0.2629,0.4823,0.4222,1292.52,38.7,Low
CLM0006388,0.0665,0.1817,0.6392,996.71,30.4,Low
CLM0006389,0.2936,0.398,0.6614,5723.79,42.7,Medium
CLM0006390,0.2548,0.3689,0.6326,871.93,43.3,Medium
CLM0006391,0.1232,0.2103,0.7917,10053.04,51.8,Medium
CLM0006392,0.4995,0.3787,0.4258,428.97,41.7,Medium
CLM0006393,0.4768,0.3691,0.4257,965.49,30.5,Low
CLM0006394,0.2802,0.3551,0.4941,315.15,26.6,Low
CLM0006395,0.3378,0.4164,0.6858,1730.42,37.4,Low
CLM0006396,0.1555,0.2133,0.6566,739.52,30.8,Low
CLM0006397,0.5532,0.5122,0.3032,219.35,28.9,Low
CLM0006398,0.0728,0.2451,0.5154,2127.66,31.4,Low
CLM0006399,0.3023,0.4012,0.5025,285.73,34.6,Low
CLM0006400,0.2526,0.3231,0.5089,404.67,40.4,Medium
CLM0006401,0.6543,0.4714,0.6297,4666.41,45.6,Medium
CLM0006402,0.6469,0.6037,0.3245,332.49,31.2,Low
CLM0006403,0.1416,0.1967,0.6047,113.71,35.9,Low
CLM0006404,0.6041,0.4674,0.1949,1058.44,28.4,Low
CLM0006405,0.2422,0.4458,0.6376,4088.03,45.8,Medium
CLM0006406,0.3089,0.5565,0.3252,455.04,40.4,Medium
CLM0006407,0.5844,0.5242,0.3312,986.09,34.0,Low
CLM0006408,0.1491,0.3043,0.6235,109.97,39.0,Low
CLM0006409,0.2394,0.2904,0.5422,648.33,40.0,Low
CLM0006410,0.6534,0.6192,0.3687,332.78,38.8,Low
CLM0006411,0.2797,0.3817,0.7874,12133.83,59.3,Medium
CLM0006412,0.5709,0.453,0.5194,1039.39,38.2,Low
CLM0006413,0.1806,0.1949,0.604,161.96,40.3,Medium
CLM0006414,0.4738,0.475,0.3988,1514.43,29.4,Low
CLM0006415,0.1143,0.1514,0.6467,398.57,37.1,Low
CLM0006416,0.1291,0.2547,0.6226,714.09,33.3,Low
CLM0006417,0.2283,0.4193,0.4557,2395.96,42.7,Medium
CLM0006418,0.4119,0.4859,0.412,1770.42,35.5,Low
CLM0006419,0.2685,0.3476,0.6406,476.47,34.4,Low
CLM0006420,0.0738,0.2235,0.5709,1755.38,25.6,Low
CLM0006421,0.1838,0.3173,0.6589,578.93,44.6,Medium
CLM0006422,0.1098,0.264,0.519,975.58,32.6,Low
CLM0006423,0.2651,0.4199,0.7333,4063.82,47.1,Medium
CLM0006424,0.0866,0.1199,0.5657,1321.96,30.3,Low
CLM0006425,0.0849,0.1352,0.564,738.0,33.1,Low
CLM0006426,0.2517,0.5219,0.5741,6480.14,48.4,Medium
CLM0006427,0.158,0.2402,0.6129,2829.25,39.7,Low
CLM0006428,0.2346,0.3454,0.6535,772.05,39.7,Low
CLM0006429,0.0627,0.2119,0.8253,5452.08,47.1,Medium
CLM0006430,0.5388,0.6584,0.373,784.12,34.7,Low
CLM0006431,0.6211,0.5312,0.3733,1902.84,36.6,Low
CLM0006432,0.5923,0.4606,0.4952,1042.47,44.5,Medium
CLM0006433,0.6653,0.5632,0.3468,556.28,31.7,Low
CLM0006434,0.322,0.426,0.7102,6101.86,58.8,Medium
CLM0006435,0.2141,0.4268,0.6879,3368.0,49.6,Medium
CLM0006436,0.6135,0.5889,0.5974,5115.6,46.3,Medium
CLM0006437,0.2926,0.4756,0.7976,15607.5,53.1,Medium
CLM0006438,0.4642,0.4383,0.5521,1963.35,42.5,Medium
CLM0006439,0.6156,0.5986,0.3107,295.48,27.1,Low
CLM0006440,0.1849,0.2624,0.5847,4232.54,37.2,Low
CLM0006441,0.5161,0.3746,0.5259,1568.44,38.6,Low
CLM0006442,0.2054,0.375,0.9124,6584.97,56.7,Medium
CLM0006443,0.5221,0.5656,0.3296,309.29,28.5,Low
CLM0006444,0.2179,0.2195,0.6356,877.97,41.5,Medium
CLM0006445,0.115,0.1927,0.578,2243.83,41.0,Medium
CLM0006446,0.61,0.5544,0.6702,6777.51,53.8,Medium
CLM0006447,0.1995,0.4584,0.6151,1964.74,41.3,Medium
CLM0006448,0.2462,0.3799,0.6416,801.48,41.0,Medium
CLM0006449,0.1059,0.3699,0.6409,244.35,39.6,Low
CLM0006450,0.4551,0.3789,0.5845,1056.77,30.9,Low
CLM0006451,0.1524,0.3463,0.6475,58.17,41.8,Medium
CLM0006452,0.2084,0.2886,0.6372,446.71,36.3,Low
CLM0006453,0.2338,0.5547,0.655,4454.85,48.9,Medium
CLM0006454,0.2171,0.4285,0.3785,636.4,26.9,Low
CLM0006455,0.0726,0.2808,0.6045,768.73,38.8,Low
CLM0006456,0.0742,0.2267,0.605,45.26,41.5,Medium
CLM0006457,0.1107,0.1956,0.5438,1223.24,38.3,Low
CLM0006458,0.09,0.3159,0.8954,9534.74,57.5,Medium
CLM0006459,0.1473,0.1061,0.5304,461.51,28.4,Low
CLM0006460,0.6597,0.5636,0.3212,872.33,31.9,Low
CLM0006461,0.1393,0.1837,0.8151,5072.08,49.0,Medium
CLM0006462,0.5989,0.5152,0.6371,6503.73,45.2,Medium
CLM0006463,0.4533,0.4221,0.3671,274.59,39.9,Low
CLM0006464,0.0567,0.057,0.6657,184.21,34.0,Low
CLM0006465,0.2092,0.3688,0.6111,1227.65,44.1,Medium
CLM0006466,0.2567,0.4373,0.4645,1835.03,33.8,Low
CLM0006467,0.6114,0.5208,0.493,4648.88,42.8,Medium
CLM0006468,0.2001,0.6661,0.7188,15382.51,68.6,Medium
CLM0006469,0.2271,0.4105,0.9201,21739.76,63.6,Medium
CLM0006470,0.2216,0.2559,0.6279,311.0,42.1,Medium
CLM0006471,0.3032,0.3064,0.3939,218.59,32.2,Low
CLM0006472,0.1548,0.1909,0.7021,1616.97,40.3,Medium
CLM0006473,0.2074,0.2874,0.5717,3348.1,28.0,Low
CLM0006474,0.1919,0.2696,0.6824,173.22,40.7,Medium
CLM0006475,0.2987,0.4735,0.4557,533.19,34.7,Low
CLM0006476,0.524,0.3577,0.5205,829.97,31.8,Low
CLM0006477,0.2453,0.4553,0.4687,1335.28,38.1,Low
CLM0006478,0.6103,0.5038,0.6238,6332.09,54.7,Medium
CLM0006479,0.0429,0.2115,0.6174,51.48,31.6,Low
CLM0006480,0.0968,0.2526,0.5211,1086.42,39.7,Low
CLM0006481,0.2241,0.4771,0.5238,430.36,35.3,Low
CLM0006482,0.3413,0.4447,0.406,1051.3,26.0,Low
CLM0006483,0.1911,0.3069,0.4963,968.58,35.7,Low
CLM0006484,0.1065,0.2291,0.6238,159.45,37.4,Low
CLM0006485,0.6339,0.5195,0.2801,318.78,32.4,Low
CLM0006486,0.5771,0.6168,0.6331,5440.65,56.7,Medium
CLM0006487,0.6055,0.5398,0.604,3702.61,45.9,Medium
CLM0006488,0.1486,0.205,0.828,5521.42,52.1,Medium
CLM0006489,0.1187,0.2732,0.6326,239.57,49.7,Medium
CLM0006490,0.2829,0.3741,0.4687,1132.43,32.5,Low
CLM0006491,0.2308,0.4109,0.7732,5707.2,54.7,Medium
CLM0006492,0.2241,0.4283,0.7323,5018.67,51.8,Medium
CLM0006493,0.2257,0.4454,0.4917,986.66,31.1,Low
CLM0006494,0.2519,0.6187,0.6434,12513.98,56.4,Medium
CLM0006495,0.6327,0.5231,0.4772,3158.32,44.3,Medium
CLM0006496,0.258,0.4789,0.6464,156.02,44.5,Medium
CLM0006497,0.2827,0.4831,0.555,1015.08,34.0,Low
CLM0006498,0.6273,0.4905,0.2575,821.45,28.0,Low
CLM0006499,0.6029,0.5424,0.6162,6393.9,47.9,Medium
CLM0006500,0.3112,0.4198,0.3474,350.73,28.7,Low
CLM0006501,0.2142,0.4322,0.755,13668.14,48.3,Medium
CLM0006502,0.1025,0.1673,0.6566,58.71,32.2,Low
CLM0006503,0.5838,0.547,0.6138,4690.18,47.8,Medium
CLM0006504,0.6221,0.617,0.6085,8401.86,55.4,Medium
CLM0006505,0.244,0.3861,0.6475,20.51,48.3,Medium
CLM0006506,0.6575,0.5549,0.2041,651.89,25.5,Low
CLM0006507,0.0581,0.1103,0.6506,296.83,25.7,Low
CLM0006508,0.2527,0.6102,0.6609,6149.77,47.0,Medium
CLM0006509,0.5803,0.4371,0.7665,6734.71,50.3,Medium
CLM0006510,0.557,0.4331,0.5228,2872.98,39.3,Low
CLM0006511,0.2418,0.2754,0.5635,1281.86,32.1,Low
CLM0006512,0.2262,0.4536,0.3823,773.05,38.1,Low
CLM0006513,0.0859,0.229,0.6296,2160.21,35.8,Low
CLM0006514,0.1222,0.1129,0.6608,688.13,30.6,Low
CLM0006515,0.3067,0.3428,0.3554,1373.53,31.4,Low
CLM0006516,0.2155,0.4663,0.7125,5477.94,44.5,Medium
CLM0006517,0.1185,0.4251,0.5321,2567.3,39.7,Low
CLM0006518,0.2817,0.4406,0.6306,2710.07,48.6,Medium
CLM0006519,0.2715,0.4423,0.4937,1754.37,33.0,Low
CLM0006520,0.25,0.6601,0.6513,8353.0,51.4,Medium
CLM0006521,0.0668,0.251,0.5596,1167.05,30.4,Low
CLM0006522,0.2229,0.5057,0.7175,24403.14,66.9,Medium
CLM0006523,0.2883,0.5005,0.3793,595.1,33.2,Low
CLM0006524,0.1048,0.2128,0.8565,7640.61,55.2,Medium
CLM0006525,0.1093,0.2667,0.8175,4602.66,42.8,Medium
CLM0006526,0.4835,0.3444,0.4942,524.88,35.1,Low
CLM0006527,0.101,0.2291,0.6669,171.32,39.4,Low
CLM0006528,0.0941,0.161,0.7984,4468.78,41.3,Medium
CLM0006529,0.3196,0.459,0.3928,1226.66,28.9,Low
CLM0006530,0.1302,0.3398,0.6407,185.43,38.9,Low
CLM0006531,0.5598,0.4472,0.4744,4469.19,37.4,Low
CLM0006532,0.1459,0.2805,0.6848,115.15,34.9,Low
CLM0006533,0.2577,0.4108,0.7499,16989.9,57.3,Medium
CLM0006534,0.0809,0.2029,0.7088,2486.68,46.4,Medium
CLM0006535,0.0863,0.2026,0.6485,641.89,30.3,Low
CLM0006536,0.1762,0.1764,0.6838,331.12,40.4,Medium
CLM0006537,0.0371,0.1428,0.6848,387.39,31.9,Low
CLM0006538,0.0821,0.1946,0.5519,739.16,29.8,Low
CLM0006539,0.5948,0.4637,0.6259,4744.33,49.8,Medium
CLM0006540,0.0603,0.2004,0.606,232.73,36.4,Low
CLM0006541,0.1434,0.2084,0.6338,2732.86,31.7,Low
CLM0006542,0.2729,0.3885,0.3635,1485.07,28.6,Low
CLM0006543,0.0731,0.1794,0.6827,86.27,33.9,Low
CLM0006544,0.5891,0.576,0.2451,443.88,32.7,Low
CLM0006545,0.131,0.2662,0.786,7199.38,47.0,Medium
CLM0006546,0.1142,0.1976,0.6211,566.7,41.8,Medium
CLM0006547,0.2913,0.4725,0.757,5619.76,61.2,Medium
CLM0006548,0.216,0.4,0.7624,8911.9,51.2,Medium
CLM0006549,0.1785,0.2287,0.8987,7164.49,51.9,Medium
CLM0006550,0.1703,0.2021,0.5747,322.79,37.6,Low
CLM0006551,0.1081,0.2457,0.6413,139.46,33.1,Low
CLM0006552,0.3043,0.4239,0.6803,13941.33,60.4,Medium
CLM0006553,0.6402,0.6022,0.2151,1455.48,25.5,Low
CLM0006554,0.2663,0.4511,0.4702,929.71,31.2,Low
CLM0006555,0.1582,0.28,0.6622,2689.81,41.4,Medium
CLM0006556,0.2657,0.4872,0.5294,185.5,38.5,Low
CLM0006557,0.0939,0.402,0.5633,1946.29,40.4,Medium
CLM0006558,0.2717,0.3451,0.515,1296.87,37.2,Low
CLM0006559,0.6309,0.5071,0.2637,586.67,32.0,Low
CLM0006560,0.2803,0.3006,0.6034,288.48,35.8,Low
CLM0006561,0.1717,0.1844,0.9042,6280.02,52.9,Medium
CLM0006562,0.6514,0.5533,0.2734,422.92,27.2,Low
CLM0006563,0.2985,0.4262,0.5089,1426.37,27.6,Low
CLM0006564,0.7212,0.6003,0.2333,215.85,36.0,Low
CLM0006565,0.152,0.1655,0.6387,1385.79,31.0,Low
CLM0006566,0.0345,0.2324,0.8328,5358.64,45.7,Medium
CLM0006567,0.1523,0.2268,0.6794,2253.45,34.8,Low
CLM0006568,0.3125,0.4611,0.6193,6453.08,42.3,Medium
CLM0006569,0.1226,0.2628,0.6271,118.13,35.3,Low
CLM0006570,0.1535,0.4291,0.8725,22018.89,67.0,Medium
CLM0006571,0.2377,0.3771,0.9689,11193.34,66.3,Medium
CLM0006572,0.2143,0.3439,0.6412,2198.21,51.2,Medium
CLM0006573,0.421,0.5728,0.7108,2739.49,40.6,Medium
CLM0006574,0.5625,0.4818,0.6656,3290.23,48.6,Medium
CLM0006575,0.0531,0.1534,0.6128,175.72,36.5,Low
CLM0006576,0.2059,0.3158,0.6321,3485.79,44.1,Medium
CLM0006577,0.567,0.5893,0.6507,9932.48,53.0,Medium
CLM0006578,0.6602,0.5915,0.3346,119.41,27.1,Low
CLM0006579,0.5677,0.6124,0.5578,687.1,48.0,Medium
CLM0006580,0.2163,0.4149,0.6374,8938.92,41.7,Medium
CLM0006581,0.5178,0.3974,0.497,1401.26,35.3,Low
CLM0006582,0.7665,0.696,0.3378,1550.11,38.6,Low
CLM0006583,0.1307,0.3608,0.6271,28.64,40.4,Medium
CLM0006584,0.1647,0.3002,0.6382,104.31,37.6,Low
CLM0006585,0.2579,0.4666,0.3758,1402.84,29.7,Low
CLM0006586,0.1308,0.2118,0.6556,1198.97,43.6,Medium
CLM0006587,0.1128,0.349,0.6797,2486.9,46.1,Medium
CLM0006588,0.1461,0.3069,0.6437,581.8,26.8,Low
CLM0006589,0.2389,0.5116,0.6264,6960.83,48.7,Medium
CLM0006590,0.5694,0.5328,0.2336,236.11,28.5,Low
CLM0006591,0.1486,0.1687,0.6108,3.3,40.7,Medium
CLM0006592,0.2556,0.4264,0.59,198.84,46.9,Medium
CLM0006593,0.1129,0.2378,0.6241,167.21,34.6,Low
CLM0006594,0.0505,0.1563,0.5557,2162.13,33.9,Low
CLM0006595,0.314,0.4063,0.4911,523.68,33.2,Low
CLM0006596,0.5436,0.6024,0.3881,829.15,34.6,Low
CLM0006597,0.1338,0.2715,0.6081,54.93,44.2,Medium
CLM0006598,0.1419,0.1446,0.6101,187.46,36.6,Low
CLM0006599,0.1053,0.1107,0.6233,32.0,46.1,Medium
CLM0006600,0.4344,0.324,0.4116,1269.41,24.9,Low
CLM0006601,0.0413,0.2473,0.5833,2894.07,42.9,Medium
CLM0006602,0.5831,0.4627,0.5845,12778.73,55.4,Medium
CLM0006603,0.1989,0.4819,0.3812,507.26,29.5,Low
CLM0006604,0.2156,0.3791,0.5434,1781.68,27.1,Low
CLM0006605,0.0914,0.2708,0.6424,1154.71,37.3,Low
CLM0006606,0.0718,0.2008,0.5265,1283.66,30.7,Low
CLM0006607,0.2205,0.4144,0.6155,14162.0,52.3,Medium
CLM0006608,0.2502,0.2411,0.5929,843.16,35.0,Low
CLM0006609,0.0912,0.1733,0.6587,319.48,35.1,Low
CLM0006610,0.228,0.3314,0.6573,120.81,39.1,Low
CLM0006611,0.1837,0.2755,0.5364,312.92,30.5,Low
CLM0006612,0.2212,0.4144,0.8986,17815.31,65.1,Medium
CLM0006613,0.567,0.392,0.3997,916.77,25.3,Low
CLM0006614,0.127,0.3231,0.6252,978.54,35.6,Low
CLM0006615,0.0726,0.2946,0.6512,4585.59,40.8,Medium
CLM0006616,0.2062,0.2131,0.6364,2382.53,29.7,Low
CLM0006617,0.288,0.3994,0.4877,251.37,36.8,Low
CLM0006618,0.0835,0.1818,0.6371,223.1,32.4,Low
CLM0006619,0.4833,0.3718,0.512,1562.53,37.6,Low
CLM0006620,0.2391,0.476,0.6404,215.84,46.6,Medium
CLM0006621,0.1514,0.3442,0.6645,502.33,36.6,Low
CLM0006622,0.6218,0.5156,0.5297,3366.47,39.2,Low
CLM0006623,0.0741,0.1308,0.6004,942.77,32.9,Low
CLM0006624,0.6158,0.4775,0.3396,590.57,27.9,Low
CLM0006625,0.1267,0.1771,0.6915,155.7,35.4,Low
CLM0006626,0.2638,0.4565,0.3661,1642.23,38.0,Low
CLM0006627,0.5089,0.3205,0.4136,2552.62,31.4,Low
CLM0006628,0.6147,0.4962,0.3646,380.76,30.0,Low
CLM0006629,0.2279,0.4722,0.7094,6467.29,50.3,Medium
CLM0006630,0.2793,0.4874,0.3643,1032.17,32.7,Low
CLM0006631,0.2096,0.3496,0.6173,1763.89,36.0,Low
CLM0006632,0.4621,0.5231,0.4993,2405.44,45.9,Medium
CLM0006633,0.0838,0.2684,0.9121,7229.97,51.9,Medium
CLM0006634,0.5647,0.5599,0.2566,1107.84,29.3,Low
CLM0006635,0.1961,0.2655,0.6401,734.78,41.6,Medium
CLM0006636,0.2933,0.4791,0.6575,7638.73,39.8,Low
CLM0006637,0.6107,0.3894,0.4753,1253.19,35.0,Low
CLM0006638,0.3039,0.4757,0.3473,347.2,33.1,Low
CLM0006639,0.1139,0.2632,0.5115,957.44,37.6,Low
CLM0006640,0.603,0.56,0.3488,525.59,30.9,Low
CLM0006641,0.1002,0.2905,0.8789,25963.96,75.1,High
CLM0006642,0.3162,0.2964,0.5117,528.78,37.0,Low
CLM0006643,0.2469,0.4118,0.5457,679.15,31.1,Low
CLM0006644,0.2341,0.3721,0.8043,38745.8,67.5,Medium
CLM0006645,0.1674,0.2793,0.6389,896.99,40.0,Low
CLM0006646,0.2301,0.3142,0.6348,1504.14,28.7,Low
CLM0006647,0.5922,0.6271,0.4958,4747.89,42.8,Medium
CLM0006648,0.2649,0.364,0.5569,975.37,40.9,Medium
CLM0006649,0.2187,0.4417,0.4298,704.53,36.8,Low
CLM0006650,0.2311,0.3429,0.6223,392.08,34.9,Low
CLM0006651,0.0888,0.2634,0.6087,2643.16,36.8,Low
CLM0006652,0.3399,0.3618,0.6299,8.36,33.7,Low
CLM0006653,0.2629,0.519,0.5041,1652.44,44.4,Medium
CLM0006654,0.6313,0.5712,0.3302,200.52,28.5,Low
CLM0006655,0.2514,0.3643,0.5084,818.72,31.0,Low
CLM0006656,0.1322,0.1059,0.6806,22.34,38.4,Low
CLM0006657,0.4216,0.3245,0.4055,1221.72,34.3,Low
CLM0006658,0.1738,0.2074,0.6508,250.78,36.7,Low
CLM0006659,0.3014,0.4087,0.7054,6254.4,51.4,Medium
CLM0006660,0.5654,0.5825,0.3268,1699.29,33.0,Low
CLM0006661,0.193,0.3111,0.4937,1546.99,35.4,Low
CLM0006662,0.0885,0.3096,0.8125,14816.73,53.8,Medium
CLM0006663,0.3144,0.5924,0.5226,1106.02,37.8,Low
CLM0006664,0.2867,0.5619,0.5087,2017.19,37.9,Low
CLM0006665,0.2534,0.3238,0.6404,45.62,40.0,Low
CLM0006666,0.0806,0.1422,0.6376,120.51,29.5,Low
CLM0006667,0.341,0.4497,0.477,629.72,41.9,Medium
CLM0006668,0.1104,0.2836,0.6524,301.84,33.1,Low
CLM0006669,0.2307,0.27,0.6648,70.2,35.9,Low
CLM0006670,0.1293,0.1706,0.6057,606.67,31.1,Low
CLM0006671,0.5284,0.3523,0.4875,2451.58,29.5,Low
CLM0006672,0.2414,0.3021,0.5553,434.24,38.3,Low
CLM0006673,0.0589,0.1971,0.5234,876.2,37.3,Low
CLM0006674,0.5919,0.5265,0.3733,1441.86,42.3,Medium
CLM0006675,0.1621,0.2047,0.5016,887.62,32.7,Low
CLM0006676,0.0509,0.1817,0.6477,51.37,36.6,Low
CLM0006677,0.3221,0.4347,0.7352,8547.47,47.9,Medium
CLM0006678,0.6437,0.5268,0.4787,13373.34,50.1,Medium
CLM0006679,0.2863,0.524,0.3583,408.03,33.8,Low
CLM0006680,0.1273,0.3123,0.6263,2563.04,32.9,Low
CLM0006681,0.0691,0.0891,0.6725,174.84,33.0,Low
CLM0006682,0.387,0.5655,0.648,8628.98,57.2,Medium
CLM0006683,0.5193,0.3505,0.78,4767.94,52.1,Medium
CLM0006684,0.6781,0.6848,0.5111,1629.1,50.4,Medium
CLM0006685,0.0846,0.2813,0.5568,1047.61,37.5,Low
CLM0006686,0.6206,0.4476,0.2549,296.14,29.0,Low
CLM0006687,0.2866,0.4415,0.4638,1255.93,36.3,Low
CLM0006688,0.0712,0.33,0.8743,7230.48,55.3,Medium
CLM0006689,0.3222,0.5457,0.5071,3268.15,38.1,Low
CLM0006690,0.2738,0.4637,0.9182,5224.9,60.1,Medium
CLM0006691,0.6561,0.6293,0.5995,12712.58,53.5,Medium
CLM0006692,0.07,0.1981,0.5691,2805.36,29.8,Low
CLM0006693,0.2393,0.2103,0.6213,220.38,33.3,Low
CLM0006694,0.2692,0.2771,0.5688,458.84,31.9,Low
CLM0006695,0.6321,0.5621,0.2678,309.72,31.3,Low
CLM0006696,0.5697,0.5204,0.5287,4567.48,43.3,Medium
CLM0006697,0.2207,0.3909,0.6497,6.96,36.7,Low
CLM0006698,0.5854,0.4976,0.2284,1613.12,32.4,Low
CLM0006699,0.0795,0.2094,0.6058,328.14,35.9,Low
CLM0006700,0.5931,0.5563,0.2685,355.99,32.9,Low
CLM0006701,0.2101,0.369,0.9082,6329.57,50.5,Medium
CLM0006702,0.2568,0.4277,0.4739,1253.71,33.9,Low
CLM0006703,0.6014,0.4807,0.7885,25117.74,60.3,Medium
CLM0006704,0.2436,0.3576,0.7348,6809.78,48.3,Medium
CLM0006705,0.6483,0.6559,0.3414,563.65,32.7,Low
CLM0006706,0.1836,0.3796,0.6682,993.08,43.8,Medium
CLM0006707,0.587,0.4226,0.5385,2060.2,42.8,Medium
CLM0006708,0.2177,0.3099,0.6673,189.41,40.2,Medium
CLM0006709,0.2079,0.3108,0.7749,11150.4,54.2,Medium
CLM0006710,0.0593,0.1611,0.6355,88.12,35.7,Low
CLM0006711,0.0891,0.2753,0.6173,398.73,37.1,Low
CLM0006712,0.446,0.3954,0.4213,951.53,25.4,Low
CLM0006713,0.5826,0.4649,0.4946,1468.92,42.7,Medium
CLM0006714,0.1403,0.1898,0.5378,1817.02,26.7,Low
CLM0006715,0.2403,0.449,0.4735,824.61,35.8,Low
CLM0006716,0.1006,0.2572,0.6416,53.24,38.5,Low
CLM0006717,0.115,0.2975,0.5291,1594.6,35.7,Low
CLM0006718,0.1772,0.2296,0.6302,808.36,37.5,Low
CLM0006719,0.1987,0.2255,0.5619,798.27,26.9,Low
CLM0006720,0.1393,0.1171,0.6821,284.69,32.1,Low
CLM0006721,0.4362,0.4528,0.4889,815.56,29.6,Low
CLM0006722,0.5644,0.423,0.4289,188.13,25.6,Low
CLM0006723,0.6067,0.6487,0.3497,1495.76,33.1,Low
CLM0006724,0.2019,0.261,0.6056,182.66,39.9,Low
CLM0006725,0.1291,0.2354,0.6551,610.42,30.8,Low
CLM0006726,0.5879,0.5656,0.5284,4701.62,48.0,Medium
CLM0006727,0.2904,0.3925,0.7208,6450.85,51.9,Medium
CLM0006728,0.6729,0.6236,0.6042,6579.15,46.7,Medium
CLM0006729,0.1463,0.1559,0.5235,2851.74,29.2,Low
CLM0006730,0.2626,0.3871,0.3634,407.19,36.0,Low
CLM0006731,0.086,0.2749,0.6474,271.04,42.0,Medium
CLM0006732,0.6184,0.5779,0.5696,5052.46,49.5,Medium
CLM0006733,0.0909,0.2564,0.6598,41.87,33.8,Low
CLM0006734,0.4164,0.3926,0.5167,686.95,35.9,Low
CLM0006735,0.554,0.5043,0.6372,12790.49,55.3,Medium
CLM0006736,0.5332,0.5706,0.672,5850.88,53.6,Medium
CLM0006737,0.2644,0.3375,0.6372,1063.47,39.6,Low
CLM0006738,0.1102,0.2262,0.6367,143.75,38.0,Low
CLM0006739,0.052,0.1462,0.8249,3675.55,44.3,Medium
CLM0006740,0.5688,0.5717,0.5957,4425.71,48.3,Medium
CLM0006741,0.6288,0.495,0.3323,1204.42,36.8,Low
CLM0006742,0.5672,0.4694,0.2437,428.4,21.7,Low
CLM0006743,0.144,0.2188,0.6704,179.48,32.2,Low
CLM0006744,0.4072,0.3871,0.5033,558.05,36.6,Low
CLM0006745,0.0969,0.0872,0.668,9.2,31.4,Low
CLM0006746,0.1672,0.3889,0.6554,25.5,39.3,Low
CLM0006747,0.1748,0.2363,0.6745,153.56,27.7,Low
CLM0006748,0.2944,0.3698,0.4711,762.47,36.2,Low
CLM0006749,0.1885,0.2241,0.6535,901.3,32.1,Low
CLM0006750,0.08,0.1289,0.6584,550.23,32.5,Low
CLM0006751,0.1182,0.2185,0.5857,39.18,30.4,Low
CLM0006752,0.2554,0.2071,0.6547,294.68,31.3,Low
CLM0006753,0.5426,0.3832,0.4624,708.34,39.3,Low
CLM0006754,0.1089,0.3095,0.6364,557.49,43.7,Medium
CLM0006755,0.2321,0.3984,0.3541,366.3,29.7,Low
CLM0006756,0.4951,0.3703,0.7708,7189.11,57.8,Medium
CLM0006757,0.2964,0.3905,0.4334,1590.67,31.2,Low
CLM0006758,0.6433,0.648,0.5983,6111.31,51.1,Medium
CLM0006759,0.3068,0.2894,0.3793,345.5,27.6,Low
CLM0006760,0.2641,0.466,0.4023,181.58,26.3,Low
CLM0006761,0.4136,0.4395,0.4915,1103.99,41.8,Medium
CLM0006762,0.3014,0.4611,0.4619,1136.45,38.4,Low
CLM0006763,0.6045,0.5576,0.5181,4074.32,46.4,Medium
CLM0006764,0.3722,0.4301,0.5618,830.2,29.1,Low
CLM0006765,0.2205,0.5096,0.3977,355.55,30.9,Low
CLM0006766,0.6524,0.7271,0.5728,19536.23,70.2,High
CLM0006767,0.5466,0.5185,0.635,10449.64,46.5,Medium
CLM0006768,0.2201,0.2687,0.6786,1058.18,33.6,Low
CLM0006769,0.1451,0.2945,0.6228,1400.3,40.2,Medium
CLM0006770,0.1782,0.3096,0.6213,700.47,37.5,Low
CLM0006771,0.5726,0.4923,0.2364,896.67,30.5,Low
CLM0006772,0.1114,0.1129,0.6075,2769.26,32.3,Low
CLM0006773,0.1004,0.2604,0.6523,1466.29,30.5,Low
CLM0006774,0.2351,0.3108,0.6315,1759.79,29.0,Low
CLM0006775,0.0756,0.1293,0.6634,78.65,29.0,Low
CLM0006776,0.2357,0.3016,0.6652,95.0,38.1,Low
CLM0006777,0.4614,0.4534,0.3997,2031.54,47.1,Medium
CLM0006778,0.4703,0.383,0.4987,1263.63,35.9,Low
CLM0006779,0.2447,0.4607,0.369,1063.03,34.1,Low
CLM0006780,0.6147,0.5071,0.2876,296.86,28.0,Low
CLM0006781,0.0799,0.2973,0.8851,6516.71,54.4,Medium
CLM0006782,0.3329,0.493,0.6317,5865.63,44.9,Medium
CLM0006783,0.1452,0.2066,0.5537,2842.96,30.3,Low
CLM0006784,0.1221,0.1184,0.692,537.68,33.0,Low
CLM0006785,0.1625,0.3612,0.6864,1275.35,40.4,Medium
CLM0006786,0.1679,0.2181,0.6617,1824.97,43.4,Medium
CLM0006787,0.0759,0.2567,0.6527,2242.13,37.4,Low
CLM0006788,0.2312,0.5356,0.3911,738.37,38.5,Low
CLM0006789,0.16,0.2085,0.5597,1591.68,31.2,Low
CLM0006790,0.2643,0.545,0.4061,1306.65,34.4,Low
CLM0006791,0.1562,0.2177,0.776,6398.96,47.7,Medium
CLM0006792,0.3048,0.4651,0.467,1286.64,34.1,Low
CLM0006793,0.3048,0.5391,0.4988,2483.27,41.4,Medium
CLM0006794,0.5667,0.4447,0.4627,1082.47,32.4,Low
CLM0006795,0.5579,0.5889,0.3399,1809.97,40.3,Medium
CLM0006796,0.7575,0.6393,0.7573,9750.57,63.2,Medium
CLM0006797,0.0839,0.195,0.5363,296.86,21.7,Low
CLM0006798,0.5084,0.3669,0.433,1264.9,36.6,Low
CLM0006799,0.5892,0.6484,0.6197,4090.9,48.8,Medium
CLM0006800,0.2631,0.394,0.4585,1413.44,33.6,Low
CLM0006801,0.5421,0.5749,0.2259,361.48,32.7,Low
CLM0006802,0.2521,0.4367,0.7983,5016.53,50.2,Medium
CLM0006803,0.2149,0.3967,0.5394,735.35,39.1,Low
CLM0006804,0.5775,0.3463,0.5408,751.91,34.3,Low
CLM0006805,0.2626,0.3896,0.4034,355.41,33.8,Low
CLM0006806,0.1225,0.1492,0.4901,746.61,35.5,Low
CLM0006807,0.2605,0.4815,0.8716,7827.98,62.6,Medium
CLM0006808,0.242,0.6085,0.5021,2038.87,41.7,Medium
CLM0006809,0.0947,0.22,0.5665,582.77,29.7,Low
CLM0006810,0.2306,0.4395,0.7367,7677.06,51.8,Medium
CLM0006811,0.5142,0.4684,0.5205,2309.94,38.3,Low
CLM0006812,0.0689,0.1692,0.6391,81.56,28.5,Low
CLM0006813,0.1551,0.2161,0.6781,1462.86,39.1,Low
CLM0006814,0.146,0.3437,0.6754,68.33,37.8,Low
CLM0006815,0.6695,0.6455,0.5934,9890.35,50.7,Medium
CLM0006816,0.089,0.3984,0.6756,2314.17,43.3,Medium
CLM0006817,0.2594,0.5015,0.3664,683.47,30.9,Low
CLM0006818,0.608,0.504,0.2532,216.14,20.9,Low
CLM0006819,0.1124,0.305,0.5673,2692.36,37.4,Low
CLM0006820,0.568,0.582,0.3109,736.84,35.0,Low
CLM0006821,0.0614,0.269,0.6449,56.48,34.5,Low
CLM0006822,0.2276,0.2864,0.6544,598.53,36.3,Low
CLM0006823,0.2237,0.3492,0.8015,11550.73,52.0,Medium
CLM0006824,0.3414,0.4623,0.4915,578.75,28.0,Low
CLM0006825,0.1372,0.1739,0.5776,2548.98,32.0,Low
CLM0006826,0.3155,0.4159,0.6073,4678.08,39.0,Low
CLM0006827,0.2982,0.3606,0.7081,8161.25,51.5,Medium
CLM0006828,0.1939,0.4247,0.9042,21707.13,59.0,Medium
CLM0006829,0.5157,0.2895,0.4387,655.05,32.5,Low
CLM0006830,0.2185,0.4348,0.6952,360.12,40.0,Low
CLM0006831,0.2191,0.2628,0.6613,288.05,31.8,Low
CLM0006832,0.1781,0.5026,0.8562,15341.09,57.2,Medium
CLM0006833,0.1367,0.112,0.579,2132.86,35.2,Low
CLM0006834,0.2425,0.4298,0.417,767.51,27.1,Low
CLM0006835,0.3069,0.5281,0.3844,1131.01,36.2,Low
CLM0006836,0.2956,0.531,0.453,940.57,37.6,Low
CLM0006837,0.1505,0.2552,0.6184,892.71,34.0,Low
CLM0006838,0.5428,0.4474,0.5211,898.42,36.9,Low
CLM0006839,0.2068,0.2814,0.6365,168.98,38.8,Low
CLM0006840,0.216,0.2872,0.6832,520.41,39.0,Low
CLM0006841,0.1126,0.19,0.4891,2800.9,30.6,Low
CLM0006842,0.1255,0.3112,0.6642,169.98,36.4,Low
CLM0006843,0.2185,0.4308,0.4753,414.84,32.6,Low
CLM0006844,0.3329,0.4033,0.4841,626.91,33.5,Low
CLM0006845,0.206,0.1866,0.6729,112.94,37.2,Low
CLM0006846,0.085,0.1988,0.5598,1968.7,35.9,Low
CLM0006847,0.094,0.1212,0.6281,76.97,38.4,Low
CLM0006848,0.1603,0.2366,0.5419,766.31,36.3,Low
CLM0006849,0.082,0.285,0.6044,1066.31,44.0,Medium
CLM0006850,0.1321,0.3296,0.6745,2286.15,39.3,Low
CLM0006851,0.1874,0.1906,0.558,2629.19,34.3,Low
CLM0006852,0.2492,0.4533,0.713,8791.98,55.8,Medium
CLM0006853,0.1324,0.2867,0.6321,2008.96,36.4,Low
CLM0006854,0.6334,0.4785,0.2482,1056.92,18.7,Low
CLM0006855,0.6157,0.4338,0.7901,4029.16,51.4,Medium
CLM0006856,0.2058,0.5674,0.6108,9375.8,45.6,Medium
CLM0006857,0.6364,0.6281,0.6062,12285.13,52.2,Medium
CLM0006858,0.2588,0.3428,0.6238,1480.81,40.7,Medium
CLM0006859,0.1413,0.16,0.5399,1559.24,28.4,Low
CLM0006860,0.2554,0.3931,0.9132,10278.25,70.2,High
CLM0006861,0.6259,0.6064,0.5707,16385.63,53.8,Medium
CLM0006862,0.0635,0.159,0.6394,85.16,36.0,Low
CLM0006863,0.3095,0.289,0.6704,2315.24,45.5,Medium
CLM0006864,0.1852,0.2836,0.6226,656.76,34.9,Low
CLM0006865,0.2884,0.525,0.4224,962.6,37.0,Low
CLM0006866,0.2775,0.3666,0.9498,14864.38,53.3,Medium
CLM0006867,0.2828,0.4642,0.5093,2529.99,38.4,Low
CLM0006868,0.182,0.2821,0.5304,1048.07,36.2,Low
CLM0006869,0.133,0.2329,0.6488,2352.39,41.1,Medium
CLM0006870,0.1003,0.332,0.5534,1180.38,40.2,Medium
CLM0006871,0.5662,0.3985,0.665,5385.44,41.5,Medium
CLM0006872,0.5638,0.405,0.4358,211.58,30.6,Low
CLM0006873,0.1096,0.2128,0.6557,225.21,41.7,Medium
CLM0006874,0.5905,0.4267,0.4376,1215.55,26.4,Low
CLM0006875,0.4593,0.2897,0.666,7387.28,47.2,Medium
CLM0006876,0.1675,0.4039,0.5518,2415.89,40.6,Medium
CLM0006877,0.4998,0.3107,0.4277,883.14,29.3,Low
CLM0006878,0.4961,0.3888,0.3811,470.39,33.8,Low
CLM0006879,0.2555,0.4853,0.8161,22369.97,56.1,Medium
CLM0006880,0.1481,0.459,0.9198,9984.39,58.4,Medium
CLM0006881,0.2515,0.4127,0.3832,456.83,20.3,Low
CLM0006882,0.4402,0.305,0.6655,5360.04,43.8,Medium
CLM0006883,0.2467,0.5421,0.7705,22337.52,67.9,Medium
CLM0006884,0.422,0.522,0.6228,4592.97,56.1,Medium
CLM0006885,0.3139,0.4384,0.449,1554.38,44.2,Medium
CLM0006886,0.2678,0.4434,0.7253,11231.62,50.7,Medium
CLM0006887,0.19,0.434,0.6038,153.39,45.4,Medium
CLM0006888,0.2882,0.2768,0.6124,1556.07,45.7,Medium
CLM0006889,0.3002,0.2467,0.6515,1220.74,38.2,Low
CLM0006890,0.2129,0.4464,0.5101,323.37,43.0,Medium
CLM0006891,0.1584,0.2199,0.6082,830.68,32.8,Low
CLM0006892,0.0833,0.1165,0.5458,2096.79,31.6,Low
CLM0006893,0.2275,0.3607,0.5072,710.6,35.0,Low
CLM0006894,0.5849,0.531,0.3755,1533.53,41.6,Medium
CLM0006895,0.1898,0.4568,0.6622,17325.3,58.5,Medium
CLM0006896,0.2485,0.5051,0.6681,4157.03,42.9,Medium
CLM0006897,0.2325,0.5427,0.597,22859.36,63.0,Medium
CLM0006898,0.2402,0.5275,0.7142,5887.24,52.5,Medium
CLM0006899,0.1104,0.2869,0.6458,236.07,32.8,Low
CLM0006900,0.16,0.211,0.6698,172.3,39.0,Low
CLM0006901,0.4502,0.4154,0.383,99.89,35.0,Low
CLM0006902,0.3025,0.3236,0.4051,308.23,32.0,Low
CLM0006903,0.5952,0.5204,0.2549,136.13,32.5,Low
CLM0006904,0.1136,0.357,0.6534,398.55,42.8,Medium
CLM0006905,0.2703,0.5613,0.4481,580.99,37.1,Low
CLM0006906,0.1147,0.1219,0.6372,47.67,26.8,Low
CLM0006907,0.223,0.4589,0.6194,9784.19,50.0,Medium
CLM0006908,0.2048,0.3707,0.3717,420.07,31.9,Low
CLM0006909,0.5561,0.5201,0.4173,281.46,35.6,Low
CLM0006910,0.5541,0.5979,0.5238,3953.33,44.6,Medium
CLM0006911,0.1491,0.2207,0.6409,45.28,45.5,Medium
CLM0006912,0.5938,0.5445,0.6672,4360.62,50.0,Medium
CLM0006913,0.1538,0.2677,0.6304,257.73,41.7,Medium
CLM0006914,0.1335,0.2612,0.5079,2225.38,29.3,Low
CLM0006915,0.5698,0.5062,0.2531,317.13,25.6,Low
CLM0006916,0.0909,0.206,0.6359,87.1,35.2,Low
CLM0006917,0.2484,0.3393,0.8819,4399.12,44.2,Medium
CLM0006918,0.2478,0.4557,0.4531,1814.48,29.1,Low
CLM0006919,0.6156,0.5441,0.6163,6722.9,50.6,Medium
CLM0006920,0.6266,0.487,0.2646,1104.95,26.0,Low
CLM0006921,0.137,0.199,0.6619,54.08,46.0,Medium
CLM0006922,0.0865,0.1582,0.613,440.74,32.0,Low
CLM0006923,0.1889,0.4044,0.4756,487.12,33.3,Low
CLM0006924,0.2101,0.243,0.6474,610.68,37.4,Low
CLM0006925,0.059,0.2535,0.874,6614.34,52.0,Medium
CLM0006926,0.2749,0.3917,0.3238,367.9,31.5,Low
CLM0006927,0.298,0.4865,0.3768,944.73,40.1,Medium
CLM0006928,0.2071,0.3759,0.5605,901.45,36.5,Low
CLM0006929,0.3197,0.5018,0.7322,4517.09,52.2,Medium
CLM0006930,0.0691,0.228,0.6731,256.39,37.0,Low
CLM0006931,0.2714,0.3681,0.6179,1188.66,36.2,Low
CLM0006932,0.0725,0.1309,0.6249,1135.25,39.8,Low
CLM0006933,0.6306,0.6428,0.6253,11806.72,58.1,Medium
CLM0006934,0.2756,0.5538,0.7396,22945.69,68.0,Medium
CLM0006935,0.623,0.5234,0.2616,150.1,28.5,Low
CLM0006936,0.1881,0.3072,0.6697,160.41,36.6,Low
CLM0006937,0.1938,0.3486,0.9169,5160.27,55.8,Medium
CLM0006938,0.1182,0.2434,0.624,1059.92,36.2,Low
CLM0006939,0.2282,0.2627,0.5484,2239.5,35.7,Low
CLM0006940,0.3097,0.4967,0.4649,857.66,40.0,Low
CLM0006941,0.0314,0.1724,0.8016,9180.05,42.7,Medium
CLM0006942,0.3794,0.4451,0.4914,443.86,34.5,Low
CLM0006943,0.2489,0.4215,0.6626,1024.03,42.7,Medium
CLM0006944,0.2822,0.4063,0.4408,2463.8,30.0,Low
CLM0006945,0.1562,0.1489,0.5726,260.1,30.8,Low
CLM0006946,0.0919,0.2083,0.584,957.0,31.1,Low
CLM0006947,0.0875,0.4619,0.5322,1612.83,39.7,Low
CLM0006948,0.2625,0.5487,0.6347,440.62,38.2,Low
CLM0006949,0.5351,0.3486,0.5161,537.78,34.2,Low
CLM0006950,0.1252,0.2176,0.6187,2488.93,41.5,Medium
CLM0006951,0.1515,0.1144,0.5488,920.37,34.7,Low
CLM0006952,0.1851,0.3596,0.5017,1349.6,34.8,Low
CLM0006953,0.5769,0.4806,0.3717,247.74,29.4,Low
CLM0006954,0.2227,0.47,0.3476,1364.62,33.5,Low
CLM0006955,0.0961,0.2179,0.6437,750.34,35.9,Low
CLM0006956,0.183,0.1981,0.6658,97.26,45.0,Medium
CLM0006957,0.0848,0.2338,0.5499,495.91,20.5,Low
CLM0006958,0.0403,0.192,0.6043,529.68,40.3,Medium
CLM0006959,0.214,0.3581,0.3848,369.66,26.1,Low
CLM0006960,0.4145,0.477,0.6085,4320.68,45.5,Medium
CLM0006961,0.3146,0.4079,0.4674,666.03,37.9,Low
CLM0006962,0.3019,0.4496,0.7331,9073.22,52.8,Medium
CLM0006963,0.0965,0.252,0.6701,548.91,36.4,Low
CLM0006964,0.2448,0.4816,0.7184,8939.16,56.4,Medium
CLM0006965,0.2647,0.4222,0.5968,3830.66,41.3,Medium
CLM0006966,0.2983,0.256,0.933,5902.16,57.7,Medium
CLM0006967,0.2117,0.3321,0.4524,543.53,40.6,Medium
CLM0006968,0.553,0.4819,0.4771,1304.41,33.0,Low
CLM0006969,0.25,0.3314,0.6055,50.89,30.8,Low
CLM0006970,0.1118,0.1193,0.5916,230.59,31.7,Low
CLM0006971,0.2267,0.2192,0.6865,105.99,40.4,Medium
CLM0006972,0.5533,0.4955,0.4988,5117.47,44.9,Medium
CLM0006973,0.306,0.479,0.4002,1071.9,28.3,Low
CLM0006974,0.1943,0.2925,0.5285,579.02,40.3,Medium
CLM0006975,0.2142,0.4327,0.5896,14705.45,45.4,Medium
CLM0006976,0.2589,0.3135,0.6271,1604.19,40.7,Medium
CLM0006977,0.2582,0.3642,0.4715,1380.57,35.5,Low
CLM0006978,0.6048,0.6167,0.3506,1002.31,41.9,Medium
CLM0006979,0.0618,0.1761,0.6554,56.25,39.9,Low
CLM0006980,0.2054,0.3137,0.6454,619.43,31.0,Low
CLM0006981,0.2543,0.3097,0.802,5701.12,54.3,Medium
CLM0006982,0.2148,0.3677,0.627,546.08,37.0,Low
CLM0006983,0.6642,0.5067,0.503,4406.17,45.2,Medium
CLM0006984,0.2902,0.512,0.8023,8213.5,52.4,Medium
CLM0006985,0.632,0.5922,0.3191,631.72,35.3,Low
CLM0006986,0.6305,0.4879,0.5087,788.24,45.6,Medium
CLM0006987,0.5698,0.5228,0.3556,1721.1,32.5,Low
CLM0006988,0.0738,0.2587,0.8364,15135.39,61.4,Medium
CLM0006989,0.4932,0.3899,0.4982,725.8,33.9,Low
CLM0006990,0.5965,0.467,0.5006,9194.77,43.9,Medium
CLM0006991,0.0908,0.1858,0.6099,380.21,35.7,Low
CLM0006992,0.1161,0.2775,0.5279,1203.73,28.6,Low
CLM0006993,0.0406,0.2131,0.6399,350.04,36.7,Low
CLM0006994,0.3842,0.32,0.6488,13595.53,49.1,Medium
CLM0006995,0.2513,0.538,0.7125,10720.22,52.1,Medium
CLM0006996,0.5762,0.5042,0.3318,1504.61,28.3,Low
CLM0006997,0.4319,0.2277,0.7846,5476.95,41.6,Medium
CLM0006998,0.2572,0.3663,0.4892,2170.95,37.8,Low
CLM0006999,0.2199,0.3538,0.6408,181.34,33.4,Low
CLM0007000,0.0847,0.1337,0.5436,1375.11,35.3,Low
CLM0007001,0.13,0.2884,0.6017,1446.19,38.1,Low
CLM0007002,0.3082,0.4331,0.3994,1154.32,33.1,Low
CLM0007003,0.3091,0.4565,0.4747,932.63,36.9,Low
CLM0007004,0.2637,0.3923,0.6331,63.32,43.8,Medium
CLM0007005,0.1763,0.2548,0.655,303.21,37.4,Low
CLM0007006,0.1737,0.3315,0.6573,7.93,39.1,Low
CLM0007007,0.1702,0.294,0.6317,861.48,32.7,Low
CLM0007008,0.0953,0.1751,0.6494,1367.26,36.9,Low
CLM0007009,0.2201,0.2775,0.6177,683.13,35.1,Low
CLM0007010,0.2176,0.3794,0.5144,693.31,37.9,Low
CLM0007011,0.1768,0.2533,0.6479,561.52,37.1,Low
CLM0007012,0.0825,0.2219,0.9225,11741.96,58.1,Medium
CLM0007013,0.0944,0.1644,0.6333,564.48,36.3,Low
CLM0007014,0.247,0.3292,0.6647,287.25,38.6,Low
CLM0007015,0.2223,0.5792,0.4558,2521.0,41.2,Medium
CLM0007016,0.0519,0.2531,0.6457,1388.09,39.7,Low
CLM0007017,0.2648,0.3319,0.478,540.69,35.3,Low
CLM0007018,0.2019,0.2824,0.6629,1230.04,40.9,Medium
CLM0007019,0.0821,0.1891,0.6238,851.76,34.9,Low
CLM0007020,0.2206,0.3215,0.408,1486.14,25.5,Low
CLM0007021,0.6301,0.5827,0.3367,542.73,29.1,Low
CLM0007022,0.1686,0.2359,0.6618,263.61,34.2,Low
CLM0007023,0.4071,0.4002,0.3829,786.5,28.9,Low
CLM0007024,0.156,0.2817,0.6515,2591.72,48.0,Medium
CLM0007025,0.636,0.6431,0.646,4178.03,55.1,Medium
CLM0007026,0.1466,0.175,0.5142,1754.85,30.3,Low
CLM0007027,0.2445,0.2163,0.5668,1036.45,30.4,Low
CLM0007028,0.1238,0.3007,0.8346,10009.58,53.7,Medium
CLM0007029,0.5409,0.4495,0.6957,8299.94,53.6,Medium
CLM0007030,0.1216,0.2243,0.9235,27173.44,56.8,Medium
CLM0007031,0.6439,0.589,0.3467,2289.48,40.3,Medium
CLM0007032,0.5884,0.4296,0.4895,1012.09,35.5,Low
CLM0007033,0.1339,0.1607,0.6963,254.33,39.6,Low
CLM0007034,0.1119,0.117,0.537,1255.04,23.5,Low
CLM0007035,0.6426,0.4599,0.2692,756.31,25.4,Low
CLM0007036,0.0978,0.1243,0.819,9217.61,39.0,Low
CLM0007037,0.2171,0.2895,0.6344,536.02,35.4,Low
CLM0007038,0.1535,0.2344,0.6568,100.48,37.4,Low
CLM0007039,0.1143,0.2057,0.682,5.23,32.9,Low
CLM0007040,0.2093,0.3647,0.6715,2392.95,41.8,Medium
CLM0007041,0.3008,0.3819,0.4611,2324.89,37.0,Low
CLM0007042,0.2151,0.3964,0.6503,1926.0,44.1,Medium
CLM0007043,0.5116,0.3781,0.5258,2818.15,39.8,Low
CLM0007044,0.2574,0.5229,0.3795,331.59,33.3,Low
CLM0007045,0.0949,0.1551,0.6449,49.42,34.2,Low
CLM0007046,0.2313,0.4583,0.9302,12323.53,60.3,Medium
CLM0007047,0.1503,0.1714,0.6308,2292.54,37.6,Low
CLM0007048,0.245,0.4096,0.3946,1272.5,31.0,Low
CLM0007049,0.124,0.1515,0.8056,4561.4,41.1,Medium
CLM0007050,0.2177,0.2664,0.5119,2628.93,38.5,Low
CLM0007051,0.1307,0.2167,0.6192,44.96,34.8,Low
CLM0007052,0.2217,0.3134,0.6471,1420.92,37.7,Low
CLM0007053,0.2421,0.3681,0.5042,1321.08,38.5,Low
CLM0007054,0.0628,0.2112,0.524,922.76,28.7,Low
CLM0007055,0.2118,0.4421,0.497,2962.64,40.4,Medium
CLM0007056,0.2072,0.2281,0.6447,232.4,37.4,Low
CLM0007057,0.11,0.2653,0.6354,818.44,36.3,Low
CLM0007058,0.6141,0.4231,0.3928,1132.51,30.3,Low
CLM0007059,0.0915,0.1327,0.5875,542.61,36.9,Low
CLM0007060,0.2993,0.4698,0.5029,1095.02,32.9,Low
CLM0007061,0.3115,0.3922,0.4727,673.84,28.9,Low
CLM0007062,0.0732,0.1687,0.6423,10.03,32.6,Low
CLM0007063,0.2478,0.4879,0.439,1528.69,40.5,Medium
CLM0007064,0.1721,0.2555,0.6576,939.39,33.6,Low
CLM0007065,0.1295,0.2314,0.5214,2373.14,32.6,Low
CLM0007066,0.2418,0.471,0.5071,2692.58,46.3,Medium
CLM0007067,0.2457,0.4211,0.9271,6661.46,59.6,Medium
CLM0007068,0.0996,0.2236,0.5721,2248.33,33.5,Low
CLM0007069,0.1808,0.1391,0.5878,89.69,27.8,Low
CLM0007070,0.577,0.4886,0.3232,240.44,30.4,Low
CLM0007071,0.2416,0.3693,0.5241,372.88,33.2,Low
CLM0007072,0.2389,0.4333,0.468,1458.27,38.1,Low
CLM0007073,0.2351,0.3845,0.7002,2349.32,46.2,Medium
CLM0007074,0.2033,0.3445,0.6465,1431.87,49.3,Medium
CLM0007075,0.0788,0.287,0.6272,699.36,35.3,Low
CLM0007076,0.2683,0.5076,0.39,711.38,29.3,Low
CLM0007077,0.1831,0.2828,0.9205,6083.47,51.7,Medium
CLM0007078,0.0727,0.3372,0.6673,57.39,45.6,Medium
CLM0007079,0.5161,0.5429,0.4295,977.27,38.0,Low
CLM0007080,0.2697,0.2437,0.8354,7295.9,45.1,Medium
CLM0007081,0.1099,0.2399,0.7792,11145.37,55.2,Medium
CLM0007082,0.1455,0.2098,0.6346,390.91,35.8,Low
CLM0007083,0.5961,0.4326,0.6337,8496.51,48.5,Medium
CLM0007084,0.608,0.56,0.2264,743.28,31.6,Low
CLM0007085,0.2993,0.4063,0.5065,2386.45,36.4,Low
CLM0007086,0.2358,0.4142,0.5467,1342.86,41.6,Medium
CLM0007087,0.1286,0.3155,0.6686,345.6,41.0,Medium
CLM0007088,0.2928,0.4958,0.4187,449.16,32.4,Low
CLM0007089,0.6035,0.5113,0.6436,12754.37,48.0,Medium
CLM0007090,0.0582,0.3128,0.6407,238.89,38.9,Low
CLM0007091,0.6351,0.5465,0.3815,760.81,31.7,Low
CLM0007092,0.2789,0.536,0.4636,1007.4,34.4,Low
CLM0007093,0.0736,0.1317,0.592,652.47,29.3,Low
CLM0007094,0.2542,0.3407,0.4389,2177.9,46.5,Medium
CLM0007095,0.1082,0.187,0.6906,374.44,40.7,Medium
CLM0007096,0.244,0.331,0.5212,810.31,38.3,Low
CLM0007097,0.2003,0.4952,0.3894,1185.93,30.9,Low
CLM0007098,0.2612,0.3055,0.6373,3442.11,43.4,Medium
CLM0007099,0.0925,0.2539,0.6442,1366.09,40.8,Medium
CLM0007100,0.273,0.4504,0.8363,17377.18,67.4,Medium
CLM0007101,0.1375,0.3434,0.6153,606.92,40.1,Medium
CLM0007102,0.2966,0.4485,0.4501,920.28,33.4,Low
CLM0007103,0.5165,0.4386,0.5184,1124.33,37.7,Low
CLM0007104,0.226,0.2873,0.5351,533.6,33.9,Low
CLM0007105,0.2147,0.2685,0.6336,1789.37,37.9,Low
CLM0007106,0.188,0.3587,0.6297,76.43,40.5,Medium
CLM0007107,0.1654,0.3241,0.6582,719.52,38.4,Low
CLM0007108,0.1201,0.2477,0.6364,1152.1,34.8,Low
CLM0007109,0.1684,0.2039,0.8197,5465.57,46.6,Medium
CLM0007110,0.1622,0.2716,0.6441,138.94,37.6,Low
CLM0007111,0.2065,0.4102,0.5139,1041.66,33.9,Low
CLM0007112,0.5996,0.4998,0.3069,220.11,32.6,Low
CLM0007113,0.6078,0.5463,0.586,6536.87,49.3,Medium
CLM0007114,0.1073,0.2439,0.5385,984.08,36.6,Low
CLM0007115,0.0974,0.1643,0.645,1149.83,31.3,Low
CLM0007116,0.148,0.1513,0.5423,1289.6,33.9,Low
CLM0007117,0.3156,0.4801,0.7513,10563.73,49.3,Medium
CLM0007118,0.2618,0.4073,0.4486,1637.91,39.8,Low
CLM0007119,0.2166,0.4009,0.3749,358.18,30.8,Low
CLM0007120,0.2493,0.4384,0.7618,9814.9,48.2,Medium
CLM0007121,0.588,0.3672,0.4803,2184.2,39.4,Low
CLM0007122,0.0643,0.1321,0.6367,224.41,33.0,Low
CLM0007123,0.2044,0.3535,0.8177,6914.11,51.4,Medium
CLM0007124,0.595,0.6044,0.2958,276.22,42.9,Medium
CLM0007125,0.7277,0.8022,0.6244,2733.04,47.4,Medium
CLM0007126,0.2442,0.335,0.6171,133.94,38.0,Low
CLM0007127,0.5697,0.4856,0.2502,356.39,30.4,Low
CLM0007128,0.6046,0.6084,0.6241,7576.16,48.5,Medium
CLM0007129,0.0806,0.1185,0.6305,308.74,31.1,Low
CLM0007130,0.606,0.5257,0.3853,979.86,28.0,Low
CLM0007131,0.2553,0.2717,0.6366,3667.04,45.5,Medium
CLM0007132,0.2545,0.5232,0.7441,18679.37,63.7,Medium
CLM0007133,0.435,0.495,0.6135,927.76,44.8,Medium
CLM0007134,0.5827,0.4622,0.48,665.22,40.2,Medium
CLM0007135,0.3701,0.4934,0.7668,9134.93,48.7,Medium
CLM0007136,0.6046,0.5444,0.3299,485.14,31.6,Low
CLM0007137,0.5821,0.5158,0.6416,5201.49,47.7,Medium
CLM0007138,0.2524,0.4354,0.3677,619.83,36.5,Low
CLM0007139,0.5358,0.4555,0.3664,1260.28,32.2,Low
CLM0007140,0.3084,0.5521,0.7111,13875.33,60.1,Medium
CLM0007141,0.2966,0.567,0.4799,1274.45,40.4,Medium
CLM0007142,0.5302,0.5153,0.2468,905.3,27.0,Low
CLM0007143,0.2809,0.401,0.783,21630.4,63.5,Medium
CLM0007144,0.4331,0.319,0.4188,2034.86,29.3,Low
CLM0007145,0.3429,0.3079,0.7512,7061.87,46.7,Medium
CLM0007146,0.2264,0.415,0.4907,228.38,34.5,Low
CLM0007147,0.4863,0.3948,0.3941,2593.55,28.4,Low
CLM0007148,0.2687,0.2625,0.5722,1348.7,36.9,Low
CLM0007149,0.4876,0.4828,0.7555,5279.15,47.9,Medium
CLM0007150,0.2116,0.2779,0.6341,207.53,34.9,Low
CLM0007151,0.0818,0.251,0.6503,172.09,30.6,Low
CLM0007152,0.2562,0.2901,0.6559,3317.56,38.0,Low
CLM0007153,0.4492,0.4838,0.3623,486.81,31.7,Low
CLM0007154,0.4032,0.4664,0.7083,632.95,36.0,Low
CLM0007155,0.1588,0.1654,0.5913,107.88,32.3,Low
CLM0007156,0.2246,0.3381,0.4746,610.85,34.0,Low
CLM0007157,0.5625,0.4466,0.615,3947.54,39.9,Low
CLM0007158,0.401,0.3844,0.7957,4630.17,59.3,Medium
CLM0007159,0.5172,0.4855,0.6598,6442.07,44.9,Medium
CLM0007160,0.2482,0.4188,0.4967,1289.61,32.5,Low
CLM0007161,0.2548,0.39,0.9269,12769.48,54.0,Medium
CLM0007162,0.2539,0.514,0.7283,7602.32,55.5,Medium
CLM0007163,0.1095,0.2605,0.4946,2156.1,32.5,Low
CLM0007164,0.2102,0.3393,0.6767,1044.38,38.1,Low
CLM0007165,0.2474,0.3114,0.5867,198.2,42.2,Medium
CLM0007166,0.466,0.4818,0.7373,4745.73,51.8,Medium
CLM0007167,0.4199,0.2956,0.4105,408.46,23.0,Low
CLM0007168,0.6163,0.5817,0.2298,340.75,30.7,Low
CLM0007169,0.2784,0.4237,0.3921,338.21,34.6,Low
CLM0007170,0.4077,0.4659,0.9527,5347.27,52.4,Medium
CLM0007171,0.6153,0.4591,0.7292,10371.63,56.0,Medium
CLM0007172,0.3015,0.3075,0.6141,799.96,33.1,Low
CLM0007173,0.3309,0.4237,0.3622,406.04,29.9,Low
CLM0007174,0.6365,0.5129,0.3776,798.06,35.6,Low
CLM0007175,0.23,0.3843,0.8738,6148.12,53.0,Medium
CLM0007176,0.1907,0.3797,0.6613,726.05,50.0,Medium
CLM0007177,0.1789,0.4211,0.9329,22644.43,64.1,Medium
CLM0007178,0.55,0.4478,0.4919,2292.4,40.6,Medium
CLM0007179,0.6349,0.4944,0.512,901.63,38.4,Low
CLM0007180,0.1964,0.3292,0.8015,4553.01,51.4,Medium
CLM0007181,0.5849,0.5387,0.7529,10047.86,51.1,Medium
CLM0007182,0.1077,0.1469,0.6139,315.67,42.4,Medium
CLM0007183,0.2359,0.3447,0.8638,9294.58,52.8,Medium
CLM0007184,0.2338,0.2442,0.6614,557.23,33.9,Low
CLM0007185,0.1215,0.1638,0.5875,428.73,35.4,Low
CLM0007186,0.2795,0.5969,0.4738,1529.0,38.3,Low
CLM0007187,0.1857,0.2437,0.6482,1014.04,44.2,Medium
CLM0007188,0.2492,0.2737,0.5572,741.19,33.6,Low
CLM0007189,0.2606,0.3669,0.6428,981.47,40.5,Medium
CLM0007190,0.5704,0.3688,0.5368,1253.04,30.3,Low
CLM0007191,0.1516,0.2639,0.682,2035.9,37.4,Low
CLM0007192,0.5906,0.5098,0.3326,335.33,23.7,Low
CLM0007193,0.1945,0.3291,0.6493,1710.28,41.3,Medium
CLM0007194,0.5955,0.5677,0.6279,4339.28,45.1,Medium
CLM0007195,0.1508,0.254,0.4215,2070.7,29.8,Low
CLM0007196,0.5769,0.4265,0.4009,456.01,33.7,Low
CLM0007197,0.378,0.5531,0.5064,2423.27,37.5,Low
CLM0007198,0.2414,0.3783,0.6126,1719.89,41.5,Medium
CLM0007199,0.1083,0.3791,0.6659,1444.02,47.1,Medium
CLM0007200,0.577,0.5297,0.2638,263.78,33.3,Low
CLM0007201,0.2775,0.3701,0.4916,731.2,35.8,Low
CLM0007202,0.6024,0.4593,0.7066,18059.07,52.2,Medium
CLM0007203,0.3158,0.4852,0.4708,931.3,39.1,Low
CLM0007204,0.0612,0.299,0.6659,811.98,43.8,Medium
CLM0007205,0.3316,0.4601,0.503,729.4,41.7,Medium
CLM0007206,0.6065,0.5371,0.6055,16581.62,57.3,Medium
CLM0007207,0.2981,0.5428,0.7879,8219.01,54.8,Medium
CLM0007208,0.6073,0.6184,0.2868,172.41,28.3,Low
CLM0007209,0.2614,0.3672,0.6486,3319.82,40.0,Low
CLM0007210,0.0792,0.1799,0.6191,1444.8,37.1,Low
CLM0007211,0.1922,0.3164,0.6924,399.47,36.1,Low
CLM0007212,0.2808,0.3186,0.8161,4810.79,44.4,Medium
CLM0007213,0.418,0.3641,0.61,98.17,43.0,Medium
CLM0007214,0.5684,0.4897,0.3422,268.45,31.0,Low
CLM0007215,0.1591,0.4129,0.5027,2662.32,30.5,Low
CLM0007216,0.3019,0.4632,0.3869,417.24,25.5,Low
CLM0007217,0.2927,0.4106,0.7245,7935.96,41.3,Medium
CLM0007218,0.1903,0.3231,0.62,949.52,39.3,Low
CLM0007219,0.0413,0.2375,0.6143,20.49,40.2,Medium
CLM0007220,0.2717,0.4457,0.724,6540.58,51.9,Medium
CLM0007221,0.2959,0.4838,0.7428,8046.64,50.0,Medium
CLM0007222,0.1471,0.2868,0.6619,107.48,36.0,Low
CLM0007223,0.2798,0.2338,0.6449,479.95,32.4,Low
CLM0007224,0.2572,0.4832,0.457,602.88,37.4,Low
CLM0007225,0.6162,0.5327,0.3356,605.05,30.1,Low
CLM0007226,0.1317,0.15,0.6461,332.5,31.3,Low
CLM0007227,0.1999,0.2805,0.6706,897.78,36.3,Low
CLM0007228,0.1061,0.2485,0.6234,1803.19,41.3,Medium
CLM0007229,0.2421,0.3305,0.448,1330.65,31.3,Low
CLM0007230,0.5439,0.3441,0.4949,718.79,36.5,Low
CLM0007231,0.2472,0.4362,0.4688,1035.16,41.6,Medium
CLM0007232,0.6257,0.4969,0.5138,1477.19,46.7,Medium
CLM0007233,0.1326,0.2658,0.9016,8030.46,60.6,Medium
CLM0007234,0.2045,0.4684,0.7418,10066.44,57.6,Medium
CLM0007235,0.1834,0.331,0.4858,2192.99,28.5,Low
CLM0007236,0.1359,0.2624,0.6368,98.65,46.6,Medium
CLM0007237,0.2006,0.4462,0.4612,3139.25,30.2,Low
CLM0007238,0.0832,0.2252,0.7711,4505.99,42.8,Medium
CLM0007239,0.2528,0.5002,0.5385,3080.33,37.6,Low
CLM0007240,0.0575,0.1077,0.6179,364.29,42.7,Medium
CLM0007241,0.142,0.1849,0.6148,84.95,30.2,Low
CLM0007242,0.2449,0.3884,0.5517,2216.33,34.9,Low
CLM0007243,0.3143,0.3499,0.7932,31088.74,59.9,Medium
CLM0007244,0.3376,0.4216,0.7121,10777.18,51.9,Medium
CLM0007245,0.1818,0.3715,0.646,3588.42,45.7,Medium
CLM0007246,0.2775,0.4066,0.4268,1319.61,33.5,Low
CLM0007247,0.6452,0.4892,0.3601,314.15,26.5,Low
CLM0007248,0.2689,0.3423,0.6776,2272.23,43.3,Medium
CLM0007249,0.2605,0.4827,0.6559,3685.3,43.3,Medium
CLM0007250,0.0831,0.2054,0.6527,822.27,38.2,Low
CLM0007251,0.1991,0.4247,0.703,99.27,44.6,Medium
CLM0007252,0.5325,0.6032,0.4808,286.66,49.0,Medium
CLM0007253,0.2748,0.3056,0.6101,1474.27,37.6,Low
CLM0007254,0.1639,0.2446,0.6156,109.18,37.2,Low
CLM0007255,0.1379,0.119,0.6353,613.34,30.2,Low
CLM0007256,0.0661,0.2187,0.5834,633.96,38.7,Low
CLM0007257,0.1091,0.2285,0.6258,141.99,35.2,Low
CLM0007258,0.7635,0.6142,0.3744,1441.94,37.3,Low
CLM0007259,0.1588,0.232,0.6166,1067.86,38.4,Low
CLM0007260,0.2239,0.4933,0.5488,1316.81,41.2,Medium
CLM0007261,0.2274,0.476,0.3867,874.41,22.9,Low
CLM0007262,0.1212,0.1614,0.5284,340.32,23.1,Low
CLM0007263,0.1773,0.3125,0.5416,595.51,36.9,Low
CLM0007264,0.2125,0.3458,0.6145,483.79,39.3,Low
CLM0007265,0.1675,0.2868,0.4779,1482.48,35.6,Low
CLM0007266,0.281,0.3535,0.7309,5274.05,45.7,Medium
CLM0007267,0.1836,0.3356,0.8213,7687.52,54.5,Medium
CLM0007268,0.2437,0.3744,0.8726,9203.83,56.9,Medium
CLM0007269,0.1393,0.1895,0.5258,1455.97,33.7,Low
CLM0007270,0.651,0.5261,0.3764,1005.2,20.0,Low
CLM0007271,0.1947,0.272,0.807,5669.94,39.8,Low
CLM0007272,0.1079,0.2126,0.5408,2430.13,33.4,Low
CLM0007273,0.2871,0.3624,0.543,2514.21,42.6,Medium
CLM0007274,0.562,0.4181,0.6107,16374.77,57.7,Medium
CLM0007275,0.5894,0.696,0.3967,1493.52,36.6,Low
CLM0007276,0.1393,0.2998,0.6831,1545.98,41.6,Medium
CLM0007277,0.2057,0.3492,0.642,2385.71,37.1,Low
CLM0007278,0.5164,0.3893,0.7779,4534.56,51.8,Medium
CLM0007279,0.6119,0.4631,0.3722,384.08,24.8,Low
CLM0007280,0.4395,0.321,0.4681,778.03,31.7,Low
CLM0007281,0.1634,0.235,0.6016,699.16,29.0,Low
CLM0007282,0.617,0.4838,0.3334,1779.74,33.1,Low
CLM0007283,0.078,0.3825,0.5478,2369.32,34.4,Low
CLM0007284,0.5137,0.4746,0.7812,6131.38,44.2,Medium
CLM0007285,0.1976,0.504,0.8653,37234.67,81.8,High
CLM0007286,0.1184,0.193,0.6625,1132.66,39.6,Low
CLM0007287,0.5024,0.2881,0.7863,4685.36,52.3,Medium
CLM0007288,0.1906,0.2425,0.6809,830.91,29.6,Low
CLM0007289,0.1089,0.0958,0.6645,76.87,32.9,Low
CLM0007290,0.2283,0.2865,0.6582,272.94,35.1,Low
CLM0007291,0.2249,0.3915,0.6201,3271.6,36.8,Low
CLM0007292,0.5002,0.4791,0.4878,598.3,39.1,Low
CLM0007293,0.148,0.2632,0.5961,723.0,37.2,Low
CLM0007294,0.0912,0.2104,0.6534,73.28,28.6,Low
CLM0007295,0.6109,0.4866,0.3515,219.44,27.0,Low
CLM0007296,0.2507,0.4294,0.443,1457.51,42.8,Medium
CLM0007297,0.2397,0.2845,0.607,1332.08,36.7,Low
CLM0007298,0.494,0.366,0.3172,385.7,25.4,Low
CLM0007299,0.2261,0.4284,0.6248,9469.15,48.3,Medium
CLM0007300,0.2442,0.6128,0.722,60015.66,79.6,High
CLM0007301,0.6208,0.4268,0.3132,488.42,23.7,Low
CLM0007302,0.0966,0.1496,0.6458,16.31,33.8,Low
CLM0007303,0.5863,0.4841,0.391,740.62,25.1,Low
CLM0007304,0.4406,0.5015,0.3802,1048.51,36.5,Low
CLM0007305,0.25,0.4212,0.499,1622.09,38.0,Low
CLM0007306,0.2447,0.2496,0.6436,503.57,32.5,Low
CLM0007307,0.2056,0.341,0.9105,6727.28,56.8,Medium
CLM0007308,0.5431,0.4142,0.6816,5391.09,51.8,Medium
CLM0007309,0.0974,0.2534,0.6182,52.13,34.6,Low
CLM0007310,0.1649,0.3263,0.6348,357.41,41.1,Medium
CLM0007311,0.332,0.4732,0.6695,1391.61,46.8,Medium
CLM0007312,0.2375,0.4098,0.4661,513.68,33.3,Low
CLM0007313,0.5078,0.3053,0.4827,580.02,42.0,Medium
CLM0007314,0.2633,0.3783,0.6503,6261.2,41.6,Medium
CLM0007315,0.254,0.4044,0.7501,8578.81,52.9,Medium
CLM0007316,0.1021,0.1825,0.6915,195.37,38.0,Low
CLM0007317,0.143,0.3933,0.6296,1818.48,46.3,Medium
CLM0007318,0.1053,0.0969,0.6428,406.11,32.2,Low
CLM0007319,0.4,0.5661,0.4712,913.92,28.9,Low
CLM0007320,0.5841,0.4676,0.5348,969.35,41.9,Medium
CLM0007321,0.2634,0.4367,0.3707,583.3,29.8,Low
CLM0007322,0.6259,0.5885,0.3416,326.72,41.0,Medium
CLM0007323,0.1407,0.3004,0.615,371.99,34.9,Low
CLM0007324,0.1774,0.3493,0.656,86.36,36.0,Low
CLM0007325,0.1482,0.205,0.6532,109.85,36.3,Low
CLM0007326,0.2879,0.3461,0.6464,458.07,34.4,Low
CLM0007327,0.3024,0.4809,0.4778,810.82,31.2,Low
CLM0007328,0.6048,0.5268,0.4813,1313.36,29.0,Low
CLM0007329,0.4146,0.5562,0.733,2649.88,48.8,Medium
CLM0007330,0.1709,0.2844,0.6073,54.53,45.4,Medium
CLM0007331,0.38,0.4604,0.7817,7674.47,51.6,Medium
CLM0007332,0.2608,0.4345,0.4074,1613.35,31.6,Low
CLM0007333,0.6042,0.6187,0.6306,3633.44,50.8,Medium
CLM0007334,0.1739,0.2039,0.6447,73.46,30.3,Low
CLM0007335,0.6511,0.4459,0.6183,5644.7,48.2,Medium
CLM0007336,0.2685,0.4451,0.7567,5190.16,49.8,Medium
CLM0007337,0.24,0.4914,0.3676,656.42,32.9,Low
CLM0007338,0.2674,0.4959,0.473,863.19,39.1,Low
CLM0007339,0.2669,0.3306,0.4796,671.2,33.6,Low
CLM0007340,0.0659,0.1615,0.6461,631.82,35.6,Low
CLM0007341,0.2106,0.3798,0.558,762.03,32.0,Low
CLM0007342,0.1665,0.0748,0.5966,900.32,32.5,Low
CLM0007343,0.5184,0.4714,0.5949,10753.29,55.4,Medium
CLM0007344,0.2433,0.2571,0.6017,1227.27,41.9,Medium
CLM0007345,0.208,0.3755,0.5985,587.41,46.0,Medium
CLM0007346,0.1402,0.2443,0.6559,2357.06,32.1,Low
CLM0007347,0.2592,0.3656,0.5565,1007.6,39.8,Low
CLM0007348,0.2728,0.3242,0.9052,8611.88,57.4,Medium
CLM0007349,0.2695,0.5643,0.7472,18098.19,59.9,Medium
CLM0007350,0.2508,0.396,0.3465,1491.8,33.5,Low
CLM0007351,0.1312,0.305,0.7854,14169.14,61.3,Medium
CLM0007352,0.5246,0.3604,0.7664,3953.1,52.0,Medium
CLM0007353,0.3079,0.4948,0.3878,1079.47,32.4,Low
CLM0007354,0.0985,0.1699,0.5986,1612.23,33.5,Low
CLM0007355,0.1316,0.1702,0.6634,130.56,26.8,Low
CLM0007356,0.6466,0.5807,0.3483,154.95,34.0,Low
CLM0007357,0.2137,0.1875,0.6387,531.69,33.1,Low
CLM0007358,0.1755,0.3578,0.5652,837.68,35.2,Low
CLM0007359,0.2461,0.343,0.9204,10308.16,58.6,Medium
CLM0007360,0.2761,0.4289,0.415,144.79,28.6,Low
CLM0007361,0.6105,0.5125,0.6952,4991.42,52.5,Medium
CLM0007362,0.6132,0.5222,0.2059,961.8,28.0,Low
CLM0007363,0.2384,0.3247,0.6283,3916.12,39.4,Low
CLM0007364,0.2309,0.4171,0.9198,7539.04,46.4,Medium
CLM0007365,0.2637,0.473,0.6516,20209.87,56.8,Medium
CLM0007366,0.1965,0.446,0.3594,589.76,29.3,Low
CLM0007367,0.638,0.6104,0.5662,13438.17,54.3,Medium
CLM0007368,0.0489,0.2367,0.6889,58.14,40.1,Medium
CLM0007369,0.1378,0.3037,0.628,48.36,33.5,Low
CLM0007370,0.594,0.5621,0.6394,5395.99,47.6,Medium
CLM0007371,0.5737,0.4519,0.3996,281.18,34.2,Low
CLM0007372,0.1468,0.1825,0.553,2153.11,30.0,Low
CLM0007373,0.2195,0.2395,0.6458,259.39,33.6,Low
CLM0007374,0.4255,0.5251,0.4954,1538.66,45.8,Medium
CLM0007375,0.592,0.5661,0.3435,1059.9,24.5,Low
CLM0007376,0.4465,0.24,0.7909,5346.95,41.4,Medium
CLM0007377,0.6004,0.4481,0.503,2205.16,35.2,Low
CLM0007378,0.0386,0.2363,0.8586,16711.39,60.6,Medium
CLM0007379,0.321,0.459,0.4936,1500.84,38.6,Low
CLM0007380,0.1613,0.273,0.6014,56.23,28.4,Low
CLM0007381,0.231,0.2807,0.6148,1319.95,42.7,Medium
CLM0007382,0.2262,0.3065,0.5014,1312.51,30.7,Low
CLM0007383,0.1913,0.3017,0.6398,293.83,36.3,Low
CLM0007384,0.2321,0.331,0.6538,129.22,43.3,Medium
CLM0007385,0.258,0.3983,0.4773,1675.35,34.0,Low
CLM0007386,0.0679,0.1275,0.6285,34.46,32.7,Low
CLM0007387,0.5872,0.6587,0.3268,822.84,39.1,Low
CLM0007388,0.2466,0.2766,0.6563,755.05,37.4,Low
CLM0007389,0.2872,0.4314,0.5243,2145.56,44.0,Medium
CLM0007390,0.2036,0.4289,0.9427,9914.08,57.5,Medium
CLM0007391,0.6217,0.5781,0.2128,351.19,25.7,Low
CLM0007392,0.4324,0.4839,0.664,728.97,49.0,Medium
CLM0007393,0.604,0.6385,0.4983,7226.46,51.8,Medium
CLM0007394,0.2316,0.3997,0.4697,624.19,34.0,Low
CLM0007395,0.6487,0.5484,0.2255,411.65,30.7,Low
CLM0007396,0.0915,0.3391,0.4986,2388.99,32.3,Low
CLM0007397,0.1969,0.3608,0.6493,826.26,33.8,Low
CLM0007398,0.3706,0.562,0.6225,715.24,49.8,Medium
CLM0007399,0.5239,0.338,0.3563,786.85,30.8,Low
CLM0007400,0.1632,0.264,0.6162,1208.4,41.0,Medium
CLM0007401,0.2587,0.3481,0.8446,6782.39,60.3,Medium
CLM0007402,0.2436,0.3604,0.7979,6142.14,47.5,Medium
CLM0007403,0.2632,0.4396,0.89,10669.36,67.1,Medium
CLM0007404,0.5242,0.444,0.5087,1733.91,38.0,Low
CLM0007405,0.6447,0.6286,0.5232,3781.88,45.1,Medium
CLM0007406,0.0382,0.2274,0.6426,2368.14,39.6,Low
CLM0007407,0.1706,0.3254,0.6669,1291.67,41.2,Medium
CLM0007408,0.1997,0.3859,0.5788,825.9,34.8,Low
CLM0007409,0.4197,0.4752,0.3457,820.41,32.7,Low
CLM0007410,0.2037,0.4308,0.5104,465.6,35.4,Low
CLM0007411,0.0707,0.1096,0.6041,2285.01,31.0,Low
CLM0007412,0.1665,0.3216,0.5442,974.19,26.9,Low
CLM0007413,0.2364,0.54,0.4619,695.37,33.9,Low
CLM0007414,0.0462,0.2162,0.5287,2084.31,36.7,Low
CLM0007415,0.0942,0.2268,0.6471,513.43,36.9,Low
CLM0007416,0.6067,0.5343,0.2271,1229.58,32.8,Low
CLM0007417,0.1981,0.5069,0.8977,6410.57,61.6,Medium
CLM0007418,0.2317,0.2498,0.6808,120.36,43.5,Medium
CLM0007419,0.2522,0.4982,0.6464,5375.33,47.4,Medium
CLM0007420,0.1352,0.0779,0.6846,10.22,34.0,Low
CLM0007421,0.0866,0.3817,0.66,2975.61,35.8,Low
CLM0007422,0.1564,0.2669,0.6342,757.55,37.6,Low
CLM0007423,0.7804,0.5802,0.4962,2845.29,40.1,Medium
CLM0007424,0.0814,0.1848,0.6545,717.33,38.4,Low
CLM0007425,0.2702,0.4618,0.7135,10490.79,59.4,Medium
CLM0007426,0.2024,0.4305,0.4769,307.02,31.7,Low
CLM0007427,0.4242,0.3096,0.7151,12198.28,46.8,Medium
CLM0007428,0.2321,0.379,0.3634,672.24,29.8,Low
CLM0007429,0.5725,0.6573,0.6212,30032.29,68.0,Medium
CLM0007430,0.1254,0.2767,0.6705,224.44,35.8,Low
CLM0007431,0.218,0.3171,0.6168,1271.1,36.7,Low
CLM0007432,0.129,0.2375,0.6351,1317.53,31.6,Low
CLM0007433,0.1893,0.1909,0.7835,9936.3,48.0,Medium
CLM0007434,0.1195,0.2887,0.6723,88.84,35.5,Low
CLM0007435,0.053,0.3174,0.6071,412.97,38.7,Low
CLM0007436,0.1601,0.3531,0.6168,315.25,39.0,Low
CLM0007437,0.4564,0.406,0.5261,385.32,29.6,Low
CLM0007438,0.7949,0.5662,0.5236,3373.38,41.2,Medium
CLM0007439,0.2605,0.3031,0.6373,2553.61,36.9,Low
CLM0007440,0.1706,0.3396,0.6528,2048.03,41.4,Medium
CLM0007441,0.6771,0.6858,0.2194,320.13,39.3,Low
CLM0007442,0.1819,0.2089,0.642,583.91,38.0,Low
CLM0007443,0.2415,0.4983,0.4564,567.69,33.1,Low
CLM0007444,0.4921,0.4606,0.4193,838.47,31.5,Low
CLM0007445,0.2919,0.2301,0.8273,11100.07,46.9,Medium
CLM0007446,0.4602,0.6187,0.4822,2574.19,47.1,Medium
CLM0007447,0.197,0.3956,0.6388,410.56,35.8,Low
CLM0007448,0.2264,0.3249,0.9153,10372.08,58.6,Medium
CLM0007449,0.3814,0.5556,0.474,1743.65,40.7,Medium
CLM0007450,0.1474,0.2804,0.6325,1681.72,35.7,Low
CLM0007451,0.345,0.47,0.7068,6058.46,50.0,Medium
CLM0007452,0.1069,0.0732,0.5293,651.11,31.5,Low
CLM0007453,0.1087,0.2293,0.6787,226.14,32.5,Low
CLM0007454,0.2148,0.1737,0.5645,1303.38,32.8,Low
CLM0007455,0.0724,0.2601,0.5718,1790.29,29.3,Low
CLM0007456,0.6295,0.5062,0.5692,9352.6,49.3,Medium
CLM0007457,0.276,0.3942,0.5266,2426.7,34.6,Low
CLM0007458,0.1601,0.3923,0.4672,1044.86,35.2,Low
CLM0007459,0.2493,0.3256,0.6068,210.0,27.1,Low
CLM0007460,0.4504,0.489,0.7315,3916.29,52.4,Medium
CLM0007461,0.6268,0.5429,0.3692,204.91,29.2,Low
CLM0007462,0.5786,0.3773,0.5367,544.04,31.3,Low
CLM0007463,0.2639,0.3623,0.9407,6200.11,52.8,Medium
CLM0007464,0.6025,0.4841,0.474,10988.42,51.2,Medium
CLM0007465,0.1928,0.2425,0.7962,4673.74,55.0,Medium
CLM0007466,0.5379,0.5584,0.3487,1090.56,32.0,Low
CLM0007467,0.2419,0.4956,0.5558,805.11,32.0,Low
CLM0007468,0.0979,0.2982,0.6459,69.11,33.8,Low
CLM0007469,0.0969,0.2507,0.6256,169.21,35.4,Low
CLM0007470,0.108,0.2354,0.6536,78.67,33.3,Low
CLM0007471,0.3198,0.4224,0.6399,2741.9,43.5,Medium
CLM0007472,0.5631,0.5401,0.5078,3319.62,40.8,Medium
CLM0007473,0.5931,0.4712,0.366,571.18,20.9,Low
CLM0007474,0.6042,0.5636,0.3274,1175.72,34.1,Low
CLM0007475,0.1601,0.2358,0.6145,200.26,38.7,Low
CLM0007476,0.5875,0.5248,0.248,536.46,29.8,Low
CLM0007477,0.3141,0.4553,0.4643,531.33,37.7,Low
CLM0007478,0.0914,0.1221,0.6541,323.34,31.3,Low
CLM0007479,0.1076,0.1562,0.5786,1386.8,26.1,Low
CLM0007480,0.6624,0.5696,0.5883,8706.98,46.4,Medium
CLM0007481,0.2634,0.5155,0.8061,17701.48,64.1,Medium
CLM0007482,0.6222,0.519,0.3177,746.14,33.6,Low
CLM0007483,0.6062,0.5352,0.2459,277.03,25.4,Low
CLM0007484,0.2812,0.4226,0.4626,439.12,35.0,Low
CLM0007485,0.2576,0.4003,0.489,1148.14,36.4,Low
CLM0007486,0.1463,0.312,0.6209,24.56,36.1,Low
CLM0007487,0.6509,0.5648,0.3642,1277.11,39.4,Low
CLM0007488,0.1524,0.138,0.6127,1053.11,33.4,Low
CLM0007489,0.6101,0.5473,0.3895,356.48,33.6,Low
CLM0007490,0.0838,0.2135,0.6568,430.93,36.3,Low
CLM0007491,0.2033,0.3414,0.6129,209.72,46.0,Medium
CLM0007492,0.4275,0.4648,0.49,2127.56,39.0,Low
CLM0007493,0.7687,0.6368,0.2986,1947.0,39.0,Low
CLM0007494,0.1288,0.1127,0.9194,5608.49,43.5,Medium
CLM0007495,0.267,0.5211,0.3769,646.28,36.1,Low
CLM0007496,0.2405,0.4163,0.5191,1314.71,32.7,Low
CLM0007497,0.3103,0.4078,0.3496,657.08,25.0,Low
CLM0007498,0.123,0.2181,0.6243,425.92,36.0,Low
CLM0007499,0.1843,0.3144,0.6269,1312.86,46.0,Medium
CLM0007500,0.1658,0.3754,0.9137,8387.0,52.7,Medium
CLM0007501,0.1574,0.3312,0.6355,1549.14,37.5,Low
CLM0007502,0.6495,0.5883,0.2231,507.42,28.6,Low
CLM0007503,0.1211,0.1767,0.6775,55.38,38.0,Low
CLM0007504,0.5792,0.6172,0.309,600.09,29.5,Low
CLM0007505,0.6276,0.4603,0.3579,280.71,29.7,Low
CLM0007506,0.2201,0.5798,0.3745,238.95,33.0,Low
CLM0007507,0.1917,0.2284,0.5118,2252.8,32.7,Low
CLM0007508,0.1608,0.1668,0.795,11621.93,48.1,Medium
CLM0007509,0.262,0.3582,0.7475,5782.45,51.0,Medium
CLM0007510,0.0949,0.2318,0.6832,136.43,33.7,Low
CLM0007511,0.6195,0.5976,0.7861,3733.38,58.9,Medium
CLM0007512,0.3149,0.2935,0.6349,1775.15,35.2,Low
CLM0007513,0.2575,0.404,0.4892,716.76,33.3,Low
CLM0007514,0.3009,0.4233,0.3523,1523.61,29.0,Low
CLM0007515,0.0962,0.2423,0.6338,240.33,30.5,Low
CLM0007516,0.5721,0.4824,0.4389,306.59,28.6,Low
CLM0007517,0.1654,0.2223,0.6651,299.14,31.4,Low
CLM0007518,0.1029,0.2107,0.6119,161.46,36.6,Low
CLM0007519,0.2878,0.4009,0.603,963.07,34.7,Low
CLM0007520,0.285,0.4185,0.7459,6854.52,45.7,Medium
CLM0007521,0.1753,0.2174,0.5676,49.92,35.1,Low
CLM0007522,0.6228,0.4737,0.2457,275.27,27.8,Low
CLM0007523,0.3344,0.5745,0.4886,2166.37,40.7,Medium
CLM0007524,0.2503,0.3788,0.6725,1122.6,45.3,Medium
CLM0007525,0.1679,0.2308,0.8409,8808.37,45.9,Medium
CLM0007526,0.289,0.3707,0.3686,332.46,22.4,Low
CLM0007527,0.5654,0.5215,0.4242,647.23,32.7,Low
CLM0007528,0.2817,0.3952,0.706,9126.37,45.4,Medium
CLM0007529,0.1485,0.26,0.5389,530.48,29.3,Low
CLM0007530,0.4313,0.3144,0.4018,692.93,31.8,Low
CLM0007531,0.5898,0.5118,0.5604,2661.43,42.8,Medium
CLM0007532,0.2142,0.4204,0.5374,858.18,37.3,Low
CLM0007533,0.6216,0.4463,0.2525,714.9,22.6,Low
CLM0007534,0.6218,0.539,0.6583,3704.75,49.8,Medium
CLM0007535,0.0352,0.1733,0.5486,1186.89,29.9,Low
CLM0007536,0.0166,0.1672,0.6572,43.08,34.1,Low
CLM0007537,0.1548,0.3618,0.6338,705.05,38.7,Low
CLM0007538,0.4269,0.4359,0.3862,527.94,30.3,Low
CLM0007539,0.2509,0.443,0.7252,9785.9,48.1,Medium
CLM0007540,0.3393,0.4027,0.4963,1960.03,37.8,Low
CLM0007541,0.2186,0.3687,0.6252,6094.57,41.1,Medium
CLM0007542,0.2236,0.4726,0.9087,6043.71,62.2,Medium
CLM0007543,0.5813,0.6047,0.5991,8428.03,58.3,Medium
CLM0007544,0.3068,0.4293,0.7335,13821.23,54.3,Medium
CLM0007545,0.6721,0.4925,0.7847,13163.93,52.9,Medium
CLM0007546,0.2087,0.2599,0.6449,534.38,34.5,Low
CLM0007547,0.7997,0.7101,0.4802,8942.25,57.8,Medium
CLM0007548,0.253,0.4262,0.372,2012.44,35.9,Low
CLM0007549,0.0485,0.0418,0.6762,42.98,34.4,Low
CLM0007550,0.2887,0.315,0.7223,9785.61,48.5,Medium
CLM0007551,0.5493,0.5195,0.4911,165.94,41.9,Medium
CLM0007552,0.2445,0.3823,0.704,7813.24,46.3,Medium
CLM0007553,0.1514,0.2489,0.6657,492.39,39.4,Low
CLM0007554,0.6056,0.5115,0.2105,249.89,29.7,Low
CLM0007555,0.0896,0.2166,0.6492,366.24,32.1,Low
CLM0007556,0.1113,0.3495,0.6673,552.86,33.4,Low
CLM0007557,0.2755,0.4527,0.3946,666.52,32.6,Low
CLM0007558,0.0899,0.3343,0.6307,119.84,36.9,Low
CLM0007559,0.7004,0.5407,0.3626,1145.35,31.8,Low
CLM0007560,0.5668,0.4425,0.4261,1305.53,34.7,Low
CLM0007561,0.5773,0.6209,0.5137,2091.72,44.0,Medium
CLM0007562,0.0811,0.2506,0.5766,736.81,35.1,Low
CLM0007563,0.2369,0.4932,0.7863,16369.96,59.9,Medium
CLM0007564,0.2914,0.3762,0.3258,701.99,33.2,Low
CLM0007565,0.1308,0.1981,0.6292,2435.17,39.3,Low
CLM0007566,0.2895,0.4406,0.6164,9.49,40.1,Medium
CLM0007567,0.2748,0.4703,0.6684,206.55,40.4,Medium
CLM0007568,0.1148,0.226,0.6738,2735.74,33.1,Low
CLM0007569,0.1212,0.288,0.6618,45.82,34.4,Low
CLM0007570,0.1853,0.2774,0.6647,345.15,42.5,Medium
CLM0007571,0.292,0.5182,0.4258,1632.12,30.7,Low
CLM0007572,0.2566,0.4186,0.4874,1655.84,30.7,Low
CLM0007573,0.2884,0.5941,0.3553,1195.46,30.8,Low
CLM0007574,0.2183,0.2398,0.6485,245.12,30.6,Low
CLM0007575,0.1371,0.2825,0.5596,2035.56,22.2,Low
CLM0007576,0.2705,0.3893,0.6211,11905.54,51.2,Medium
CLM0007577,0.2536,0.4773,0.4342,1385.04,37.8,Low
CLM0007578,0.5918,0.479,0.4204,1685.33,44.0,Medium
CLM0007579,0.318,0.434,0.4806,526.4,33.4,Low
CLM0007580,0.2169,0.4064,0.9005,6979.87,64.0,Medium
CLM0007581,0.1326,0.1703,0.6462,3472.58,41.7,Medium
CLM0007582,0.3026,0.377,0.5644,1007.56,29.3,Low
CLM0007583,0.1006,0.2784,0.6162,316.94,33.8,Low
CLM0007584,0.0909,0.1654,0.6117,198.05,21.0,Low
CLM0007585,0.0978,0.1408,0.625,681.84,30.3,Low
CLM0007586,0.0839,0.2112,0.612,679.92,30.5,Low
CLM0007587,0.6118,0.4442,0.316,570.17,36.9,Low
CLM0007588,0.1408,0.1148,0.6427,119.6,29.9,Low
CLM0007589,0.6579,0.602,0.6171,3781.52,50.2,Medium
CLM0007590,0.1473,0.1753,0.6236,519.52,31.2,Low
CLM0007591,0.6069,0.5623,0.3739,357.66,29.5,Low
CLM0007592,0.2724,0.3607,0.5606,1993.49,43.9,Medium
CLM0007593,0.1308,0.2663,0.6557,170.88,43.4,Medium
CLM0007594,0.1414,0.2294,0.6283,51.54,36.6,Low
CLM0007595,0.47,0.38,0.7667,8690.05,45.7,Medium
CLM0007596,0.2352,0.4089,0.3831,1508.96,32.0,Low
CLM0007597,0.332,0.5595,0.5104,2261.39,41.8,Medium
CLM0007598,0.233,0.2661,0.6447,72.91,41.0,Medium
CLM0007599,0.2194,0.2158,0.6961,53.14,36.0,Low
CLM0007600,0.1515,0.2208,0.8695,5139.83,53.6,Medium
CLM0007601,0.2772,0.3863,0.4055,1305.51,33.0,Low
CLM0007602,0.5701,0.5904,0.7605,3917.12,55.6,Medium
CLM0007603,0.3018,0.3567,0.6481,2730.94,47.7,Medium
CLM0007604,0.2824,0.5365,0.7202,8871.97,58.0,Medium
CLM0007605,0.2578,0.4708,0.5316,1255.38,34.0,Low
CLM0007606,0.5946,0.4788,0.3243,626.39,28.3,Low
CLM0007607,0.1351,0.2369,0.6495,203.37,28.6,Low
CLM0007608,0.1983,0.3192,0.621,1814.03,44.0,Medium
CLM0007609,0.4126,0.4342,0.7495,5883.23,47.9,Medium
CLM0007610,0.5712,0.6828,0.351,857.27,28.2,Low
CLM0007611,0.5272,0.504,0.6985,15422.76,58.2,Medium
CLM0007612,0.3359,0.3978,0.4646,762.43,31.7,Low
CLM0007613,0.2858,0.373,0.4646,2275.23,33.0,Low
CLM0007614,0.6282,0.4724,0.2526,659.27,23.0,Low
CLM0007615,0.4203,0.4552,0.712,5695.74,51.6,Medium
CLM0007616,0.2557,0.4797,0.7331,6091.04,46.7,Medium
CLM0007617,0.2703,0.594,0.4499,1285.53,38.1,Low
CLM0007618,0.5567,0.5668,0.2458,830.18,30.0,Low
CLM0007619,0.426,0.5868,0.6315,8747.34,52.8,Medium
CLM0007620,0.2141,0.512,0.7485,3602.14,55.6,Medium
CLM0007621,0.1664,0.2716,0.6425,608.39,39.0,Low
CLM0007622,0.6278,0.4703,0.2739,578.88,32.8,Low
CLM0007623,0.2677,0.3661,0.81,9992.05,56.1,Medium
CLM0007624,0.0784,0.153,0.4966,2231.11,29.8,Low
CLM0007625,0.2019,0.3926,0.7378,4275.53,47.1,Medium
CLM0007626,0.562,0.4578,0.5207,1097.14,37.0,Low
CLM0007627,0.6122,0.4486,0.3237,1518.72,32.8,Low
CLM0007628,0.2099,0.3221,0.6216,195.77,31.8,Low
CLM0007629,0.1524,0.2903,0.8503,8845.0,50.8,Medium
CLM0007630,0.5455,0.359,0.2743,889.03,19.8,Low
CLM0007631,0.5544,0.416,0.2472,668.44,25.7,Low
CLM0007632,0.5964,0.6026,0.3669,1423.65,38.8,Low
CLM0007633,0.1676,0.3472,0.6254,597.52,48.1,Medium
CLM0007634,0.2267,0.3556,0.7884,10594.17,51.4,Medium
CLM0007635,0.2274,0.4877,0.3703,1742.52,36.3,Low
CLM0007636,0.2302,0.4413,0.4782,794.26,30.7,Low
CLM0007637,0.1979,0.2534,0.6596,688.56,35.9,Low
CLM0007638,0.2407,0.3956,0.3888,842.4,28.9,Low
CLM0007639,0.1324,0.3192,0.6251,13.11,39.5,Low
CLM0007640,0.3116,0.3647,0.3765,276.69,30.2,Low
CLM0007641,0.2824,0.4949,0.4283,657.43,40.7,Medium
CLM0007642,0.3735,0.355,0.6459,3034.64,40.6,Medium
CLM0007643,0.1672,0.3572,0.6353,203.39,51.3,Medium
CLM0007644,0.1432,0.248,0.903,8553.6,47.6,Medium
CLM0007645,0.1771,0.2837,0.6451,116.02,36.2,Low
CLM0007646,0.0848,0.2841,0.8218,20301.74,52.4,Medium
CLM0007647,0.1485,0.2209,0.4943,509.0,27.2,Low
CLM0007648,0.4478,0.4328,0.3524,361.51,23.9,Low
CLM0007649,0.3416,0.4093,0.6461,1040.14,33.2,Low
CLM0007650,0.2523,0.3975,0.5085,857.18,45.6,Medium
CLM0007651,0.6137,0.621,0.5788,4956.73,50.0,Medium
CLM0007652,0.0844,0.3142,0.5477,1527.69,35.9,Low
CLM0007653,0.2676,0.4348,0.7792,5925.35,46.5,Medium
CLM0007654,0.2934,0.3921,0.3314,1524.77,31.9,Low
CLM0007655,0.5579,0.4977,0.2912,1470.24,31.5,Low
CLM0007656,0.1412,0.3209,0.659,593.52,44.0,Medium
CLM0007657,0.052,0.1785,0.5605,2144.51,31.4,Low
CLM0007658,0.1751,0.2902,0.6242,362.33,37.2,Low
CLM0007659,0.1095,0.0853,0.6576,27.31,35.6,Low
CLM0007660,0.6587,0.4337,0.246,1066.46,30.0,Low
CLM0007661,0.2835,0.3315,0.6279,2432.36,43.5,Medium
CLM0007662,0.1112,0.2216,0.5634,581.07,34.4,Low
CLM0007663,0.6018,0.5808,0.3457,1025.27,33.9,Low
CLM0007664,0.2232,0.3906,0.7446,7244.12,50.0,Medium
CLM0007665,0.6355,0.5522,0.3599,1458.46,40.2,Medium
CLM0007666,0.1906,0.3988,0.3578,533.48,33.3,Low
CLM0007667,0.2685,0.5461,0.5212,1350.7,33.9,Low
CLM0007668,0.1041,0.2566,0.5279,1777.94,30.2,Low
CLM0007669,0.2244,0.4189,0.4437,2050.02,38.9,Low
CLM0007670,0.2688,0.5311,0.617,6445.99,41.2,Medium
CLM0007671,0.1429,0.1907,0.5377,356.44,32.3,Low
CLM0007672,0.2389,0.511,0.7196,13332.07,60.4,Medium
CLM0007673,0.3035,0.4499,0.4567,1128.54,35.6,Low
CLM0007674,0.1752,0.363,0.679,485.72,32.7,Low
CLM0007675,0.1281,0.2761,0.671,242.78,40.4,Medium
CLM0007676,0.251,0.3682,0.4365,398.95,29.6,Low
CLM0007677,0.6651,0.5013,0.3922,372.31,28.1,Low
CLM0007678,0.3001,0.4443,0.3851,429.55,31.1,Low
CLM0007679,0.2464,0.4557,0.4572,1881.28,34.5,Low
CLM0007680,0.2108,0.2864,0.6357,716.09,31.1,Low
CLM0007681,0.2877,0.2522,0.9052,14823.19,55.4,Medium
CLM0007682,0.2054,0.4777,0.3245,2009.06,36.4,Low
CLM0007683,0.5756,0.491,0.5243,451.67,43.7,Medium
CLM0007684,0.288,0.4084,0.49,1186.36,29.7,Low
CLM0007685,0.6462,0.5358,0.332,324.82,34.5,Low
CLM0007686,0.1394,0.3295,0.8856,40391.4,71.3,High
CLM0007687,0.2656,0.3048,0.6391,3297.25,36.9,Low
CLM0007688,0.1116,0.2021,0.6509,53.92,28.8,Low
CLM0007689,0.209,0.3182,0.6384,101.1,36.6,Low
CLM0007690,0.0631,0.2668,0.6296,96.83,35.7,Low
CLM0007691,0.0962,0.4191,0.6538,522.6,42.0,Medium
CLM0007692,0.0909,0.2145,0.8284,6688.36,42.7,Medium
CLM0007693,0.4817,0.5327,0.5025,1178.77,43.8,Medium
CLM0007694,0.2213,0.2621,0.869,7959.67,53.4,Medium
CLM0007695,0.4177,0.5377,0.7629,5974.81,57.3,Medium
CLM0007696,0.2623,0.4681,0.4626,702.7,38.1,Low
CLM0007697,0.0988,0.1821,0.617,152.76,39.7,Low
CLM0007698,0.1264,0.3226,0.6471,3096.99,39.6,Low
CLM0007699,0.1011,0.173,0.6945,41.8,30.9,Low
CLM0007700,0.3962,0.4043,0.4342,823.07,30.2,Low
CLM0007701,0.4015,0.4136,0.4653,953.71,38.2,Low
CLM0007702,0.5271,0.3237,0.451,807.15,25.3,Low
CLM0007703,0.1029,0.2817,0.5472,1033.82,40.6,Medium
CLM0007704,0.0845,0.1566,0.5132,2524.58,29.9,Low
CLM0007705,0.2983,0.528,0.7222,9654.3,57.4,Medium
CLM0007706,0.0935,0.1947,0.6377,126.53,31.6,Low
CLM0007707,0.1361,0.3676,0.6445,1539.23,43.4,Medium
CLM0007708,0.5675,0.5128,0.3414,1325.99,32.7,Low
CLM0007709,0.0652,0.2269,0.6006,316.5,36.3,Low
CLM0007710,0.5097,0.2835,0.7216,3948.57,44.1,Medium
CLM0007711,0.126,0.3601,0.6315,170.05,39.7,Low
CLM0007712,0.5862,0.5018,0.2561,429.6,31.9,Low
CLM0007713,0.5357,0.5227,0.6584,5589.66,46.7,Medium
CLM0007714,0.2956,0.3907,0.6853,4639.95,49.4,Medium
CLM0007715,0.2201,0.4787,0.3632,675.76,30.8,Low
CLM0007716,0.172,0.1898,0.6612,75.07,27.1,Low
CLM0007717,0.1106,0.1321,0.5253,893.48,34.0,Low
CLM0007718,0.1765,0.2299,0.628,109.39,38.7,Low
CLM0007719,0.1314,0.2511,0.5308,2573.64,33.1,Low
CLM0007720,0.1034,0.178,0.5335,526.38,26.4,Low
CLM0007721,0.2381,0.5718,0.4758,2615.39,41.3,Medium
CLM0007722,0.1867,0.3404,0.6805,2092.44,32.6,Low
CLM0007723,0.2995,0.5037,0.6307,15656.19,56.0,Medium
CLM0007724,0.3399,0.4334,0.3832,1072.66,37.2,Low
CLM0007725,0.267,0.3844,0.4447,1848.74,29.0,Low
CLM0007726,0.1803,0.3515,0.9382,8041.62,60.1,Medium
CLM0007727,0.2807,0.3012,0.6679,186.68,39.7,Low
CLM0007728,0.1471,0.1931,0.657,142.67,36.4,Low
CLM0007729,0.1466,0.1439,0.5651,964.27,30.8,Low
CLM0007730,0.1705,0.266,0.5356,1620.98,29.3,Low
CLM0007731,0.2481,0.4541,0.3573,417.35,31.5,Low
CLM0007732,0.2295,0.423,0.615,4192.18,44.4,Medium
CLM0007733,0.102,0.2477,0.8485,6036.06,41.7,Medium
CLM0007734,0.5137,0.5074,0.475,728.01,42.2,Medium
CLM0007735,0.1772,0.2019,0.6127,206.88,26.9,Low
CLM0007736,0.171,0.1784,0.6704,202.76,45.7,Medium
CLM0007737,0.2721,0.3304,0.4243,1053.3,31.5,Low
CLM0007738,0.1193,0.1562,0.6347,70.02,40.4,Medium
CLM0007739,0.2448,0.2508,0.5322,552.14,35.9,Low
CLM0007740,0.2023,0.5783,0.7306,10344.28,58.9,Medium
CLM0007741,0.0582,0.0947,0.6664,355.01,34.2,Low
CLM0007742,0.2915,0.4413,0.4549,832.15,32.4,Low
CLM0007743,0.1051,0.2267,0.6254,303.4,34.1,Low
CLM0007744,0.1246,0.1793,0.7877,4905.71,49.6,Medium
CLM0007745,0.0985,0.3015,0.6528,96.95,39.0,Low
CLM0007746,0.0625,0.1931,0.6193,1342.69,37.2,Low
CLM0007747,0.1397,0.2243,0.6202,754.8,29.9,Low
CLM0007748,0.2608,0.5668,0.5398,1130.32,40.3,Medium
CLM0007749,0.1306,0.1883,0.5257,637.92,30.9,Low
CLM0007750,0.2143,0.4199,0.4813,1103.85,39.2,Low
CLM0007751,0.2573,0.3738,0.6013,1452.11,38.4,Low
CLM0007752,0.2692,0.3338,0.4452,2188.34,32.8,Low
CLM0007753,0.2158,0.4417,0.4981,1217.25,36.8,Low
CLM0007754,0.2615,0.4612,0.4714,2206.73,40.8,Medium
CLM0007755,0.0464,0.2569,0.6691,58.76,31.7,Low
CLM0007756,0.2004,0.3508,0.4964,592.94,28.2,Low
CLM0007757,0.5137,0.4917,0.702,17574.22,57.6,Medium
CLM0007758,0.105,0.1658,0.655,351.56,37.0,Low
CLM0007759,0.2375,0.4556,0.3989,1132.73,29.4,Low
CLM0007760,0.1008,0.273,0.6687,914.76,38.3,Low
CLM0007761,0.5878,0.4941,0.5171,2774.38,44.1,Medium
CLM0007762,0.2544,0.5318,0.5227,1404.79,39.3,Low
CLM0007763,0.509,0.3515,0.721,5725.41,48.8,Medium
CLM0007764,0.0397,0.2527,0.6054,1098.24,36.8,Low
CLM0007765,0.5633,0.501,0.507,919.84,39.7,Low
CLM0007766,0.1965,0.3013,0.9092,7606.17,62.4,Medium
CLM0007767,0.2098,0.1841,0.6234,186.79,39.1,Low
CLM0007768,0.5109,0.328,0.5173,424.37,34.3,Low
CLM0007769,0.2391,0.4157,0.6633,1839.8,36.1,Low
CLM0007770,0.411,0.3857,0.7601,8377.14,49.5,Medium
CLM0007771,0.7314,0.5738,0.6104,4918.79,50.2,Medium
CLM0007772,0.4019,0.6751,0.7116,11294.6,60.8,Medium
CLM0007773,0.3682,0.4789,0.7838,7811.9,49.5,Medium
CLM0007774,0.2657,0.3874,0.7229,5418.7,46.1,Medium
CLM0007775,0.1184,0.2674,0.604,448.95,32.6,Low
CLM0007776,0.1123,0.2239,0.8956,6977.63,49.7,Medium
CLM0007777,0.1286,0.2348,0.6569,36.08,34.0,Low
CLM0007778,0.166,0.2216,0.6526,329.05,32.3,Low
CLM0007779,0.2254,0.3096,0.4398,1099.16,34.9,Low
CLM0007780,0.2015,0.3446,0.7744,27409.78,61.2,Medium
CLM0007781,0.2131,0.3554,0.6465,334.03,37.5,Low
CLM0007782,0.2063,0.3571,0.5483,1978.07,35.0,Low
CLM0007783,0.2931,0.4236,0.6383,907.38,45.3,Medium
CLM0007784,0.2579,0.382,0.7379,22369.59,63.9,Medium
CLM0007785,0.1157,0.2148,0.6603,20.89,33.9,Low
CLM0007786,0.3125,0.3883,0.725,11915.31,52.7,Medium
CLM0007787,0.2235,0.5533,0.3798,990.19,43.6,Medium
CLM0007788,0.596,0.5067,0.3481,1869.63,32.8,Low
CLM0007789,0.5475,0.4122,0.4899,756.85,35.2,Low
CLM0007790,0.0961,0.082,0.5302,2326.39,26.3,Low
CLM0007791,0.3087,0.4344,0.3859,546.46,35.9,Low
CLM0007792,0.6209,0.6144,0.2324,641.05,34.3,Low
CLM0007793,0.5899,0.4845,0.314,466.53,25.7,Low
CLM0007794,0.31,0.4424,0.4631,743.26,40.1,Medium
CLM0007795,0.0536,0.2445,0.6067,790.67,38.0,Low
CLM0007796,0.0954,0.1797,0.5796,4.27,32.5,Low
CLM0007797,0.2626,0.4601,0.4833,2175.23,37.1,Low
CLM0007798,0.5291,0.5648,0.3496,1476.33,28.2,Low
CLM0007799,0.155,0.1214,0.646,2491.52,35.4,Low
CLM0007800,0.1102,0.2608,0.8248,5725.26,55.6,Medium
CLM0007801,0.3291,0.5231,0.4974,1259.5,39.3,Low
CLM0007802,0.465,0.4145,0.4227,588.88,30.8,Low
CLM0007803,0.3142,0.3552,0.9353,7907.12,56.4,Medium
CLM0007804,0.2857,0.3675,0.3654,351.18,24.2,Low
CLM0007805,0.5679,0.385,0.543,772.36,39.2,Low
CLM0007806,0.27,0.3349,0.6257,207.95,40.3,Medium
CLM0007807,0.2257,0.4131,0.5032,689.22,33.4,Low
CLM0007808,0.2448,0.3981,0.6044,6441.89,48.6,Medium
CLM0007809,0.0593,0.2172,0.5455,2288.07,34.1,Low
CLM0007810,0.2588,0.4677,0.7192,4034.95,49.2,Medium
CLM0007811,0.2415,0.4312,0.3711,1290.21,34.9,Low
CLM0007812,0.1278,0.3122,0.6272,415.27,38.1,Low
CLM0007813,0.222,0.3421,0.5781,2719.92,34.4,Low
CLM0007814,0.5531,0.5994,0.2857,405.43,31.9,Low
CLM0007815,0.5203,0.4071,0.691,6387.78,47.2,Medium
CLM0007816,0.4778,0.3593,0.7725,5395.34,50.0,Medium
CLM0007817,0.1066,0.1644,0.6369,344.92,32.7,Low
CLM0007818,0.4754,0.4819,0.6583,5613.35,55.5,Medium
CLM0007819,0.5761,0.5484,0.3713,717.03,31.9,Low
CLM0007820,0.0772,0.2216,0.8917,6320.32,43.6,Medium
CLM0007821,0.1926,0.2642,0.8067,9627.06,44.6,Medium
CLM0007822,0.2153,0.4013,0.4908,2298.44,36.7,Low
CLM0007823,0.6279,0.5217,0.3689,1123.72,40.4,Medium
CLM0007824,0.2299,0.3439,0.9393,12603.37,59.2,Medium
CLM0007825,0.2874,0.222,0.7942,10556.67,52.0,Medium
CLM0007826,0.1805,0.2352,0.9143,17848.93,64.3,Medium
CLM0007827,0.2574,0.1881,0.6462,996.98,37.1,Low
CLM0007828,0.2557,0.4106,0.4379,701.61,31.3,Low
CLM0007829,0.1291,0.2371,0.6433,90.85,32.7,Low
CLM0007830,0.6085,0.5766,0.3087,1622.07,39.3,Low
CLM0007831,0.1864,0.4222,0.8782,6923.67,57.1,Medium
CLM0007832,0.2301,0.395,0.8488,11050.0,58.6,Medium
CLM0007833,0.2729,0.4384,0.4605,1581.51,41.9,Medium
CLM0007834,0.2848,0.5785,0.642,8276.89,50.3,Medium
CLM0007835,0.4291,0.4925,0.9117,4696.63,60.7,Medium
CLM0007836,0.091,0.1668,0.6327,217.94,34.9,Low
CLM0007837,0.3129,0.5295,0.3663,967.55,33.3,Low
CLM0007838,0.1631,0.2708,0.6392,88.04,43.7,Medium
CLM0007839,0.2484,0.3241,0.6391,885.07,39.1,Low
CLM0007840,0.2515,0.2103,0.657,424.64,33.1,Low
CLM0007841,0.1426,0.2677,0.815,7608.78,60.1,Medium
CLM0007842,0.5042,0.5059,0.7521,51757.9,81.5,High
CLM0007843,0.4184,0.5029,0.3889,1096.69,29.0,Low
CLM0007844,0.1297,0.1411,0.5989,2318.72,28.3,Low
CLM0007845,0.1981,0.2868,0.6693,2173.35,36.3,Low
CLM0007846,0.2591,0.4102,0.408,1957.41,33.7,Low
CLM0007847,0.2959,0.4232,0.6336,17472.28,58.0,Medium
CLM0007848,0.1046,0.1488,0.5258,299.51,31.9,Low
CLM0007849,0.0716,0.259,0.6875,433.6,41.6,Medium
CLM0007850,0.2643,0.3906,0.6939,6029.42,54.4,Medium
CLM0007851,0.2898,0.426,0.6229,3980.88,42.4,Medium
CLM0007852,0.2315,0.369,0.8106,4564.59,49.4,Medium
CLM0007853,0.2215,0.35,0.6341,1405.71,37.4,Low
CLM0007854,0.5763,0.6013,0.6014,8251.26,53.2,Medium
CLM0007855,0.0627,0.2268,0.6524,765.93,35.6,Low
CLM0007856,0.628,0.5557,0.3896,278.19,40.6,Medium
CLM0007857,0.6185,0.621,0.5861,6062.43,48.6,Medium
CLM0007858,0.4098,0.5703,0.6733,4560.9,44.0,Medium
CLM0007859,0.1503,0.4668,0.6117,1706.74,50.0,Medium
CLM0007860,0.498,0.5558,0.3849,1277.64,40.5,Medium
CLM0007861,0.1997,0.1961,0.6537,181.69,35.7,Low
CLM0007862,0.5847,0.5271,0.4199,375.43,33.3,Low
CLM0007863,0.1806,0.3514,0.6524,146.52,33.6,Low
CLM0007864,0.2828,0.2572,0.5343,1536.81,27.4,Low
CLM0007865,0.0718,0.109,0.6391,477.21,35.1,Low
CLM0007866,0.1001,0.233,0.6527,494.78,32.0,Low
CLM0007867,0.7344,0.5076,0.3607,1373.23,36.8,Low
CLM0007868,0.0773,0.2417,0.5092,610.03,33.6,Low
CLM0007869,0.7896,0.6477,0.5752,4796.43,53.2,Medium
CLM0007870,0.1682,0.2607,0.6597,54.66,38.3,Low
CLM0007871,0.1015,0.2104,0.8284,11589.06,52.7,Medium
CLM0007872,0.2713,0.3461,0.4515,1039.28,32.8,Low
CLM0007873,0.2447,0.423,0.7522,6432.82,44.2,Medium
CLM0007874,0.2591,0.4121,0.3764,1460.56,29.6,Low
CLM0007875,0.1234,0.2065,0.551,871.65,34.2,Low
CLM0007876,0.2514,0.3811,0.4972,2022.98,39.2,Low
CLM0007877,0.0927,0.1704,0.6552,443.21,33.8,Low
CLM0007878,0.2865,0.4287,0.4556,1397.61,39.8,Low
CLM0007879,0.5554,0.4106,0.2447,1141.6,28.2,Low
CLM0007880,0.2382,0.2659,0.867,7339.74,55.9,Medium
CLM0007881,0.0451,0.1525,0.6437,389.09,27.2,Low
CLM0007882,0.1309,0.1132,0.556,1080.72,25.8,Low
CLM0007883,0.3134,0.5194,0.3711,1195.64,41.9,Medium
CLM0007884,0.763,0.5803,0.729,8075.57,51.7,Medium
CLM0007885,0.2331,0.2905,0.6661,1030.42,43.1,Medium
CLM0007886,0.1627,0.1972,0.6407,60.78,34.7,Low
CLM0007887,0.2661,0.2739,0.6872,1052.9,40.1,Medium
CLM0007888,0.5273,0.4988,0.4105,1480.12,27.4,Low
CLM0007889,0.2109,0.3722,0.3784,1121.73,30.1,Low
CLM0007890,0.2067,0.3774,0.3893,386.79,27.0,Low
CLM0007891,0.2323,0.526,0.4489,682.65,37.0,Low
CLM0007892,0.2176,0.2635,0.6667,955.96,35.4,Low
CLM0007893,0.2494,0.4235,0.6395,7843.1,53.2,Medium
CLM0007894,0.1925,0.283,0.6489,678.83,34.7,Low
CLM0007895,0.0389,0.1995,0.8839,10947.95,40.2,Medium
CLM0007896,0.1819,0.1998,0.6199,80.08,38.8,Low
CLM0007897,0.2986,0.5178,0.7446,6266.17,58.3,Medium
CLM0007898,0.2318,0.308,0.6132,159.18,35.7,Low
CLM0007899,0.3022,0.4803,0.3788,1537.02,36.0,Low
CLM0007900,0.1518,0.2545,0.6695,108.46,36.9,Low
CLM0007901,0.3086,0.4405,0.324,1852.94,38.0,Low
CLM0007902,0.1179,0.1491,0.7654,5755.21,46.0,Medium
CLM0007903,0.0972,0.2067,0.7928,9888.89,43.3,Medium
CLM0007904,0.2876,0.4834,0.4881,2100.4,38.5,Low
CLM0007905,0.1634,0.2464,0.6631,265.96,36.8,Low
CLM0007906,0.1671,0.3119,0.5875,1348.1,37.3,Low
CLM0007907,0.4544,0.3567,0.4025,1167.11,32.7,Low
CLM0007908,0.6192,0.5428,0.6166,7056.79,41.4,Medium
CLM0007909,0.233,0.4397,0.4523,908.27,43.4,Medium
CLM0007910,0.2438,0.4886,0.7502,7407.58,53.6,Medium
CLM0007911,0.0304,0.2351,0.5473,1664.76,25.1,Low
CLM0007912,0.1382,0.2486,0.6083,208.0,33.1,Low
CLM0007913,0.1161,0.2583,0.612,493.0,39.1,Low
CLM0007914,0.6372,0.4965,0.2327,289.05,35.2,Low
CLM0007915,0.1193,0.1137,0.6501,235.71,35.6,Low
CLM0007916,0.6368,0.4991,0.3152,281.29,31.8,Low
CLM0007917,0.0588,0.1248,0.7914,5636.7,37.4,Low
CLM0007918,0.1902,0.2253,0.6312,14.88,30.8,Low
CLM0007919,0.5976,0.5194,0.5312,1406.67,35.0,Low
CLM0007920,0.0719,0.1827,0.5242,2524.7,24.8,Low
CLM0007921,0.5984,0.5307,0.5298,1433.35,37.3,Low
CLM0007922,0.2415,0.2423,0.6564,1962.08,41.0,Medium
CLM0007923,0.0691,0.2675,0.5834,2374.44,34.2,Low
CLM0007924,0.3742,0.4134,0.4735,897.65,32.9,Low
CLM0007925,0.2779,0.4643,0.4514,1063.48,38.2,Low
CLM0007926,0.2144,0.3653,0.4808,1758.15,38.3,Low
CLM0007927,0.5712,0.4779,0.6515,33623.14,64.1,Medium
CLM0007928,0.2187,0.4766,0.7024,265.71,50.6,Medium
CLM0007929,0.1684,0.2074,0.6653,89.22,32.6,Low
CLM0007930,0.6368,0.6756,0.5929,13341.96,62.7,Medium
CLM0007931,0.1268,0.1226,0.6726,61.54,36.0,Low
CLM0007932,0.1332,0.3428,0.6543,68.59,40.2,Medium
CLM0007933,0.592,0.5468,0.2698,386.93,34.9,Low
CLM0007934,0.2395,0.4379,0.4671,528.05,34.7,Low
CLM0007935,0.6348,0.6006,0.2303,333.44,31.0,Low
CLM0007936,0.6331,0.6114,0.5811,2984.23,53.8,Medium
CLM0007937,0.2519,0.3452,0.608,2208.57,42.9,Medium
CLM0007938,0.211,0.3658,0.6113,319.57,43.5,Medium
CLM0007939,0.216,0.4392,0.4699,1046.69,33.7,Low
CLM0007940,0.2695,0.4829,0.7571,4832.81,51.0,Medium
CLM0007941,0.2398,0.3977,0.475,682.27,33.0,Low
CLM0007942,0.1962,0.3433,0.6178,683.93,39.0,Low
CLM0007943,0.0936,0.1085,0.6182,51.29,29.7,Low
CLM0007944,0.6367,0.5457,0.3649,688.89,31.4,Low
CLM0007945,0.5731,0.6431,0.5045,6662.7,56.4,Medium
CLM0007946,0.2205,0.1719,0.6152,361.4,35.3,Low
CLM0007947,0.595,0.5063,0.2202,166.18,31.1,Low
CLM0007948,0.1403,0.1986,0.548,868.07,32.4,Low
CLM0007949,0.613,0.5464,0.516,13159.11,50.5,Medium
CLM0007950,0.6206,0.4853,0.2765,884.81,27.5,Low
CLM0007951,0.6118,0.5853,0.2211,802.9,30.2,Low
CLM0007952,0.1141,0.0854,0.6649,92.19,37.7,Low
CLM0007953,0.016,0.1692,0.6012,125.7,32.6,Low
CLM0007954,0.2567,0.4535,0.6092,22.16,32.3,Low
CLM0007955,0.2546,0.2622,0.6197,3646.02,34.8,Low
CLM0007956,0.2582,0.427,0.355,767.76,37.0,Low
CLM0007957,0.1696,0.2041,0.5747,1112.39,35.2,Low
CLM0007958,0.3394,0.1871,0.6526,2412.89,43.2,Medium
CLM0007959,0.4905,0.396,0.7788,4192.07,52.8,Medium
CLM0007960,0.5923,0.5306,0.617,5947.57,44.7,Medium
CLM0007961,0.771,0.6835,0.581,11852.39,61.4,Medium
CLM0007962,0.1286,0.2861,0.6396,919.71,38.0,Low
CLM0007963,0.6312,0.4963,0.2474,572.04,27.3,Low
CLM0007964,0.6444,0.6741,0.5886,25909.63,66.3,Medium
CLM0007965,0.2508,0.3714,0.5201,598.75,31.5,Low
CLM0007966,0.198,0.2216,0.5057,617.97,25.8,Low
CLM0007967,0.1149,0.1752,0.6371,1825.2,41.1,Medium
CLM0007968,0.0952,0.2967,0.7891,9222.43,48.6,Medium
CLM0007969,0.5706,0.5857,0.2762,441.47,28.9,Low
CLM0007970,0.6065,0.6253,0.3723,1310.43,36.0,Low
CLM0007971,0.0978,0.1906,0.6438,706.36,37.5,Low
CLM0007972,0.1363,0.2124,0.6204,228.03,31.9,Low
CLM0007973,0.0532,0.2234,0.6439,411.02,33.8,Low
CLM0007974,0.1889,0.4826,0.3903,597.19,36.4,Low
CLM0007975,0.1446,0.1327,0.5678,688.59,25.7,Low
CLM0007976,0.2323,0.2764,0.8064,5273.43,49.7,Medium
CLM0007977,0.2765,0.3879,0.6276,992.1,42.5,Medium
CLM0007978,0.1547,0.2376,0.6393,131.37,43.0,Medium
CLM0007979,0.2952,0.4626,0.4538,754.53,38.5,Low
CLM0007980,0.2111,0.3619,0.6426,1546.92,42.0,Medium
CLM0007981,0.1986,0.4444,0.6059,227.59,33.6,Low
CLM0007982,0.4795,0.4005,0.5272,782.76,36.0,Low
CLM0007983,0.293,0.5012,0.6877,6016.85,42.0,Medium
CLM0007984,0.5868,0.643,0.5352,9078.5,54.6,Medium
CLM0007985,0.0402,0.0857,0.6332,41.59,34.9,Low
CLM0007986,0.1342,0.3208,0.627,1464.22,47.8,Medium
CLM0007987,0.2057,0.3651,0.6478,401.22,44.2,Medium
CLM0007988,0.2347,0.3401,0.9197,5594.99,65.5,Medium
CLM0007989,0.2657,0.46,0.795,14788.06,58.2,Medium
CLM0007990,0.1198,0.1813,0.6522,46.4,28.9,Low
CLM0007991,0.1258,0.162,0.6178,293.35,25.7,Low
CLM0007992,0.2553,0.5349,0.4381,1325.6,41.7,Medium
CLM0007993,0.103,0.1588,0.6061,234.77,33.9,Low
CLM0007994,0.1043,0.2732,0.5182,1219.13,32.8,Low
CLM0007995,0.573,0.3185,0.4188,1162.0,29.8,Low
CLM0007996,0.6026,0.5011,0.2844,857.27,27.4,Low
CLM0007997,0.5605,0.5938,0.3377,583.47,30.7,Low
CLM0007998,0.592,0.5743,0.3718,596.32,33.4,Low
CLM0007999,0.3013,0.3413,0.4218,765.07,23.9,Low
CLM0008000,0.1448,0.2639,0.6643,2533.91,31.5,Low
CLM0008001,0.2321,0.248,0.5409,1503.54,35.0,Low
CLM0008002,0.0819,0.421,0.6481,436.17,44.4,Medium
CLM0008003,0.5092,0.4443,0.3208,403.98,26.1,Low
CLM0008004,0.1355,0.3365,0.6687,23.51,46.2,Medium
CLM0008005,0.6187,0.5992,0.3623,850.5,31.2,Low
CLM0008006,0.4972,0.458,0.7787,27694.41,67.5,Medium
CLM0008007,0.6213,0.6308,0.3417,772.82,37.8,Low
CLM0008008,0.1926,0.4137,0.6215,301.65,44.3,Medium
CLM0008009,0.0723,0.2155,0.7748,18819.96,53.0,Medium
CLM0008010,0.608,0.5199,0.6622,7492.2,50.3,Medium
CLM0008011,0.2088,0.2936,0.6375,199.86,42.0,Medium
CLM0008012,0.4309,0.5054,0.4887,1027.68,35.6,Low
CLM0008013,0.2691,0.3522,0.5185,2071.24,31.4,Low
CLM0008014,0.2264,0.3778,0.3523,847.51,32.0,Low
CLM0008015,0.2778,0.2786,0.9193,5865.17,50.4,Medium
CLM0008016,0.3472,0.5107,0.6923,11339.0,50.4,Medium
CLM0008017,0.2626,0.4842,0.4741,1512.83,32.3,Low
CLM0008018,0.309,0.4012,0.3379,2390.67,24.8,Low
CLM0008019,0.1921,0.276,0.6484,395.34,42.5,Medium
CLM0008020,0.5179,0.3104,0.4275,2257.04,39.7,Low
CLM0008021,0.0854,0.2507,0.5451,1297.33,32.2,Low
CLM0008022,0.6223,0.6045,0.2272,904.97,32.0,Low
CLM0008023,0.115,0.237,0.8185,6733.33,47.2,Medium
CLM0008024,0.5886,0.656,0.3287,601.44,29.9,Low
CLM0008025,0.5662,0.4858,0.334,747.55,29.2,Low
CLM0008026,0.1996,0.3297,0.6667,2781.54,41.7,Medium
CLM0008027,0.1475,0.3979,0.3896,1404.5,25.6,Low
CLM0008028,0.2864,0.4647,0.4323,2422.92,41.4,Medium
CLM0008029,0.1971,0.343,0.6532,393.43,41.0,Medium
CLM0008030,0.3171,0.502,0.4504,1956.93,42.2,Medium
CLM0008031,0.2236,0.4745,0.7254,6022.29,56.8,Medium
CLM0008032,0.6768,0.4733,0.2904,1536.37,34.8,Low
CLM0008033,0.072,0.1711,0.505,2734.1,33.6,Low
CLM0008034,0.2958,0.5438,0.5175,2346.13,42.5,Medium
CLM0008035,0.1967,0.3037,0.6465,235.95,34.6,Low
CLM0008036,0.085,0.2175,0.6673,20.49,41.6,Medium
CLM0008037,0.0986,0.1444,0.6463,956.14,27.6,Low
CLM0008038,0.5971,0.459,0.7406,5387.77,51.2,Medium
CLM0008039,0.5855,0.6066,0.4792,2904.92,47.1,Medium
CLM0008040,0.5554,0.4605,0.5118,1763.56,43.2,Medium
CLM0008041,0.4904,0.3782,0.7875,5572.18,44.9,Medium
CLM0008042,0.196,0.2606,0.6686,343.73,35.7,Low
CLM0008043,0.0493,0.2305,0.6347,225.44,30.5,Low
CLM0008044,0.0978,0.1896,0.8577,8898.12,44.5,Medium
CLM0008045,0.4104,0.4135,0.6629,10313.49,47.2,Medium
CLM0008046,0.1147,0.1591,0.5761,2124.23,29.9,Low
CLM0008047,0.2181,0.3213,0.6543,95.79,34.9,Low
CLM0008048,0.0973,0.2071,0.5773,227.59,28.2,Low
CLM0008049,0.2534,0.2655,0.6524,255.1,48.2,Medium
CLM0008050,0.1329,0.2509,0.5534,1682.9,36.1,Low
CLM0008051,0.1451,0.201,0.585,545.24,21.3,Low
CLM0008052,0.0455,0.198,0.6435,27.79,38.9,Low
CLM0008053,0.5895,0.5544,0.3787,973.41,40.6,Medium
CLM0008054,0.2422,0.5484,0.5163,3618.05,43.5,Medium
CLM0008055,0.2893,0.4258,0.4742,2161.0,37.7,Low
CLM0008056,0.5757,0.4502,0.501,618.99,36.5,Low
CLM0008057,0.6134,0.4522,0.192,332.18,26.9,Low
CLM0008058,0.3649,0.4862,0.455,2620.68,37.3,Low
CLM0008059,0.5776,0.451,0.6481,6538.56,40.5,Medium
CLM0008060,0.3503,0.4832,0.6659,14190.62,52.1,Medium
CLM0008061,0.0586,0.1204,0.8003,9557.34,45.3,Medium
CLM0008062,0.606,0.4498,0.3215,375.7,23.4,Low
CLM0008063,0.2563,0.3655,0.4513,1048.95,30.4,Low
CLM0008064,0.4764,0.3733,0.507,1195.0,40.3,Medium
CLM0008065,0.1173,0.2024,0.6371,287.49,36.2,Low
CLM0008066,0.6442,0.5334,0.3153,528.27,32.1,Low
CLM0008067,0.5418,0.39,0.4932,898.84,34.8,Low
CLM0008068,0.2489,0.4537,0.4122,619.53,28.3,Low
CLM0008069,0.2286,0.3604,0.6474,1220.79,27.9,Low
CLM0008070,0.1548,0.2529,0.6174,569.83,31.7,Low
CLM0008071,0.0445,0.204,0.5577,2258.95,27.1,Low
CLM0008072,0.4545,0.3807,0.637,4111.87,36.2,Low
CLM0008073,0.1548,0.2492,0.6392,242.39,39.7,Low
CLM0008074,0.0666,0.171,0.5253,1974.01,36.7,Low
CLM0008075,0.227,0.5548,0.6277,9210.84,45.7,Medium
CLM0008076,0.5655,0.4234,0.5187,898.33,40.4,Medium
CLM0008077,0.2929,0.3024,0.5482,2432.68,34.9,Low
CLM0008078,0.0836,0.2239,0.6497,169.81,28.5,Low
CLM0008079,0.5724,0.415,0.2445,302.03,30.5,Low
CLM0008080,0.2563,0.3784,0.6089,197.81,34.8,Low
CLM0008081,0.2665,0.3515,0.9151,10546.45,60.7,Medium
CLM0008082,0.0856,0.301,0.649,1487.71,29.0,Low
CLM0008083,0.167,0.2694,0.6179,253.06,42.7,Medium
CLM0008084,0.3163,0.5498,0.6335,11800.99,54.0,Medium
CLM0008085,0.6599,0.438,0.2329,412.57,16.6,Low
CLM0008086,0.223,0.4415,0.6057,1554.6,32.0,Low
CLM0008087,0.4955,0.4241,0.4444,465.6,32.2,Low
CLM0008088,0.0759,0.143,0.6414,47.7,37.6,Low
CLM0008089,0.6056,0.5301,0.64,10016.22,45.0,Medium
CLM0008090,0.1108,0.2025,0.5387,1825.26,29.9,Low
CLM0008091,0.291,0.3411,0.4994,767.19,36.4,Low
CLM0008092,0.5895,0.5588,0.6088,5106.8,51.0,Medium
CLM0008093,0.1081,0.3172,0.6552,320.1,36.2,Low
CLM0008094,0.2192,0.5471,0.3853,436.81,36.7,Low
CLM0008095,0.198,0.3735,0.6213,1261.35,45.6,Medium
CLM0008096,0.0485,0.2517,0.6444,73.75,39.0,Low
CLM0008097,0.5823,0.6109,0.5168,5927.44,44.9,Medium
CLM0008098,0.7123,0.7253,0.6239,6065.61,49.6,Medium
CLM0008099,0.1458,0.3608,0.8774,9420.9,65.7,Medium
CLM0008100,0.258,0.472,0.7059,11129.52,58.4,Medium
CLM0008101,0.0813,0.2343,0.6386,220.76,34.8,Low
CLM0008102,0.1472,0.1756,0.6166,68.11,31.8,Low
CLM0008103,0.4381,0.5578,0.7898,6490.62,61.2,Medium
CLM0008104,0.2158,0.3357,0.8717,13375.99,52.6,Medium
CLM0008105,0.2494,0.3154,0.6226,1251.61,42.3,Medium
CLM0008106,0.1135,0.2237,0.6059,136.98,36.8,Low
CLM0008107,0.3104,0.3359,0.6512,303.38,43.8,Medium
CLM0008108,0.2935,0.4318,0.4739,628.31,36.3,Low
CLM0008109,0.2254,0.3245,0.5231,923.19,29.8,Low
CLM0008110,0.1716,0.2939,0.6541,731.46,40.3,Medium
CLM0008111,0.3849,0.4368,0.6077,1724.42,45.7,Medium
CLM0008112,0.0699,0.2139,0.6301,122.29,31.7,Low
CLM0008113,0.2322,0.3829,0.6993,8745.85,46.3,Medium
CLM0008114,0.2059,0.4316,0.7969,17267.67,59.6,Medium
CLM0008115,0.1352,0.252,0.6328,198.6,33.8,Low
CLM0008116,0.257,0.4556,0.7866,5546.45,55.0,Medium
CLM0008117,0.3008,0.1962,0.669,268.44,39.6,Low
CLM0008118,0.2696,0.5498,0.7584,16354.96,66.4,Medium
CLM0008119,0.2848,0.3815,0.4778,445.45,37.5,Low
CLM0008120,0.2278,0.569,0.5425,973.39,43.6,Medium
CLM0008121,0.2105,0.4196,0.9106,7474.95,58.6,Medium
CLM0008122,0.6162,0.5525,0.5916,9923.27,59.9,Medium
CLM0008123,0.5906,0.644,0.3513,466.63,38.9,Low
CLM0008124,0.5981,0.4884,0.512,872.93,36.1,Low
CLM0008125,0.1375,0.1608,0.6362,172.05,35.1,Low
CLM0008126,0.1571,0.4144,0.6569,837.12,43.6,Medium
CLM0008127,0.5756,0.5385,0.2462,411.85,27.9,Low
CLM0008128,0.2508,0.3573,0.4218,1397.0,39.5,Low
CLM0008129,0.0821,0.2263,0.5705,733.3,32.3,Low
CLM0008130,0.6103,0.5494,0.2203,534.45,30.2,Low
CLM0008131,0.7693,0.6604,0.2668,1204.34,37.2,Low
CLM0008132,0.0725,0.2609,0.5567,541.46,34.8,Low
CLM0008133,0.2639,0.4736,0.4283,1374.3,38.6,Low
CLM0008134,0.3177,0.3661,0.4761,996.9,26.7,Low
CLM0008135,0.6648,0.5229,0.3211,895.05,28.0,Low
CLM0008136,0.1168,0.2851,0.5963,1662.16,41.7,Medium
CLM0008137,0.5692,0.5133,0.3224,552.99,25.2,Low
CLM0008138,0.4468,0.2026,0.6841,4764.42,41.5,Medium
CLM0008139,0.0761,0.1279,0.6274,1250.06,30.8,Low
CLM0008140,0.6047,0.5675,0.5459,4254.78,53.5,Medium
CLM0008141,0.2397,0.5568,0.7627,9991.63,58.3,Medium
CLM0008142,0.258,0.4517,0.4597,1383.67,36.4,Low
CLM0008143,0.3754,0.2751,0.6217,3651.08,43.4,Medium
CLM0008144,0.2694,0.3751,0.539,2335.46,34.4,Low
CLM0008145,0.6292,0.5633,0.3171,1391.17,35.1,Low
CLM0008146,0.2925,0.4671,0.4687,1002.41,37.6,Low
CLM0008147,0.3609,0.3939,0.5332,641.6,31.3,Low
CLM0008148,0.2435,0.3344,0.3666,1213.21,23.9,Low
CLM0008149,0.174,0.2926,0.5946,182.54,41.6,Medium
CLM0008150,0.2932,0.4651,0.3417,448.32,31.1,Low
CLM0008151,0.3053,0.424,0.7524,8663.55,42.7,Medium
CLM0008152,0.5597,0.5736,0.7445,4084.72,53.1,Medium
CLM0008153,0.2046,0.2196,0.6215,383.76,36.4,Low
CLM0008154,0.3068,0.4343,0.4658,1506.44,37.7,Low
CLM0008155,0.5606,0.423,0.3488,436.6,29.3,Low
CLM0008156,0.5996,0.5335,0.313,463.01,34.2,Low
CLM0008157,0.4942,0.4379,0.5118,1229.2,40.6,Medium
CLM0008158,0.2647,0.5586,0.6471,8904.03,51.5,Medium
CLM0008159,0.2242,0.4332,0.546,977.07,32.8,Low
CLM0008160,0.3076,0.4351,0.6215,3921.7,33.3,Low
CLM0008161,0.586,0.5122,0.5093,5359.21,44.2,Medium
CLM0008162,0.3262,0.5305,0.4059,778.82,36.2,Low
CLM0008163,0.1109,0.2166,0.5673,620.75,27.3,Low
CLM0008164,0.1173,0.2231,0.5304,829.42,30.3,Low
CLM0008165,0.1326,0.1968,0.795,7165.95,46.6,Medium
CLM0008166,0.1345,0.313,0.8256,9654.0,44.2,Medium
CLM0008167,0.139,0.1873,0.6367,152.19,38.1,Low
CLM0008168,0.4598,0.3623,0.4222,1885.98,29.5,Low
CLM0008169,0.2453,0.4129,0.6519,727.61,39.4,Low
CLM0008170,0.3102,0.3954,0.6431,11910.49,49.0,Medium
CLM0008171,0.2575,0.4335,0.399,426.65,26.4,Low
CLM0008172,0.1966,0.2943,0.6557,73.43,35.1,Low
CLM0008173,0.6414,0.6198,0.3575,1436.19,38.2,Low
CLM0008174,0.1411,0.2733,0.6096,623.16,41.7,Medium
CLM0008175,0.5985,0.337,0.5247,639.49,36.3,Low
CLM0008176,0.0946,0.17,0.5846,2228.92,35.8,Low
CLM0008177,0.1957,0.2183,0.5936,170.93,40.5,Medium
CLM0008178,0.2499,0.4643,0.4512,750.25,35.5,Low
CLM0008179,0.5124,0.319,0.5422,645.46,29.1,Low
CLM0008180,0.5793,0.4683,0.2196,277.69,27.6,Low
CLM0008181,0.5223,0.4655,0.5189,2433.87,40.2,Medium
CLM0008182,0.3332,0.3802,0.621,274.68,37.5,Low
CLM0008183,0.2604,0.3926,0.4734,977.4,29.2,Low
CLM0008184,0.5977,0.347,0.4953,526.5,30.8,Low
CLM0008185,0.2397,0.3751,0.3834,697.08,25.2,Low
CLM0008186,0.613,0.4871,0.2745,729.39,24.5,Low
CLM0008187,0.1634,0.2672,0.6483,208.62,36.9,Low
CLM0008188,0.5841,0.4885,0.3617,846.86,35.2,Low
CLM0008189,0.2544,0.4078,0.7563,7014.0,47.3,Medium
CLM0008190,0.1429,0.29,0.6191,737.65,29.4,Low
CLM0008191,0.6525,0.4581,0.367,1734.54,36.6,Low
CLM0008192,0.7018,0.444,0.2843,1507.26,23.5,Low
CLM0008193,0.5311,0.5663,0.6619,5922.78,52.2,Medium
CLM0008194,0.1058,0.1125,0.6007,929.9,34.8,Low
CLM0008195,0.5867,0.5967,0.6118,3803.28,49.2,Medium
CLM0008196,0.6067,0.4752,0.3674,740.55,30.6,Low
CLM0008197,0.13,0.1498,0.6035,240.35,28.8,Low
CLM0008198,0.1698,0.2135,0.6407,872.84,30.9,Low
CLM0008199,0.1458,0.2517,0.5991,6.84,38.7,Low
CLM0008200,0.1624,0.3658,0.6276,835.48,37.7,Low
CLM0008201,0.7412,0.5526,0.6833,8824.81,51.3,Medium
CLM0008202,0.2898,0.3492,0.4565,923.03,38.2,Low
CLM0008203,0.0724,0.2624,0.6827,387.72,34.7,Low
CLM0008204,0.7758,0.657,0.3545,758.4,32.5,Low
CLM0008205,0.2259,0.3063,0.6383,458.81,50.5,Medium
CLM0008206,0.0618,0.1925,0.6551,758.33,27.2,Low
CLM0008207,0.1554,0.2663,0.8857,7758.43,55.5,Medium
CLM0008208,0.1374,0.1871,0.611,788.21,37.8,Low
CLM0008209,0.5204,0.6039,0.5371,269.4,38.5,Low
CLM0008210,0.2656,0.4084,0.8835,8884.04,57.3,Medium
CLM0008211,0.1197,0.2646,0.6513,281.35,34.9,Low
CLM0008212,0.5931,0.5209,0.6568,5228.14,49.6,Medium
CLM0008213,0.0563,0.2784,0.482,1169.45,26.4,Low
CLM0008214,0.6488,0.5862,0.3204,824.1,38.6,Low
CLM0008215,0.2452,0.4273,0.7222,6383.17,50.9,Medium
CLM0008216,0.1335,0.3678,0.9212,7503.09,44.6,Medium
CLM0008217,0.2012,0.3596,0.5951,1507.51,37.1,Low
CLM0008218,0.2774,0.3753,0.6528,2332.57,33.7,Low
CLM0008219,0.1941,0.3062,0.6361,288.42,37.5,Low
CLM0008220,0.1236,0.2057,0.5475,495.47,31.9,Low
CLM0008221,0.2166,0.2592,0.6104,1274.29,39.3,Low
CLM0008222,0.6463,0.6053,0.5495,5757.18,45.0,Medium
CLM0008223,0.086,0.1959,0.5091,1353.8,31.8,Low
CLM0008224,0.3053,0.4679,0.6666,13525.23,59.7,Medium
CLM0008225,0.4717,0.3352,0.4168,698.67,20.5,Low
CLM0008226,0.2597,0.2233,0.6302,159.63,38.3,Low
CLM0008227,0.1791,0.2815,0.6819,2555.39,40.2,Medium
CLM0008228,0.4516,0.4197,0.3711,1545.72,32.8,Low
CLM0008229,0.2661,0.4084,0.3657,527.9,29.7,Low
CLM0008230,0.1311,0.2874,0.665,820.85,40.9,Medium
CLM0008231,0.0867,0.1923,0.6659,292.19,29.9,Low
CLM0008232,0.4947,0.3916,0.4431,1070.83,37.4,Low
CLM0008233,0.579,0.5508,0.3447,328.93,29.8,Low
CLM0008234,0.4661,0.3766,0.4946,964.53,40.1,Medium
CLM0008235,0.1838,0.3931,0.7018,7033.84,49.2,Medium
CLM0008236,0.0598,0.339,0.5746,2033.61,34.1,Low
CLM0008237,0.2454,0.4352,0.3801,948.09,36.8,Low
CLM0008238,0.104,0.1486,0.6565,138.22,32.1,Low
CLM0008239,0.1044,0.1401,0.5774,1652.92,29.2,Low
CLM0008240,0.129,0.3117,0.5837,1172.92,42.8,Medium
CLM0008241,0.2298,0.2762,0.6716,1116.01,35.8,Low
CLM0008242,0.1983,0.2757,0.4895,1439.13,37.2,Low
CLM0008243,0.4633,0.4264,0.4475,1327.76,34.3,Low
CLM0008244,0.5262,0.53,0.7577,6099.2,50.7,Medium
CLM0008245,0.1073,0.3031,0.6673,156.65,42.0,Medium
CLM0008246,0.0563,0.1439,0.5578,1552.47,31.1,Low
CLM0008247,0.2087,0.211,0.6488,410.68,41.0,Medium
CLM0008248,0.5535,0.4971,0.3601,629.59,27.2,Low
CLM0008249,0.1751,0.2014,0.6736,8.61,34.9,Low
CLM0008250,0.2302,0.2222,0.6172,257.26,34.0,Low
CLM0008251,0.1993,0.416,0.4605,683.45,30.9,Low
CLM0008252,0.2654,0.4629,0.7658,5599.08,52.3,Medium
CLM0008253,0.2969,0.4551,0.4189,766.21,34.1,Low
CLM0008254,0.0877,0.2335,0.5458,1790.34,29.5,Low
CLM0008255,0.3072,0.5656,0.8928,8117.52,59.8,Medium
CLM0008256,0.1926,0.3697,0.6367,38.22,34.1,Low
CLM0008257,0.5951,0.4781,0.4057,1972.9,29.1,Low
CLM0008258,0.6117,0.4309,0.3361,1841.42,29.1,Low
CLM0008259,0.1778,0.4751,0.5305,1212.35,29.1,Low
CLM0008260,0.2721,0.4127,0.3838,573.28,34.9,Low
CLM0008261,0.2902,0.5089,0.6127,8610.87,50.5,Medium
CLM0008262,0.1116,0.345,0.637,440.67,38.1,Low
CLM0008263,0.0746,0.1523,0.6319,378.3,41.0,Medium
CLM0008264,0.6261,0.4595,0.7426,12526.87,56.1,Medium
CLM0008265,0.1565,0.2326,0.6473,469.34,30.2,Low
CLM0008266,0.0717,0.2337,0.7991,4684.45,43.4,Medium
CLM0008267,0.2837,0.2883,0.6253,630.34,33.3,Low
CLM0008268,0.1366,0.4147,0.6517,1312.43,43.3,Medium
CLM0008269,0.0814,0.1109,0.6192,286.11,26.8,Low
CLM0008270,0.2138,0.4238,0.7405,5296.08,46.3,Medium
CLM0008271,0.2623,0.4779,0.7468,7128.41,59.7,Medium
CLM0008272,0.2738,0.4623,0.4821,578.38,33.7,Low
CLM0008273,0.1497,0.2187,0.5361,949.22,35.7,Low
CLM0008274,0.1197,0.3297,0.6859,2119.21,38.5,Low
CLM0008275,0.2752,0.5221,0.3674,461.23,37.8,Low
CLM0008276,0.3415,0.3509,0.6306,3412.95,41.4,Medium
CLM0008277,0.0711,0.1383,0.6959,840.47,37.2,Low
CLM0008278,0.1222,0.1991,0.5939,679.16,33.3,Low
CLM0008279,0.0401,0.2628,0.6416,1657.54,24.3,Low
CLM0008280,0.1941,0.2172,0.6297,81.59,36.6,Low
CLM0008281,0.0944,0.2303,0.8428,11397.3,49.7,Medium
CLM0008282,0.1481,0.239,0.6436,3552.68,40.3,Medium
CLM0008283,0.2448,0.3882,0.6631,991.64,37.3,Low
CLM0008284,0.2173,0.4453,0.4553,1037.75,29.8,Low
CLM0008285,0.6264,0.5888,0.2608,1082.1,32.7,Low
CLM0008286,0.284,0.4483,0.3328,437.24,30.3,Low
CLM0008287,0.2844,0.4599,0.7915,7139.1,54.5,Medium
CLM0008288,0.2733,0.3207,0.5426,390.65,38.2,Low
CLM0008289,0.8087,0.675,0.628,5533.04,56.0,Medium
CLM0008290,0.287,0.3915,0.4158,661.77,25.4,Low
CLM0008291,0.2591,0.2818,0.6395,1528.53,42.4,Medium
CLM0008292,0.2741,0.3364,0.7981,19982.66,59.4,Medium
CLM0008293,0.3719,0.3691,0.7841,4589.29,52.1,Medium
CLM0008294,0.291,0.323,0.7405,15176.44,58.2,Medium
CLM0008295,0.476,0.3487,0.5495,2031.04,37.1,Low
CLM0008296,0.1538,0.3761,0.4846,1236.77,39.9,Low
CLM0008297,0.3884,0.2953,0.438,791.34,26.3,Low
CLM0008298,0.2473,0.4419,0.372,1214.04,37.5,Low
CLM0008299,0.6173,0.621,0.2413,580.34,30.0,Low
CLM0008300,0.2429,0.4973,0.4553,441.13,38.6,Low
CLM0008301,0.069,0.3118,0.54,2764.16,33.5,Low
CLM0008302,0.251,0.4746,0.401,1780.41,34.4,Low
CLM0008303,0.2694,0.4383,0.3941,860.16,32.3,Low
CLM0008304,0.5298,0.3614,0.4195,616.08,31.1,Low
CLM0008305,0.3405,0.3457,0.6494,391.72,35.1,Low
CLM0008306,0.1011,0.263,0.5254,1790.5,32.1,Low
CLM0008307,0.479,0.325,0.8212,8460.12,40.6,Medium
CLM0008308,0.0885,0.3005,0.6094,1458.43,39.2,Low
CLM0008309,0.2928,0.3525,0.6174,369.13,41.2,Medium
CLM0008310,0.6142,0.525,0.3059,1150.61,29.1,Low
CLM0008311,0.2647,0.3685,0.3705,1193.76,31.7,Low
CLM0008312,0.0423,0.2174,0.5952,38.25,34.6,Low
CLM0008313,0.5683,0.5431,0.2528,128.54,25.8,Low
CLM0008314,0.6383,0.4546,0.6024,7844.2,41.3,Medium
CLM0008315,0.0875,0.2132,0.5209,2206.72,33.3,Low
CLM0008316,0.4723,0.357,0.454,2233.16,35.6,Low
CLM0008317,0.5407,0.4687,0.5114,621.65,36.8,Low
CLM0008318,0.2459,0.3357,0.8053,4620.07,50.4,Medium
CLM0008319,0.2512,0.3916,0.4796,257.74,28.6,Low
CLM0008320,0.1641,0.3228,0.6299,571.58,41.9,Medium
CLM0008321,0.5761,0.4491,0.5403,514.0,35.1,Low
CLM0008322,0.2561,0.2458,0.5184,911.33,39.8,Low
CLM0008323,0.615,0.6187,0.3517,1508.57,35.4,Low
CLM0008324,0.2167,0.325,0.6422,946.98,36.2,Low
CLM0008325,0.5475,0.4329,0.3685,1710.66,34.5,Low
CLM0008326,0.1525,0.2103,0.5616,1139.7,30.8,Low
CLM0008327,0.6232,0.6538,0.3303,570.12,33.0,Low
CLM0008328,0.2276,0.414,0.6505,2129.94,44.0,Medium
CLM0008329,0.1571,0.3803,0.6377,505.43,39.0,Low
CLM0008330,0.6398,0.5824,0.5972,7669.73,50.5,Medium
CLM0008331,0.2744,0.4968,0.3572,399.85,32.3,Low
CLM0008332,0.2055,0.4164,0.3783,798.38,23.7,Low
CLM0008333,0.0992,0.3526,0.6426,205.14,45.9,Medium
CLM0008334,0.1259,0.353,0.6069,422.66,37.9,Low
CLM0008335,0.2779,0.4085,0.729,3775.41,47.0,Medium
CLM0008336,0.1353,0.2307,0.6295,581.89,40.5,Medium
CLM0008337,0.1382,0.2242,0.8921,6516.07,52.8,Medium
CLM0008338,0.2213,0.3254,0.6198,122.25,35.8,Low
CLM0008339,0.2518,0.4421,0.4922,2404.84,39.6,Low
CLM0008340,0.1256,0.1572,0.6332,44.4,22.1,Low
CLM0008341,0.258,0.4176,0.4609,287.56,32.3,Low
CLM0008342,0.7645,0.6323,0.2959,1157.55,36.9,Low
CLM0008343,0.1711,0.2715,0.9018,10938.19,58.7,Medium
CLM0008344,0.1249,0.168,0.7181,286.84,32.8,Low
CLM0008345,0.3266,0.2982,0.6658,346.18,40.4,Medium
CLM0008346,0.386,0.2236,0.4136,473.49,33.4,Low
CLM0008347,0.6069,0.3975,0.361,532.09,27.9,Low
CLM0008348,0.6325,0.5688,0.6785,6054.62,49.4,Medium
CLM0008349,0.6555,0.4616,0.528,1058.57,42.0,Medium
CLM0008350,0.5576,0.4353,0.3723,190.63,32.7,Low
CLM0008351,0.5242,0.5059,0.5053,2262.53,36.6,Low
CLM0008352,0.0913,0.2307,0.6688,159.31,32.3,Low
CLM0008353,0.2315,0.3121,0.7565,5708.26,57.4,Medium
CLM0008354,0.2676,0.4145,0.4878,542.27,32.8,Low
CLM0008355,0.5946,0.5111,0.2483,942.21,29.7,Low
CLM0008356,0.0553,0.1373,0.6455,21.29,29.2,Low
CLM0008357,0.1033,0.1978,0.6132,300.85,30.0,Low
CLM0008358,0.6045,0.5182,0.8051,4929.48,53.3,Medium
CLM0008359,0.4783,0.3118,0.441,1220.64,32.7,Low
CLM0008360,0.1012,0.1672,0.6623,64.34,29.9,Low
CLM0008361,0.4228,0.3069,0.6429,108.48,33.9,Low
CLM0008362,0.1867,0.3699,0.6424,433.41,34.3,Low
CLM0008363,0.1089,0.4024,0.6573,3321.06,38.2,Low
CLM0008364,0.2877,0.4804,0.4447,929.11,37.8,Low
CLM0008365,0.3063,0.4698,0.4682,665.28,36.1,Low
CLM0008366,0.2612,0.358,0.886,10072.17,60.1,Medium
CLM0008367,0.5913,0.5177,0.6125,4428.02,45.1,Medium
CLM0008368,0.1915,0.2318,0.5788,1718.92,38.3,Low
CLM0008369,0.4577,0.2936,0.4797,534.43,37.5,Low
CLM0008370,0.1896,0.4228,0.6223,155.82,40.3,Medium
CLM0008371,0.1542,0.1551,0.7695,3826.47,42.0,Medium
CLM0008372,0.6729,0.5018,0.2111,524.24,29.1,Low
CLM0008373,0.2732,0.5197,0.4978,830.22,32.8,Low
CLM0008374,0.0961,0.3221,0.5821,438.96,44.1,Medium
CLM0008375,0.6734,0.4573,0.3659,1687.94,32.9,Low
CLM0008376,0.0738,0.1626,0.6491,191.6,33.1,Low
CLM0008377,0.6133,0.5142,0.2706,1093.91,37.5,Low
CLM0008378,0.154,0.0811,0.5108,338.39,25.3,Low
CLM0008379,0.5735,0.6067,0.5616,6352.82,50.4,Medium
CLM0008380,0.2279,0.3731,0.6451,1026.82,41.4,Medium
CLM0008381,0.2678,0.5078,0.4634,864.43,43.3,Medium
CLM0008382,0.2151,0.3606,0.4224,355.09,23.1,Low
CLM0008383,0.3188,0.5002,0.6708,1959.13,47.7,Medium
CLM0008384,0.1221,0.2101,0.6225,342.43,31.9,Low
CLM0008385,0.305,0.6596,0.7477,10350.33,64.4,Medium
CLM0008386,0.1348,0.2812,0.6349,1621.23,34.7,Low
CLM0008387,0.2803,0.3363,0.9141,8209.75,58.2,Medium
CLM0008388,0.3982,0.6665,0.7604,19709.58,64.1,Medium
CLM0008389,0.1044,0.3664,0.5478,3575.8,28.7,Low
CLM0008390,0.2855,0.2564,0.602,969.39,47.1,Medium
CLM0008391,0.1527,0.1721,0.6257,1268.16,30.3,Low
CLM0008392,0.1039,0.2488,0.6538,670.55,39.0,Low
CLM0008393,0.6004,0.4684,0.5281,12914.83,50.6,Medium
CLM0008394,0.1422,0.3317,0.5595,1496.83,35.2,Low
CLM0008395,0.1976,0.3517,0.5043,2176.66,39.7,Low
CLM0008396,0.421,0.4308,0.4944,678.31,36.8,Low
CLM0008397,0.114,0.2659,0.5293,982.69,32.9,Low
CLM0008398,0.1027,0.2523,0.6161,250.67,43.9,Medium
CLM0008399,0.482,0.2902,0.5214,1196.45,25.2,Low
CLM0008400,0.2117,0.2965,0.8796,5504.96,50.8,Medium
CLM0008401,0.088,0.2707,0.5448,2238.88,27.6,Low
CLM0008402,0.3158,0.4039,0.6807,6223.84,54.4,Medium
CLM0008403,0.118,0.1868,0.9483,5511.56,44.0,Medium
CLM0008404,0.3154,0.5085,0.3611,1781.99,37.3,Low
CLM0008405,0.1469,0.2553,0.6601,241.13,42.6,Medium
CLM0008406,0.264,0.3472,0.8116,4807.03,56.2,Medium
CLM0008407,0.4421,0.4799,0.3643,401.2,36.9,Low
CLM0008408,0.4772,0.4514,0.4224,933.64,32.0,Low
CLM0008409,0.619,0.5922,0.3537,376.9,33.0,Low
CLM0008410,0.1207,0.2203,0.5892,79.52,30.2,Low
CLM0008411,0.2473,0.3992,0.5955,825.11,37.4,Low
CLM0008412,0.2592,0.3643,0.4576,1074.03,38.3,Low
CLM0008413,0.2286,0.3841,0.5083,1311.1,33.9,Low
CLM0008414,0.5969,0.5643,0.6242,4207.04,43.3,Medium
CLM0008415,0.099,0.137,0.5969,1334.13,30.4,Low
CLM0008416,0.4004,0.4472,0.7693,5669.55,52.3,Medium
CLM0008417,0.2807,0.4842,0.7317,7860.83,55.3,Medium
CLM0008418,0.5805,0.5158,0.5225,3436.01,41.8,Medium
CLM0008419,0.1735,0.4512,0.6451,374.01,48.8,Medium
CLM0008420,0.1789,0.1963,0.6631,64.73,32.7,Low
CLM0008421,0.4748,0.3304,0.5184,409.44,32.3,Low
CLM0008422,0.628,0.586,0.6587,4923.64,48.8,Medium
CLM0008423,0.5141,0.4997,0.4012,341.5,31.9,Low
CLM0008424,0.4671,0.5788,0.3743,1160.93,34.1,Low
CLM0008425,0.0855,0.2645,0.6288,1421.76,42.2,Medium
CLM0008426,0.2107,0.2994,0.6695,68.06,41.0,Medium
CLM0008427,0.1729,0.227,0.6839,186.91,33.9,Low
CLM0008428,0.2872,0.2924,0.6737,244.45,36.2,Low
CLM0008429,0.4841,0.5539,0.4786,1407.24,35.6,Low
CLM0008430,0.2301,0.2553,0.8085,7374.68,47.9,Medium
CLM0008431,0.6234,0.5114,0.2185,267.82,26.6,Low
CLM0008432,0.2395,0.4302,0.6735,1726.26,41.3,Medium
CLM0008433,0.3205,0.4241,0.6444,6810.31,41.7,Medium
CLM0008434,0.5483,0.4275,0.3954,920.18,36.8,Low
CLM0008435,0.6751,0.5426,0.5853,5999.59,53.9,Medium
CLM0008436,0.3278,0.5055,0.7564,6042.23,53.4,Medium
CLM0008437,0.5712,0.5189,0.3855,632.0,35.6,Low
CLM0008438,0.0996,0.2273,0.6277,48.59,35.2,Low
CLM0008439,0.0918,0.2799,0.635,2485.27,38.4,Low
CLM0008440,0.1353,0.2288,0.6635,1865.28,40.0,Low
CLM0008441,0.5268,0.4651,0.6477,11035.32,48.2,Medium
CLM0008442,0.2298,0.3663,0.652,571.74,38.4,Low
CLM0008443,0.2077,0.385,0.9649,5308.06,54.7,Medium
CLM0008444,0.2317,0.4556,0.3592,571.78,29.9,Low
CLM0008445,0.609,0.4651,0.5654,7953.47,49.6,Medium
CLM0008446,0.2468,0.3568,0.5078,891.32,43.1,Medium
CLM0008447,0.6477,0.5709,0.2355,145.51,29.0,Low
CLM0008448,0.1806,0.2947,0.6158,299.58,39.7,Low
CLM0008449,0.5799,0.688,0.5754,8983.18,56.4,Medium
CLM0008450,0.0437,0.3224,0.5767,55.65,44.4,Medium
CLM0008451,0.5724,0.5277,0.8034,5846.65,54.8,Medium
CLM0008452,0.0446,0.1847,0.6283,250.65,29.8,Low
CLM0008453,0.2527,0.4242,0.7138,4098.23,43.1,Medium
CLM0008454,0.5958,0.5529,0.3576,388.09,33.4,Low
CLM0008455,0.5665,0.4485,0.3641,1062.95,33.2,Low
CLM0008456,0.0709,0.2111,0.6414,1155.55,43.3,Medium
CLM0008457,0.1378,0.2743,0.7398,9446.76,50.0,Medium
CLM0008458,0.5967,0.6173,0.5017,1922.44,43.8,Medium
CLM0008459,0.1864,0.3634,0.9405,5639.09,55.6,Medium
CLM0008460,0.0245,0.1817,0.6672,162.49,28.5,Low
CLM0008461,0.5622,0.3214,0.77,6811.37,55.2,Medium
CLM0008462,0.4045,0.2955,0.3616,1264.33,26.9,Low
CLM0008463,0.7548,0.6595,0.5116,12284.13,49.3,Medium
CLM0008464,0.5734,0.609,0.3289,525.04,33.3,Low
CLM0008465,0.2823,0.4186,0.5144,800.42,31.9,Low
CLM0008466,0.2121,0.2771,0.6112,988.01,42.5,Medium
CLM0008467,0.2879,0.4684,0.4469,571.62,37.6,Low
CLM0008468,0.5728,0.518,0.3697,1737.95,40.5,Medium
CLM0008469,0.2779,0.3857,0.6433,2748.23,42.2,Medium
CLM0008470,0.6449,0.5247,0.2433,169.8,33.3,Low
CLM0008471,0.5819,0.4917,0.4909,442.49,35.2,Low
CLM0008472,0.1763,0.3083,0.9371,7998.85,53.1,Medium
CLM0008473,0.1207,0.1602,0.6609,1328.72,29.5,Low
CLM0008474,0.2072,0.4054,0.6635,975.13,40.6,Medium
CLM0008475,0.1297,0.287,0.6043,42.16,38.8,Low
CLM0008476,0.3287,0.4413,0.4146,2380.21,37.0,Low
CLM0008477,0.279,0.3773,0.6863,17938.49,46.9,Medium
CLM0008478,0.1403,0.0818,0.6131,651.52,28.7,Low
CLM0008479,0.183,0.4313,0.6611,2102.45,37.7,Low
CLM0008480,0.3999,0.2729,0.4641,1596.95,28.6,Low
CLM0008481,0.5637,0.6199,0.3107,1073.05,31.4,Low
CLM0008482,0.6277,0.524,0.3934,1124.63,33.6,Low
CLM0008483,0.5967,0.5957,0.7818,5454.33,49.4,Medium
CLM0008484,0.465,0.453,0.4081,1167.56,25.6,Low
CLM0008485,0.1281,0.2122,0.665,53.81,31.2,Low
CLM0008486,0.1133,0.3722,0.6779,874.2,38.2,Low
CLM0008487,0.7437,0.7162,0.3555,1958.39,36.2,Low
CLM0008488,0.3214,0.3917,0.4593,1341.06,39.7,Low
CLM0008489,0.178,0.2618,0.6839,332.45,44.4,Medium
CLM0008490,0.2394,0.4388,0.6414,9175.57,39.9,Low
CLM0008491,0.1099,0.2867,0.6579,358.44,40.9,Medium
CLM0008492,0.1364,0.1894,0.6348,43.07,29.8,Low
CLM0008493,0.2782,0.4748,0.4202,299.14,27.6,Low
CLM0008494,0.2297,0.3693,0.5561,373.11,47.4,Medium
CLM0008495,0.2548,0.4817,0.7446,7125.83,57.2,Medium
CLM0008496,0.3813,0.4801,0.6292,4690.86,44.8,Medium
CLM0008497,0.1003,0.1974,0.6913,95.92,35.3,Low
CLM0008498,0.0785,0.313,0.6,36.79,40.5,Medium
CLM0008499,0.2152,0.345,0.6625,568.76,42.8,Medium
CLM0008500,0.1297,0.2434,0.66,248.65,36.4,Low
CLM0008501,0.5275,0.4148,0.7538,3798.91,58.1,Medium
CLM0008502,0.5778,0.4277,0.3941,779.6,34.1,Low
CLM0008503,0.1994,0.3143,0.6518,1405.84,39.4,Low
CLM0008504,0.2521,0.4535,0.4518,730.61,35.5,Low
CLM0008505,0.2447,0.4081,0.7183,9651.05,61.9,Medium
CLM0008506,0.1974,0.5085,0.4941,2295.39,35.3,Low
CLM0008507,0.2346,0.4259,0.3668,741.2,40.4,Medium
CLM0008508,0.1227,0.1877,0.6999,147.27,30.4,Low
CLM0008509,0.1915,0.2874,0.7891,10916.18,47.4,Medium
CLM0008510,0.1357,0.1865,0.6163,197.67,30.3,Low
CLM0008511,0.1444,0.2001,0.6419,163.92,30.8,Low
CLM0008512,0.2202,0.1829,0.6411,203.01,33.3,Low
CLM0008513,0.2521,0.3525,0.3749,629.25,32.4,Low
CLM0008514,0.2593,0.4801,0.3711,2219.69,28.2,Low
CLM0008515,0.1936,0.1096,0.4981,2206.23,33.0,Low
CLM0008516,0.2316,0.5207,0.5305,1020.25,39.1,Low
CLM0008517,0.7486,0.6428,0.2829,458.45,29.8,Low
CLM0008518,0.1244,0.1316,0.6677,481.3,30.2,Low
CLM0008519,0.2586,0.5284,0.7536,7290.77,50.1,Medium
CLM0008520,0.3056,0.5035,0.6991,16656.18,68.0,Medium
CLM0008521,0.7685,0.6302,0.25,1000.15,40.2,Medium
CLM0008522,0.2514,0.413,0.6263,877.31,43.1,Medium
CLM0008523,0.1612,0.3901,0.6579,223.54,41.2,Medium
CLM0008524,0.1582,0.3191,0.6917,894.65,46.4,Medium
CLM0008525,0.085,0.2268,0.6308,236.85,40.8,Medium
CLM0008526,0.2454,0.4533,0.3646,726.46,36.0,Low
CLM0008527,0.257,0.3904,0.5163,1713.35,36.8,Low
CLM0008528,0.2565,0.2904,0.4368,213.17,21.6,Low
CLM0008529,0.5813,0.5776,0.2893,588.71,29.9,Low
CLM0008530,0.572,0.4504,0.3349,744.72,40.7,Medium
CLM0008531,0.166,0.2782,0.6317,199.23,32.3,Low
CLM0008532,0.2755,0.5666,0.4034,1192.25,34.6,Low
CLM0008533,0.1628,0.2217,0.7882,9398.76,53.5,Medium
CLM0008534,0.1585,0.3284,0.6335,78.49,42.6,Medium
CLM0008535,0.5829,0.4039,0.4159,265.26,29.4,Low
CLM0008536,0.177,0.4725,0.4738,1357.7,42.5,Medium
CLM0008537,0.4566,0.3418,0.4335,963.0,27.8,Low
CLM0008538,0.1016,0.1987,0.6516,296.53,32.9,Low
CLM0008539,0.1501,0.2272,0.6309,588.73,32.7,Low
CLM0008540,0.1454,0.2636,0.6398,192.21,34.1,Low
CLM0008541,0.0856,0.2871,0.6271,202.55,33.8,Low
CLM0008542,0.2327,0.4633,0.5231,1466.26,36.0,Low
CLM0008543,0.5213,0.3144,0.465,1513.92,32.6,Low
CLM0008544,0.2575,0.4056,0.8956,12668.42,59.5,Medium
CLM0008545,0.2824,0.3789,0.4675,850.91,32.2,Low
CLM0008546,0.572,0.4507,0.3128,742.92,32.5,Low
CLM0008547,0.2694,0.5044,0.4017,1082.57,35.7,Low
CLM0008548,0.2623,0.4884,0.3798,1064.07,26.8,Low
CLM0008549,0.267,0.4516,0.5009,475.53,37.9,Low
CLM0008550,0.1838,0.2024,0.5817,87.43,30.4,Low
CLM0008551,0.247,0.2742,0.5477,534.37,27.7,Low
CLM0008552,0.2497,0.4288,0.3719,434.95,31.5,Low
CLM0008553,0.3975,0.4142,0.8622,14886.02,70.0,Medium
CLM0008554,0.1151,0.1696,0.6624,1796.96,35.4,Low
CLM0008555,0.5273,0.3675,0.4948,2310.94,33.8,Low
CLM0008556,0.232,0.2833,0.6066,364.66,45.2,Medium
CLM0008557,0.606,0.4587,0.3595,298.51,38.6,Low
CLM0008558,0.2519,0.1665,0.5467,806.31,40.4,Medium
CLM0008559,0.2219,0.3034,0.6562,416.55,39.7,Low
CLM0008560,0.5545,0.4581,0.6063,12810.92,54.8,Medium
CLM0008561,0.6252,0.6235,0.5418,3420.94,42.7,Medium
CLM0008562,0.1068,0.1679,0.6121,696.1,31.5,Low
CLM0008563,0.5604,0.4729,0.426,497.05,30.0,Low
CLM0008564,0.5821,0.476,0.3273,929.7,33.3,Low
CLM0008565,0.5958,0.5477,0.2714,772.58,30.3,Low
CLM0008566,0.2494,0.4938,0.4662,1536.61,41.6,Medium
CLM0008567,0.8086,0.6341,0.2904,1512.15,33.6,Low
CLM0008568,0.2521,0.5671,0.7293,5015.87,56.5,Medium
CLM0008569,0.1568,0.3134,0.6821,346.85,42.7,Medium
CLM0008570,0.6009,0.5753,0.3233,778.25,29.1,Low
CLM0008571,0.4188,0.2566,0.673,11223.69,48.4,Medium
CLM0008572,0.2005,0.3147,0.6003,1524.19,38.0,Low
CLM0008573,0.1899,0.2962,0.6632,1263.3,41.1,Medium
CLM0008574,0.2801,0.4431,0.3803,616.23,33.5,Low
CLM0008575,0.2988,0.3942,0.7151,9526.94,52.9,Medium
CLM0008576,0.0999,0.1711,0.6152,46.26,33.5,Low
CLM0008577,0.2927,0.4005,0.5065,1026.15,38.4,Low
CLM0008578,0.2236,0.4225,0.5672,1082.74,34.8,Low
CLM0008579,0.6221,0.6211,0.5871,19586.09,72.6,High
CLM0008580,0.2674,0.3741,0.4499,144.84,39.1,Low
CLM0008581,0.6118,0.5608,0.6056,3487.15,43.8,Medium
CLM0008582,0.1318,0.1262,0.6182,22.19,31.0,Low
CLM0008583,0.1618,0.3601,0.6575,1315.53,44.5,Medium
CLM0008584,0.2153,0.3821,0.6028,1490.5,39.6,Low
CLM0008585,0.619,0.4981,0.4118,1592.12,31.9,Low
CLM0008586,0.194,0.1661,0.5012,859.86,37.3,Low
CLM0008587,0.6046,0.5852,0.6323,5993.82,51.4,Medium
CLM0008588,0.2856,0.5828,0.4822,1461.06,41.2,Medium
CLM0008589,0.2506,0.4507,0.4822,338.16,38.2,Low
CLM0008590,0.2397,0.4908,0.8255,8839.33,58.7,Medium
CLM0008591,0.0827,0.2431,0.6511,230.57,33.2,Low
CLM0008592,0.7688,0.6267,0.2816,538.03,38.7,Low
CLM0008593,0.0586,0.2552,0.6822,491.14,36.5,Low
CLM0008594,0.229,0.4855,0.4622,2574.12,37.6,Low
CLM0008595,0.6261,0.4786,0.3776,1280.5,27.5,Low
CLM0008596,0.5819,0.5361,0.5331,5793.08,41.8,Medium
CLM0008597,0.2891,0.4093,0.3427,267.55,29.3,Low
CLM0008598,0.2462,0.3568,0.6037,199.14,33.8,Low
CLM0008599,0.5514,0.3786,0.6585,3453.12,38.4,Low
CLM0008600,0.1478,0.226,0.8524,8545.62,51.3,Medium
CLM0008601,0.2627,0.3747,0.7132,4878.24,47.8,Medium
CLM0008602,0.5408,0.4648,0.5277,1422.42,37.8,Low
CLM0008603,0.2788,0.4772,0.4618,224.35,28.8,Low
CLM0008604,0.1641,0.273,0.7833,10035.27,50.4,Medium
CLM0008605,0.2631,0.4097,0.6331,1187.36,31.8,Low
CLM0008606,0.6001,0.4292,0.5247,1788.23,41.7,Medium
CLM0008607,0.2237,0.3725,0.5675,2002.6,36.0,Low
CLM0008608,0.2378,0.3598,0.3877,1367.31,27.0,Low
CLM0008609,0.1298,0.2015,0.6402,320.25,31.4,Low
CLM0008610,0.3357,0.5778,0.4696,1073.65,38.5,Low
CLM0008611,0.5869,0.5643,0.5032,10257.21,49.3,Medium
CLM0008612,0.5924,0.5288,0.5134,5864.08,47.3,Medium
CLM0008613,0.2697,0.5377,0.466,1058.38,41.1,Medium
CLM0008614,0.1287,0.1266,0.6768,121.49,41.2,Medium
CLM0008615,0.2656,0.4039,0.5403,2476.45,40.1,Medium
CLM0008616,0.1261,0.0928,0.836,10095.59,47.6,Medium
CLM0008617,0.5957,0.4215,0.3564,291.08,28.8,Low
CLM0008618,0.6277,0.5902,0.6346,25845.56,58.7,Medium
CLM0008619,0.0667,0.2836,0.6655,244.45,40.7,Medium
CLM0008620,0.2383,0.3921,0.3847,1573.29,33.5,Low
CLM0008621,0.3248,0.4011,0.4863,600.43,28.1,Low
CLM0008622,0.2045,0.1736,0.6592,341.16,36.1,Low
CLM0008623,0.0933,0.22,0.5307,1457.2,32.7,Low
CLM0008624,0.2109,0.2418,0.6068,682.47,34.2,Low
CLM0008625,0.2898,0.4125,0.7398,13018.76,56.1,Medium
CLM0008626,0.0997,0.1514,0.4907,243.86,32.4,Low
CLM0008627,0.1475,0.0967,0.6326,55.83,34.9,Low
CLM0008628,0.3953,0.3392,0.6663,9180.24,56.3,Medium
CLM0008629,0.2512,0.3889,0.5083,1107.24,33.7,Low
CLM0008630,0.6175,0.5034,0.3491,1249.12,37.5,Low
CLM0008631,0.4371,0.2768,0.7918,5924.25,48.6,Medium
CLM0008632,0.0939,0.2317,0.6147,419.1,27.7,Low
CLM0008633,0.5961,0.5455,0.491,578.82,38.7,Low
CLM0008634,0.0225,0.2882,0.6373,202.49,39.2,Low
CLM0008635,0.0817,0.1198,0.6238,1054.42,31.4,Low
CLM0008636,0.1565,0.2758,0.6622,772.25,35.2,Low
CLM0008637,0.0922,0.2278,0.5354,1171.95,37.0,Low
CLM0008638,0.0953,0.1477,0.5761,663.54,37.8,Low
CLM0008639,0.2869,0.3689,0.3619,192.1,23.4,Low
CLM0008640,0.2417,0.4605,0.3636,874.66,29.7,Low
CLM0008641,0.5655,0.5086,0.5548,395.78,33.8,Low
CLM0008642,0.1054,0.1853,0.5738,3152.55,29.7,Low
CLM0008643,0.0518,0.2331,0.6645,84.58,42.9,Medium
CLM0008644,0.366,0.2601,0.5144,1766.36,33.4,Low
CLM0008645,0.2351,0.4438,0.4381,641.03,31.3,Low
CLM0008646,0.3331,0.4491,0.4498,2096.5,39.4,Low
CLM0008647,0.6227,0.6468,0.5341,4098.14,39.6,Low
CLM0008648,0.1416,0.2247,0.6677,339.14,36.9,Low
CLM0008649,0.2149,0.3975,0.6649,88.55,44.7,Medium
CLM0008650,0.2607,0.376,0.4774,1661.03,34.0,Low
CLM0008651,0.0657,0.1611,0.6323,166.51,35.1,Low
CLM0008652,0.2305,0.3411,0.6169,203.7,39.0,Low
CLM0008653,0.2717,0.42,0.4459,2281.18,33.1,Low
CLM0008654,0.0895,0.123,0.5249,508.5,32.6,Low
CLM0008655,0.1288,0.1835,0.5093,1927.37,31.6,Low
CLM0008656,0.2884,0.4103,0.487,1029.88,39.8,Low
CLM0008657,0.0742,0.1768,0.8997,9821.6,46.5,Medium
CLM0008658,0.6267,0.4798,0.3939,993.11,32.6,Low
CLM0008659,0.2627,0.293,0.822,4403.98,43.1,Medium
CLM0008660,0.221,0.299,0.4536,748.37,30.2,Low
CLM0008661,0.2321,0.2035,0.5503,929.35,40.8,Medium
CLM0008662,0.2466,0.5489,0.4028,207.79,34.5,Low
CLM0008663,0.2636,0.4647,0.3819,1901.84,25.9,Low
CLM0008664,0.5779,0.5865,0.2937,422.02,28.8,Low
CLM0008665,0.283,0.3069,0.8288,6067.3,45.9,Medium
CLM0008666,0.2897,0.4045,0.7373,6646.75,46.7,Medium
CLM0008667,0.2117,0.3486,0.6002,4631.33,43.6,Medium
CLM0008668,0.5433,0.4472,0.4476,2168.37,39.1,Low
CLM0008669,0.3197,0.3989,0.4573,1524.52,33.6,Low
CLM0008670,0.2069,0.5292,0.5663,1349.45,44.3,Medium
CLM0008671,0.135,0.288,0.8926,21807.29,59.4,Medium
CLM0008672,0.2492,0.3276,0.517,984.15,35.4,Low
CLM0008673,0.2302,0.3462,0.5222,572.52,40.8,Medium
CLM0008674,0.2147,0.6428,0.4903,899.25,45.9,Medium
CLM0008675,0.2261,0.339,0.6779,101.06,42.0,Medium
CLM0008676,0.2758,0.4588,0.7399,6890.55,50.8,Medium
CLM0008677,0.118,0.2586,0.5306,876.96,27.0,Low
CLM0008678,0.2951,0.2458,0.91,8566.49,55.9,Medium
CLM0008679,0.5099,0.335,0.4398,672.43,40.0,Low
CLM0008680,0.1621,0.2139,0.5743,2587.19,35.9,Low
CLM0008681,0.1411,0.2633,0.6354,157.07,42.0,Medium
CLM0008682,0.6445,0.5845,0.6287,5959.69,58.1,Medium
CLM0008683,0.0984,0.1762,0.6224,215.31,36.7,Low
CLM0008684,0.4405,0.3949,0.4395,1892.64,29.6,Low
CLM0008685,0.5231,0.4445,0.5039,2416.87,40.0,Low
CLM0008686,0.5914,0.568,0.3267,2084.49,35.7,Low
CLM0008687,0.4139,0.3,0.7459,6370.72,47.2,Medium
CLM0008688,0.1229,0.2851,0.621,225.22,38.9,Low
CLM0008689,0.1018,0.0909,0.7565,6392.01,44.2,Medium
CLM0008690,0.0935,0.2412,0.6882,117.04,37.3,Low
CLM0008691,0.6302,0.5239,0.3646,1002.23,34.5,Low
CLM0008692,0.1339,0.3442,0.6668,59.77,37.1,Low
CLM0008693,0.6105,0.5045,0.2483,1214.66,32.0,Low
CLM0008694,0.1907,0.2499,0.5958,759.42,36.0,Low
CLM0008695,0.0964,0.2101,0.6008,835.61,30.8,Low
CLM0008696,0.2734,0.4782,0.3996,1847.98,34.2,Low
CLM0008697,0.2572,0.4076,0.6691,801.23,38.3,Low
CLM0008698,0.1138,0.2377,0.546,2637.71,31.9,Low
CLM0008699,0.3452,0.3819,0.472,1177.98,39.2,Low
CLM0008700,0.2114,0.3752,0.4894,1564.95,32.5,Low
CLM0008701,0.2361,0.3825,0.474,878.47,24.8,Low
CLM0008702,0.1609,0.301,0.6415,2653.43,33.6,Low
CLM0008703,0.2999,0.4126,0.4812,1815.63,36.0,Low
CLM0008704,0.2469,0.3579,0.3605,1050.03,25.5,Low
CLM0008705,0.1204,0.2131,0.6199,1083.21,38.2,Low
CLM0008706,0.2548,0.4105,0.3763,437.12,35.7,Low
CLM0008707,0.1107,0.3475,0.6408,1036.87,40.6,Medium
CLM0008708,0.5359,0.5443,0.5278,3498.02,40.0,Low
CLM0008709,0.2637,0.2379,0.5403,2906.3,39.7,Low
CLM0008710,0.4272,0.6263,0.4353,1417.33,39.9,Low
CLM0008711,0.1545,0.1597,0.6227,720.33,31.6,Low
CLM0008712,0.2321,0.2619,0.9528,5453.27,51.4,Medium
CLM0008713,0.2128,0.3233,0.6306,182.78,39.1,Low
CLM0008714,0.3993,0.5335,0.428,1275.33,37.6,Low
CLM0008715,0.2454,0.4848,0.4815,2137.74,45.0,Medium
CLM0008716,0.2193,0.3251,0.6514,61.31,44.0,Medium
CLM0008717,0.2392,0.2338,0.6796,605.29,32.8,Low
CLM0008718,0.1277,0.3081,0.6108,373.8,37.2,Low
CLM0008719,0.249,0.309,0.6015,2264.61,41.2,Medium
CLM0008720,0.6275,0.5747,0.2761,148.18,24.3,Low
CLM0008721,0.1061,0.2434,0.6387,671.18,33.3,Low
CLM0008722,0.223,0.6089,0.6813,15593.62,66.9,Medium
CLM0008723,0.1358,0.207,0.6481,322.86,36.6,Low
CLM0008724,0.1184,0.2239,0.6484,203.8,37.4,Low
CLM0008725,0.2505,0.3717,0.5655,1172.81,35.4,Low
CLM0008726,0.2723,0.435,0.7528,23579.72,60.2,Medium
CLM0008727,0.2605,0.3939,0.3633,319.41,24.6,Low
CLM0008728,0.2601,0.4384,0.3968,728.52,32.8,Low
CLM0008729,0.2662,0.3808,0.4815,1443.1,25.0,Low
CLM0008730,0.2268,0.385,0.5935,94.3,46.5,Medium
CLM0008731,0.1915,0.3935,0.5153,560.21,37.6,Low
CLM0008732,0.2212,0.3694,0.6376,262.41,35.3,Low
CLM0008733,0.3016,0.4272,0.4569,1371.24,43.4,Medium
CLM0008734,0.1484,0.2187,0.6165,3121.79,44.9,Medium
CLM0008735,0.5961,0.6531,0.2461,324.11,38.0,Low
CLM0008736,0.2507,0.2864,0.5188,771.6,43.5,Medium
CLM0008737,0.0891,0.2701,0.5787,647.54,36.8,Low
CLM0008738,0.097,0.21,0.5825,1635.38,31.2,Low
CLM0008739,0.1214,0.2602,0.6507,563.54,40.3,Medium
CLM0008740,0.2256,0.4715,0.5066,837.48,37.0,Low
CLM0008741,0.1947,0.3655,0.683,69.14,45.5,Medium
CLM0008742,0.1803,0.1928,0.6089,377.45,37.2,Low
CLM0008743,0.0967,0.2169,0.8089,6708.33,45.1,Medium
CLM0008744,0.1164,0.1496,0.555,274.54,25.6,Low
CLM0008745,0.1335,0.1459,0.537,3019.25,38.8,Low
CLM0008746,0.2891,0.4864,0.7114,9807.03,54.0,Medium
CLM0008747,0.0619,0.1601,0.6444,110.49,26.2,Low
CLM0008748,0.2829,0.5083,0.5007,3260.33,44.3,Medium
CLM0008749,0.1931,0.2784,0.5118,633.2,34.1,Low
CLM0008750,0.638,0.5173,0.2613,173.54,20.0,Low
CLM0008751,0.2821,0.4074,0.4675,451.88,32.4,Low
CLM0008752,0.173,0.2111,0.5504,1476.08,32.5,Low
CLM0008753,0.1167,0.3707,0.5891,3343.15,40.1,Medium
CLM0008754,0.1054,0.3072,0.8184,10995.7,60.2,Medium
CLM0008755,0.548,0.6051,0.4539,2279.6,39.0,Low
CLM0008756,0.1226,0.2483,0.6602,113.64,41.3,Medium
CLM0008757,0.6132,0.6084,0.6532,27795.51,67.2,Medium
CLM0008758,0.1942,0.258,0.6478,60.74,37.9,Low
CLM0008759,0.2246,0.4615,0.4521,372.99,34.6,Low
CLM0008760,0.6476,0.5632,0.3484,175.3,37.7,Low
CLM0008761,0.1528,0.3182,0.6703,611.08,29.8,Low
CLM0008762,0.131,0.1434,0.9126,4794.57,50.3,Medium
CLM0008763,0.1531,0.264,0.6417,43.97,42.9,Medium
CLM0008764,0.0902,0.1998,0.5468,2208.32,32.0,Low
CLM0008765,0.1146,0.2849,0.6246,1873.87,40.2,Medium
CLM0008766,0.6091,0.5136,0.3669,445.03,28.8,Low
CLM0008767,0.3259,0.4982,0.5868,9084.3,50.6,Medium
CLM0008768,0.2959,0.3594,0.4599,457.16,32.9,Low
CLM0008769,0.2862,0.4908,0.3562,1230.94,28.0,Low
CLM0008770,0.4094,0.4279,0.4294,575.8,26.6,Low
CLM0008771,0.3923,0.2778,0.6828,6171.71,49.2,Medium
CLM0008772,0.2489,0.3796,0.885,4972.06,53.7,Medium
CLM0008773,0.2581,0.3176,0.9057,7473.85,56.4,Medium
CLM0008774,0.1997,0.4286,0.6131,454.32,41.0,Medium
CLM0008775,0.3027,0.47,0.6472,9825.77,55.5,Medium
CLM0008776,0.0458,0.2283,0.5428,1106.17,39.4,Low
CLM0008777,0.6876,0.7551,0.5666,4580.84,53.2,Medium
CLM0008778,0.5702,0.4808,0.2506,635.43,23.4,Low
CLM0008779,0.2603,0.364,0.522,2112.15,36.5,Low
CLM0008780,0.6057,0.5001,0.237,231.37,30.6,Low
CLM0008781,0.6074,0.4415,0.4828,2609.24,36.6,Low
CLM0008782,0.0914,0.3808,0.6656,941.16,40.7,Medium
CLM0008783,0.3784,0.5115,0.5979,12684.64,58.2,Medium
CLM0008784,0.3481,0.3498,0.4513,783.22,35.5,Low
CLM0008785,0.2166,0.3636,0.5266,1892.14,37.0,Low
CLM0008786,0.279,0.4504,0.4476,544.06,37.4,Low
CLM0008787,0.1381,0.1568,0.6324,171.24,34.8,Low
CLM0008788,0.6362,0.5005,0.325,701.73,39.4,Low
CLM0008789,0.1156,0.3327,0.6358,256.72,38.1,Low
CLM0008790,0.2336,0.4202,0.9273,28962.66,66.7,Medium
CLM0008791,0.2003,0.2772,0.6235,167.22,29.0,Low
CLM0008792,0.267,0.4494,0.7521,7267.78,53.4,Medium
CLM0008793,0.2389,0.4346,0.6301,777.15,44.6,Medium
CLM0008794,0.213,0.3863,0.4868,454.98,33.1,Low
CLM0008795,0.2632,0.5269,0.6283,7430.08,52.1,Medium
CLM0008796,0.5844,0.6419,0.5702,24410.32,67.7,Medium
CLM0008797,0.0877,0.1791,0.5152,1124.0,31.6,Low
CLM0008798,0.697,0.5596,0.7435,7393.06,54.5,Medium
CLM0008799,0.0899,0.3677,0.6312,1450.74,44.6,Medium
CLM0008800,0.5778,0.5914,0.5962,5559.54,46.2,Medium
CLM0008801,0.6474,0.4915,0.2627,843.17,24.2,Low
CLM0008802,0.1205,0.3441,0.4997,1067.68,34.1,Low
CLM0008803,0.5287,0.4334,0.4416,726.75,29.1,Low
CLM0008804,0.583,0.6103,0.6015,3614.58,39.7,Low
CLM0008805,0.1298,0.305,0.5216,1462.13,36.6,Low
CLM0008806,0.6474,0.5925,0.6257,2897.87,48.9,Medium
CLM0008807,0.5708,0.6143,0.3601,691.26,39.0,Low
CLM0008808,0.2169,0.4193,0.9358,7646.01,56.3,Medium
CLM0008809,0.5433,0.4116,0.7005,5622.97,41.8,Medium
CLM0008810,0.2304,0.178,0.6583,86.0,44.0,Medium
CLM0008811,0.1063,0.2575,0.6411,4.53,35.6,Low
CLM0008812,0.2408,0.4376,0.4748,1798.18,33.1,Low
CLM0008813,0.1629,0.1765,0.7772,4242.01,53.8,Medium
CLM0008814,0.2216,0.3876,0.4926,379.95,33.8,Low
CLM0008815,0.2298,0.3149,0.608,1085.79,38.5,Low
CLM0008816,0.5953,0.5356,0.2391,1551.52,32.8,Low
CLM0008817,0.2865,0.4448,0.4019,659.38,28.1,Low
CLM0008818,0.2588,0.543,0.7418,4740.37,50.9,Medium
CLM0008819,0.4544,0.2589,0.3647,1840.1,23.4,Low
CLM0008820,0.2998,0.4106,0.4116,1143.68,38.0,Low
CLM0008821,0.5112,0.5339,0.3351,368.11,32.4,Low
CLM0008822,0.1559,0.2519,0.6501,160.75,43.0,Medium
CLM0008823,0.335,0.412,0.4844,776.39,28.6,Low
CLM0008824,0.1622,0.3088,0.6781,2704.0,37.5,Low
CLM0008825,0.2774,0.2942,0.6954,1915.89,33.6,Low
CLM0008826,0.0678,0.2986,0.9245,8174.42,57.6,Medium
CLM0008827,0.226,0.3312,0.5047,2315.33,33.6,Low
CLM0008828,0.5832,0.4741,0.3608,1582.77,34.9,Low
CLM0008829,0.1935,0.4408,0.4182,2042.56,35.0,Low
CLM0008830,0.1536,0.2012,0.6458,7.49,33.2,Low
CLM0008831,0.3057,0.418,0.4919,917.03,35.7,Low
CLM0008832,0.2706,0.3939,0.7213,4877.65,46.4,Medium
CLM0008833,0.126,0.236,0.636,621.26,33.0,Low
CLM0008834,0.2294,0.477,0.6045,166.08,45.8,Medium
CLM0008835,0.1246,0.1735,0.6507,1765.13,38.0,Low
CLM0008836,0.1739,0.2185,0.7731,5064.95,44.8,Medium
CLM0008837,0.3042,0.421,0.7174,6669.75,45.1,Medium
CLM0008838,0.2439,0.3327,0.5454,657.95,31.1,Low
CLM0008839,0.2841,0.3864,0.3921,1140.66,40.3,Medium
CLM0008840,0.4279,0.2962,0.3735,885.19,33.6,Low
CLM0008841,0.6351,0.4909,0.3137,1710.44,38.1,Low
CLM0008842,0.6436,0.5787,0.3935,391.12,31.6,Low
CLM0008843,0.2699,0.3938,0.4537,1198.76,32.3,Low
CLM0008844,0.0895,0.1773,0.642,1563.32,39.3,Low
CLM0008845,0.5831,0.546,0.4831,7173.89,50.2,Medium
CLM0008846,0.0891,0.2067,0.5629,234.89,34.3,Low
CLM0008847,0.0463,0.0724,0.5405,389.66,29.4,Low
CLM0008848,0.3064,0.4669,0.6315,16230.25,54.2,Medium
CLM0008849,0.2125,0.4013,0.4132,163.75,32.3,Low
CLM0008850,0.2146,0.4647,0.6723,157.97,48.4,Medium
CLM0008851,0.1269,0.2562,0.6335,157.39,33.1,Low
CLM0008852,0.2068,0.352,0.7069,716.62,47.3,Medium
CLM0008853,0.113,0.1967,0.8084,7075.21,43.3,Medium
CLM0008854,0.4335,0.5201,0.4929,503.68,43.8,Medium
CLM0008855,0.1501,0.3197,0.6087,41.77,34.0,Low
CLM0008856,0.6333,0.5031,0.3263,1239.83,38.6,Low
CLM0008857,0.3351,0.4006,0.7135,9373.03,45.6,Medium
CLM0008858,0.5925,0.5878,0.3553,407.8,32.0,Low
CLM0008859,0.2901,0.3908,0.6429,684.92,36.5,Low
CLM0008860,0.1089,0.1427,0.5858,1643.36,33.8,Low
CLM0008861,0.2499,0.4522,0.3535,589.76,29.0,Low
CLM0008862,0.1675,0.3211,0.6571,1293.75,42.9,Medium
CLM0008863,0.4384,0.3163,0.6752,7207.93,45.1,Medium
CLM0008864,0.2449,0.3398,0.6513,133.31,48.5,Medium
CLM0008865,0.2418,0.4598,0.7292,12230.04,56.5,Medium
CLM0008866,0.5916,0.5376,0.3386,2055.6,35.4,Low
CLM0008867,0.6233,0.4733,0.2532,436.43,27.9,Low
CLM0008868,0.114,0.2158,0.6285,368.06,34.8,Low
CLM0008869,0.1154,0.344,0.6065,3581.73,37.4,Low
CLM0008870,0.2623,0.3349,0.5393,1710.81,44.5,Medium
CLM0008871,0.204,0.4377,0.3818,647.28,33.5,Low
CLM0008872,0.2724,0.3,0.6604,206.24,36.6,Low
CLM0008873,0.1691,0.4094,0.6384,110.87,43.1,Medium
CLM0008874,0.2878,0.4705,0.5669,5791.83,46.5,Medium
CLM0008875,0.2154,0.2922,0.6262,426.74,40.2,Medium
CLM0008876,0.2497,0.4142,0.4814,1886.99,34.6,Low
CLM0008877,0.3004,0.4754,0.4994,1146.38,37.8,Low
CLM0008878,0.3979,0.2732,0.6499,108.82,38.6,Low
CLM0008879,0.2722,0.4111,0.7537,9313.13,60.4,Medium
CLM0008880,0.2384,0.4476,0.6476,3964.01,46.9,Medium
CLM0008881,0.6777,0.4823,0.444,1905.27,45.7,Medium
CLM0008882,0.1773,0.395,0.6267,1155.38,44.4,Medium
CLM0008883,0.6312,0.5401,0.3341,684.28,35.9,Low
CLM0008884,0.2982,0.3894,0.7547,17399.37,55.7,Medium
CLM0008885,0.1367,0.3361,0.6045,639.75,34.1,Low
CLM0008886,0.3274,0.4191,0.5141,565.49,34.2,Low
CLM0008887,0.087,0.2278,0.6023,157.94,40.5,Medium
CLM0008888,0.5401,0.4591,0.4347,442.25,36.8,Low
CLM0008889,0.103,0.2253,0.6872,213.53,41.8,Medium
CLM0008890,0.1387,0.287,0.6308,501.76,32.7,Low
CLM0008891,0.1975,0.3222,0.6351,549.41,34.2,Low
CLM0008892,0.6081,0.5162,0.2475,793.91,26.3,Low
CLM0008893,0.0804,0.2226,0.8099,5994.99,44.3,Medium
CLM0008894,0.12,0.2375,0.5894,749.2,30.8,Low
CLM0008895,0.588,0.5504,0.6217,4355.1,49.1,Medium
CLM0008896,0.1593,0.238,0.5661,2690.49,33.7,Low
CLM0008897,0.448,0.5918,0.3585,2020.71,32.4,Low
CLM0008898,0.086,0.1062,0.559,920.6,21.7,Low
CLM0008899,0.2306,0.3911,0.6609,250.97,40.7,Medium
CLM0008900,0.1196,0.1563,0.5143,1218.69,22.3,Low
CLM0008901,0.3014,0.4661,0.4399,516.63,38.5,Low
CLM0008902,0.1428,0.2215,0.8038,6803.14,54.8,Medium
CLM0008903,0.5879,0.5848,0.2603,1554.64,28.9,Low
CLM0008904,0.3031,0.4485,0.4988,1147.97,37.1,Low
CLM0008905,0.2349,0.4014,0.9369,8228.62,53.9,Medium
CLM0008906,0.575,0.5445,0.3889,343.0,32.4,Low
CLM0008907,0.2089,0.3293,0.6501,276.49,38.7,Low
CLM0008908,0.5701,0.4838,0.4743,1274.85,37.1,Low
CLM0008909,0.5665,0.4546,0.3636,367.95,29.1,Low
CLM0008910,0.2525,0.4377,0.8425,13983.09,55.4,Medium
CLM0008911,0.5729,0.5819,0.302,730.9,30.6,Low
CLM0008912,0.255,0.3438,0.3927,356.47,36.0,Low
CLM0008913,0.1412,0.1597,0.653,248.64,38.6,Low
CLM0008914,0.1815,0.193,0.6154,508.39,39.1,Low
CLM0008915,0.6188,0.6787,0.318,871.11,30.6,Low
CLM0008916,0.3968,0.3398,0.4931,2569.88,26.7,Low
CLM0008917,0.2587,0.3008,0.6852,148.17,36.8,Low
CLM0008918,0.5038,0.3589,0.497,985.29,31.5,Low
CLM0008919,0.2696,0.3348,0.5424,433.69,29.3,Low
CLM0008920,0.5408,0.4064,0.4736,1390.36,36.7,Low
CLM0008921,0.6086,0.5653,0.6292,8520.23,46.4,Medium
CLM0008922,0.6172,0.6432,0.337,957.65,39.0,Low
CLM0008923,0.1428,0.2252,0.914,7203.47,50.7,Medium
CLM0008924,0.2454,0.3628,0.6619,4823.64,39.9,Low
CLM0008925,0.1108,0.2361,0.6643,304.73,36.7,Low
CLM0008926,0.2048,0.4181,0.6226,14172.11,55.0,Medium
CLM0008927,0.7973,0.5387,0.7923,4515.33,54.8,Medium
CLM0008928,0.2385,0.3176,0.603,1560.56,33.9,Low
CLM0008929,0.6972,0.4877,0.6037,6692.5,53.8,Medium
CLM0008930,0.3249,0.4023,0.4363,996.09,31.3,Low
CLM0008931,0.2484,0.4868,0.7347,5604.02,48.4,Medium
CLM0008932,0.1037,0.1603,0.638,0.36,33.7,Low
CLM0008933,0.1589,0.3369,0.624,2695.4,46.6,Medium
CLM0008934,0.2366,0.2618,0.6453,339.06,38.0,Low
CLM0008935,0.2339,0.4315,0.3687,423.64,33.9,Low
CLM0008936,0.5948,0.5348,0.4925,5868.09,40.8,Medium
CLM0008937,0.2929,0.5116,0.4858,606.88,33.6,Low
CLM0008938,0.554,0.388,0.3931,360.79,33.7,Low
CLM0008939,0.2211,0.3143,0.6488,55.7,42.1,Medium
CLM0008940,0.6447,0.5035,0.6321,5319.87,44.2,Medium
CLM0008941,0.5915,0.5634,0.2507,564.78,32.1,Low
CLM0008942,0.6301,0.6301,0.4912,8377.5,46.4,Medium
CLM0008943,0.065,0.2738,0.5441,2107.54,37.2,Low
CLM0008944,0.7852,0.6883,0.2679,1276.87,34.0,Low
CLM0008945,0.1372,0.205,0.8128,8933.53,48.5,Medium
CLM0008946,0.1741,0.4029,0.6273,295.15,44.9,Medium
CLM0008947,0.1086,0.3158,0.6837,38.43,37.6,Low
CLM0008948,0.1772,0.215,0.6154,882.15,30.0,Low
CLM0008949,0.4479,0.287,0.4201,394.3,29.0,Low
CLM0008950,0.0627,0.2201,0.5972,1799.03,32.9,Low
CLM0008951,0.2416,0.288,0.6579,471.97,35.3,Low
CLM0008952,0.1536,0.2009,0.6117,278.14,36.9,Low
CLM0008953,0.4773,0.2991,0.5108,1221.92,36.6,Low
CLM0008954,0.1557,0.248,0.656,37.8,44.8,Medium
CLM0008955,0.1709,0.205,0.6489,40.19,34.1,Low
CLM0008956,0.2098,0.4129,0.3643,191.92,21.3,Low
CLM0008957,0.2512,0.2811,0.5577,740.58,27.4,Low
CLM0008958,0.3134,0.4405,0.5128,249.99,37.2,Low
CLM0008959,0.127,0.1808,0.6543,201.52,32.5,Low
CLM0008960,0.0917,0.2051,0.6384,1581.43,33.8,Low
CLM0008961,0.7386,0.5023,0.6819,4060.96,48.8,Medium
CLM0008962,0.0649,0.1971,0.6213,13.84,36.6,Low
CLM0008963,0.5803,0.3812,0.3901,636.27,27.8,Low
CLM0008964,0.2714,0.2789,0.6439,805.19,36.6,Low
CLM0008965,0.5535,0.4704,0.3314,716.02,37.6,Low
CLM0008966,0.1408,0.3829,0.5397,1389.79,37.4,Low
CLM0008967,0.2067,0.2771,0.6477,793.53,47.2,Medium
CLM0008968,0.6175,0.6331,0.5676,4596.14,45.6,Medium
CLM0008969,0.2495,0.3852,0.6547,1813.7,48.3,Medium
CLM0008970,0.5854,0.6069,0.3154,386.95,28.5,Low
CLM0008971,0.0909,0.1806,0.4907,3335.22,33.1,Low
CLM0008972,0.614,0.5351,0.3452,1576.99,39.2,Low
CLM0008973,0.6499,0.6275,0.512,6214.49,46.0,Medium
CLM0008974,0.2508,0.4335,0.4713,812.48,31.5,Low
CLM0008975,0.536,0.2607,0.4971,458.79,35.5,Low
CLM0008976,0.552,0.4003,0.4222,791.85,29.1,Low
CLM0008977,0.1804,0.3894,0.618,562.47,42.9,Medium
CLM0008978,0.1999,0.2571,0.8632,7570.94,55.3,Medium
CLM0008979,0.6313,0.6141,0.6114,4828.18,51.4,Medium
CLM0008980,0.3178,0.2728,0.4992,617.45,29.3,Low
CLM0008981,0.5896,0.4171,0.3664,505.8,25.1,Low
CLM0008982,0.1667,0.181,0.5375,1122.78,30.7,Low
CLM0008983,0.1075,0.1828,0.528,2718.85,33.0,Low
CLM0008984,0.1092,0.2117,0.6407,66.18,38.1,Low
CLM0008985,0.5808,0.5213,0.2467,466.79,37.3,Low
CLM0008986,0.2406,0.4157,0.3795,1185.96,30.7,Low
CLM0008987,0.1009,0.3468,0.6292,490.86,33.6,Low
CLM0008988,0.2903,0.4529,0.4052,502.69,32.8,Low
CLM0008989,0.6074,0.5013,0.6134,7481.3,51.8,Medium
CLM0008990,0.6323,0.6917,0.3484,201.38,39.6,Low
CLM0008991,0.2552,0.2858,0.5548,622.56,31.9,Low
CLM0008992,0.6398,0.5507,0.3285,993.0,32.3,Low
CLM0008993,0.2871,0.3931,0.5033,2731.9,31.1,Low
CLM0008994,0.5918,0.6389,0.5977,5312.88,44.2,Medium
CLM0008995,0.2905,0.3465,0.641,5954.05,36.8,Low
CLM0008996,0.1374,0.2048,0.6798,42.77,36.9,Low
CLM0008997,0.1917,0.2469,0.6349,764.23,40.2,Medium
CLM0008998,0.1849,0.3724,0.3469,991.86,35.9,Low
CLM0008999,0.0749,0.281,0.6328,253.72,32.6,Low
CLM0009000,0.3223,0.445,0.5131,1552.94,39.7,Low
CLM0009001,0.2694,0.4001,0.4849,1154.9,43.2,Medium
CLM0009002,0.2358,0.3043,0.7912,22680.83,51.3,Medium
CLM0009003,0.5918,0.5509,0.3385,639.02,33.2,Low
CLM0009004,0.1242,0.2221,0.5581,996.15,19.7,Low
CLM0009005,0.0616,0.139,0.5655,1071.13,28.2,Low
CLM0009006,0.1373,0.2221,0.6229,260.78,36.2,Low
CLM0009007,0.3782,0.6405,0.745,15504.21,57.4,Medium
CLM0009008,0.5924,0.5878,0.6146,8160.8,52.4,Medium
CLM0009009,0.0888,0.156,0.9123,9584.14,45.8,Medium
CLM0009010,0.2134,0.3781,0.6323,5475.44,42.6,Medium
CLM0009011,0.2847,0.4034,0.7168,8500.27,49.3,Medium
CLM0009012,0.1208,0.1471,0.656,9.78,30.3,Low
CLM0009013,0.5367,0.4351,0.7663,5722.42,52.2,Medium
CLM0009014,0.6145,0.4582,0.3128,1074.54,26.4,Low
CLM0009015,0.1914,0.3261,0.5313,886.93,35.3,Low
CLM0009016,0.0592,0.096,0.6586,77.22,28.0,Low
CLM0009017,0.2498,0.4365,0.375,1315.03,29.4,Low
CLM0009018,0.5745,0.5566,0.2297,372.17,29.5,Low
CLM0009019,0.5685,0.4105,0.5105,2097.19,42.6,Medium
CLM0009020,0.2033,0.4886,0.7881,19654.59,57.1,Medium
CLM0009021,0.232,0.3317,0.6638,378.76,36.8,Low
CLM0009022,0.1371,0.2861,0.643,229.04,31.0,Low
CLM0009023,0.6357,0.6308,0.3981,1161.83,29.1,Low
CLM0009024,0.251,0.4552,0.3523,405.75,22.8,Low
CLM0009025,0.5731,0.5116,0.506,3309.66,42.7,Medium
CLM0009026,0.1997,0.3316,0.933,10154.51,61.6,Medium
CLM0009027,0.2191,0.4194,0.8824,31543.44,68.2,Medium
CLM0009028,0.6102,0.4548,0.3013,663.75,29.9,Low
CLM0009029,0.6575,0.5289,0.3313,318.82,33.5,Low
CLM0009030,0.2512,0.3902,0.3627,1294.43,28.3,Low
CLM0009031,0.212,0.3519,0.6441,4051.83,38.0,Low
CLM0009032,0.2496,0.427,0.7456,11685.67,51.9,Medium
CLM0009033,0.2294,0.3114,0.6065,110.82,39.4,Low
CLM0009034,0.1914,0.3813,0.5993,3201.61,43.7,Medium
CLM0009035,0.2199,0.2449,0.5518,2277.69,35.0,Low
CLM0009036,0.5608,0.5286,0.288,1083.77,34.2,Low
CLM0009037,0.6899,0.5114,0.5289,3144.6,37.5,Low
CLM0009038,0.2382,0.4273,0.6126,44.28,37.6,Low
CLM0009039,0.2346,0.2982,0.8109,22900.59,62.1,Medium
CLM0009040,0.6597,0.6899,0.5686,8070.86,56.9,Medium
CLM0009041,0.2799,0.4545,0.4966,1277.81,32.2,Low
CLM0009042,0.2866,0.4596,0.3921,621.19,32.3,Low
CLM0009043,0.2781,0.3677,0.508,759.4,35.6,Low
CLM0009044,0.1882,0.4522,0.6545,133.71,40.0,Low
CLM0009045,0.1738,0.4575,0.9069,10227.57,62.2,Medium
CLM0009046,0.3351,0.4761,0.5043,2434.44,34.2,Low
CLM0009047,0.2664,0.4166,0.335,741.8,25.5,Low
CLM0009048,0.1975,0.2328,0.6449,1335.53,32.2,Low
CLM0009049,0.0702,0.1454,0.5915,87.3,36.2,Low
CLM0009050,0.5952,0.5698,0.3871,684.13,33.6,Low
CLM0009051,0.1512,0.2143,0.6334,861.58,33.4,Low
CLM0009052,0.1432,0.4146,0.6438,2935.21,42.0,Medium
CLM0009053,0.6273,0.5716,0.2142,912.61,27.7,Low
CLM0009054,0.7839,0.6021,0.3427,2174.63,34.8,Low
CLM0009055,0.2641,0.3166,0.4354,739.9,30.7,Low
CLM0009056,0.3037,0.3801,0.4638,1306.98,37.3,Low
CLM0009057,0.3909,0.3607,0.6908,9957.55,48.6,Medium
CLM0009058,0.2666,0.4766,0.5408,2328.15,45.7,Medium
CLM0009059,0.308,0.4997,0.5275,1504.97,44.2,Medium
CLM0009060,0.0876,0.132,0.6897,309.16,29.5,Low
CLM0009061,0.4237,0.524,0.418,613.19,29.8,Low
CLM0009062,0.5797,0.4653,0.4848,822.37,39.5,Low
CLM0009063,0.2394,0.5236,0.4835,936.8,35.9,Low
CLM0009064,0.0789,0.2173,0.62,47.54,39.7,Low
CLM0009065,0.3175,0.3978,0.3846,922.32,28.1,Low
CLM0009066,0.1539,0.3335,0.6537,802.69,44.3,Medium
CLM0009067,0.2496,0.3493,0.6259,407.04,40.6,Medium
CLM0009068,0.2356,0.2768,0.6378,1183.32,40.5,Medium
CLM0009069,0.5761,0.4478,0.4051,419.15,33.7,Low
CLM0009070,0.1328,0.2135,0.6456,316.04,34.2,Low
CLM0009071,0.2413,0.3978,0.7373,4410.88,53.6,Medium
CLM0009072,0.2136,0.4014,0.7048,5740.29,56.2,Medium
CLM0009073,0.5656,0.3728,0.6324,14182.35,54.3,Medium
CLM0009074,0.5354,0.62,0.7292,3782.81,46.5,Medium
CLM0009075,0.5463,0.4774,0.5429,5833.03,42.3,Medium
CLM0009076,0.1273,0.4252,0.8312,28455.91,66.8,Medium
CLM0009077,0.4175,0.3531,0.5998,933.73,43.7,Medium
CLM0009078,0.2303,0.2682,0.6182,444.19,36.7,Low
CLM0009079,0.5065,0.3604,0.6806,3681.32,46.4,Medium
CLM0009080,0.2934,0.5728,0.4005,1225.76,31.7,Low
CLM0009081,0.5678,0.5038,0.2233,623.46,27.6,Low
CLM0009082,0.0935,0.3307,0.6594,1334.76,39.1,Low
CLM0009083,0.0844,0.2271,0.6289,1415.58,42.8,Medium
CLM0009084,0.1996,0.2119,0.6543,108.38,33.1,Low
CLM0009085,0.6424,0.4857,0.3527,666.95,38.5,Low
CLM0009086,0.1587,0.4804,0.8726,29109.39,74.2,High
CLM0009087,0.1929,0.2438,0.6735,2801.06,40.6,Medium
CLM0009088,0.241,0.3906,0.3407,388.81,20.9,Low
CLM0009089,0.517,0.3948,0.2316,925.35,22.5,Low
CLM0009090,0.6278,0.4817,0.2317,599.72,30.1,Low
CLM0009091,0.3147,0.5005,0.3564,862.02,32.6,Low
CLM0009092,0.5519,0.5161,0.6986,7300.08,50.3,Medium
CLM0009093,0.3129,0.4182,0.3833,546.78,24.8,Low
CLM0009094,0.2743,0.407,0.463,1345.16,29.7,Low
CLM0009095,0.2434,0.5369,0.3829,733.87,36.5,Low
CLM0009096,0.1414,0.1988,0.763,6199.22,50.2,Medium
CLM0009097,0.0883,0.2607,0.6215,14.98,33.1,Low
CLM0009098,0.1582,0.1132,0.5055,317.76,25.9,Low
CLM0009099,0.2635,0.3236,0.673,1306.24,47.7,Medium
CLM0009100,0.5647,0.4945,0.3516,539.41,30.6,Low
CLM0009101,0.5456,0.424,0.4508,1306.2,34.8,Low
CLM0009102,0.1239,0.2579,0.5087,1354.98,37.6,Low
CLM0009103,0.3218,0.3864,0.6712,283.57,43.1,Medium
CLM0009104,0.5778,0.6367,0.3361,517.93,34.0,Low
CLM0009105,0.2675,0.2499,0.8471,4840.59,50.5,Medium
CLM0009106,0.4705,0.1898,0.4097,1275.25,32.9,Low
CLM0009107,0.5391,0.5239,0.5129,142.6,45.9,Medium
CLM0009108,0.2217,0.233,0.5169,708.68,32.4,Low
CLM0009109,0.2836,0.5463,0.4967,915.96,40.3,Medium
CLM0009110,0.274,0.3194,0.6774,1047.29,36.4,Low
CLM0009111,0.1673,0.3221,0.6107,98.17,36.0,Low
CLM0009112,0.1493,0.2937,0.6249,384.64,34.4,Low
CLM0009113,0.1731,0.3257,0.6666,21.61,36.7,Low
CLM0009114,0.6805,0.5097,0.3476,1062.75,41.9,Medium
CLM0009115,0.4373,0.4057,0.7516,4691.5,52.9,Medium
CLM0009116,0.2755,0.5234,0.4687,1571.17,36.4,Low
CLM0009117,0.0911,0.2121,0.6208,652.5,39.9,Low
CLM0009118,0.0503,0.1958,0.6646,1201.11,34.8,Low
CLM0009119,0.1127,0.1485,0.5367,508.55,27.0,Low
CLM0009120,0.1078,0.1342,0.6661,121.43,39.4,Low
CLM0009121,0.1828,0.3108,0.3596,156.2,23.0,Low
CLM0009122,0.1183,0.2336,0.792,19354.22,58.2,Medium
CLM0009123,0.5588,0.4682,0.3746,2076.42,32.7,Low
CLM0009124,0.6309,0.5549,0.3153,222.45,33.7,Low
CLM0009125,0.1015,0.2391,0.6337,2242.04,35.9,Low
CLM0009126,0.451,0.318,0.4143,964.96,25.2,Low
CLM0009127,0.248,0.4342,0.5053,789.61,43.5,Medium
CLM0009128,0.2502,0.4046,0.4489,1852.96,35.6,Low
CLM0009129,0.4513,0.3424,0.3822,1455.16,32.1,Low
CLM0009130,0.2443,0.4348,0.6293,3634.94,47.4,Medium
CLM0009131,0.0865,0.2302,0.541,1174.53,27.1,Low
CLM0009132,0.1152,0.3351,0.6846,326.88,46.2,Medium
CLM0009133,0.2815,0.4327,0.4965,1063.95,35.0,Low
CLM0009134,0.2914,0.4286,0.4589,3229.0,47.8,Medium
CLM0009135,0.0784,0.2881,0.642,292.78,34.2,Low
CLM0009136,0.1086,0.2319,0.6472,32.36,35.7,Low
CLM0009137,0.6707,0.4747,0.3369,1457.53,42.9,Medium
CLM0009138,0.3713,0.3449,0.6676,326.84,34.4,Low
CLM0009139,0.2676,0.3864,0.4701,1063.27,32.5,Low
CLM0009140,0.0668,0.1744,0.6179,166.68,42.9,Medium
CLM0009141,0.4478,0.3901,0.6625,33539.41,65.3,Medium
CLM0009142,0.2894,0.3465,0.8694,7907.37,52.4,Medium
CLM0009143,0.0733,0.1177,0.5736,2407.49,27.4,Low
CLM0009144,0.2922,0.4289,0.5154,681.39,32.2,Low
CLM0009145,0.2593,0.4061,0.3747,482.02,30.1,Low
CLM0009146,0.1421,0.2303,0.5045,867.64,25.9,Low
CLM0009147,0.2632,0.5525,0.7391,6037.59,56.5,Medium
CLM0009148,0.0463,0.1316,0.6487,326.27,36.6,Low
CLM0009149,0.1156,0.2018,0.6138,181.7,39.0,Low
CLM0009150,0.3171,0.3797,0.4871,2832.76,35.9,Low
CLM0009151,0.573,0.4226,0.4439,1260.61,30.2,Low
CLM0009152,0.4297,0.5753,0.73,7693.91,52.0,Medium
CLM0009153,0.1683,0.1866,0.6916,506.32,40.9,Medium
CLM0009154,0.7426,0.5649,0.441,1336.29,32.5,Low
CLM0009155,0.5897,0.543,0.3073,720.95,29.8,Low
CLM0009156,0.6348,0.5788,0.5797,4488.78,51.4,Medium
CLM0009157,0.2383,0.2079,0.6022,779.99,42.3,Medium
CLM0009158,0.6189,0.5185,0.311,745.29,28.6,Low
CLM0009159,0.5492,0.4497,0.5319,2142.84,35.7,Low
CLM0009160,0.1009,0.2994,0.6206,156.23,38.4,Low
CLM0009161,0.5406,0.5543,0.3714,386.2,29.7,Low
CLM0009162,0.2666,0.2206,0.6051,221.4,30.6,Low
CLM0009163,0.1516,0.2788,0.6574,673.55,40.2,Medium
CLM0009164,0.0705,0.2471,0.6028,1439.84,43.9,Medium
CLM0009165,0.2869,0.4247,0.7886,13484.51,54.2,Medium
CLM0009166,0.7108,0.7337,0.2282,961.13,37.1,Low
CLM0009167,0.2101,0.3105,0.6852,341.48,36.4,Low
CLM0009168,0.0998,0.3232,0.6565,624.75,40.6,Medium
CLM0009169,0.0827,0.3908,0.6332,1750.79,41.6,Medium
CLM0009170,0.3426,0.6613,0.6449,7203.94,51.2,Medium
CLM0009171,0.0491,0.1373,0.6513,432.96,33.2,Low
CLM0009172,0.1227,0.1744,0.6323,58.44,37.9,Low
CLM0009173,0.2778,0.3817,0.8943,6166.74,62.8,Medium
CLM0009174,0.605,0.4581,0.2432,754.77,31.7,Low
CLM0009175,0.2393,0.3898,0.7077,6951.93,43.8,Medium
CLM0009176,0.634,0.5357,0.5124,9196.24,48.7,Medium
CLM0009177,0.1106,0.2473,0.6387,257.55,28.0,Low
CLM0009178,0.298,0.4406,0.6346,4261.01,43.0,Medium
CLM0009179,0.1779,0.1359,0.6128,579.59,39.8,Low
CLM0009180,0.6281,0.5552,0.334,922.79,29.3,Low
CLM0009181,0.1719,0.3155,0.631,1145.4,43.1,Medium
CLM0009182,0.6565,0.5385,0.3508,2012.16,34.9,Low
CLM0009183,0.2677,0.1623,0.5175,623.94,28.0,Low
CLM0009184,0.6076,0.6269,0.3377,1529.21,35.5,Low
CLM0009185,0.1076,0.2361,0.627,1367.06,38.0,Low
CLM0009186,0.1654,0.1685,0.648,2384.31,37.1,Low
CLM0009187,0.5951,0.569,0.2469,508.95,27.4,Low
CLM0009188,0.0547,0.2969,0.6094,17.36,38.8,Low
CLM0009189,0.0961,0.1609,0.6736,52.03,29.6,Low
CLM0009190,0.6155,0.5971,0.6006,6461.1,53.6,Medium
CLM0009191,0.2849,0.5531,0.4872,1661.75,36.1,Low
CLM0009192,0.6401,0.5854,0.3493,220.22,33.2,Low
CLM0009193,0.3587,0.4491,0.6282,5158.25,48.0,Medium
CLM0009194,0.3696,0.377,0.3702,2570.39,30.5,Low
CLM0009195,0.1423,0.2382,0.6506,438.16,35.7,Low
CLM0009196,0.5273,0.4953,0.4383,319.22,35.3,Low
CLM0009197,0.2822,0.3239,0.384,260.85,26.8,Low
CLM0009198,0.203,0.3004,0.6349,1417.59,42.6,Medium
CLM0009199,0.1965,0.2783,0.6032,514.3,37.2,Low
CLM0009200,0.2266,0.29,0.6119,66.13,34.0,Low
CLM0009201,0.2245,0.2557,0.6755,62.01,31.7,Low
CLM0009202,0.1593,0.2603,0.6506,337.5,37.5,Low
CLM0009203,0.183,0.2906,0.8375,7098.19,43.7,Medium
CLM0009204,0.2647,0.3522,0.7833,5290.84,56.2,Medium
CLM0009205,0.2036,0.2855,0.7804,6511.95,48.6,Medium
CLM0009206,0.6424,0.4769,0.2519,1127.48,30.8,Low
CLM0009207,0.6569,0.5971,0.2659,385.73,34.7,Low
CLM0009208,0.6054,0.5891,0.4161,1390.07,36.3,Low
CLM0009209,0.2274,0.4556,0.5408,1277.09,42.5,Medium
CLM0009210,0.4044,0.4187,0.5107,441.21,35.9,Low
CLM0009211,0.3239,0.4825,0.6492,18361.38,60.0,Medium
CLM0009212,0.1081,0.2316,0.5553,559.08,33.1,Low
CLM0009213,0.6384,0.5131,0.2775,1433.8,27.9,Low
CLM0009214,0.6424,0.4915,0.2127,294.97,23.4,Low
CLM0009215,0.2766,0.3806,0.4758,2149.28,33.0,Low
CLM0009216,0.6276,0.5361,0.2721,517.47,22.6,Low
CLM0009217,0.5457,0.5604,0.3886,404.98,28.7,Low
CLM0009218,0.2112,0.3354,0.6407,1179.08,34.6,Low
CLM0009219,0.632,0.5463,0.3172,511.99,36.3,Low
CLM0009220,0.2836,0.3007,0.6439,1720.3,36.3,Low
CLM0009221,0.1384,0.3455,0.6506,209.59,35.7,Low
CLM0009222,0.0876,0.1765,0.6148,1103.32,38.3,Low
CLM0009223,0.6621,0.4066,0.2672,463.67,25.5,Low
CLM0009224,0.1924,0.3488,0.7534,6472.89,45.1,Medium
CLM0009225,0.068,0.3207,0.627,845.85,39.2,Low
CLM0009226,0.2021,0.307,0.604,8911.56,42.8,Medium
CLM0009227,0.2743,0.4069,0.6425,2184.22,42.2,Medium
CLM0009228,0.1787,0.2659,0.6109,455.61,29.0,Low
CLM0009229,0.1154,0.1574,0.6438,134.33,35.6,Low
CLM0009230,0.1838,0.4343,0.6092,1134.03,37.7,Low
CLM0009231,0.5481,0.3429,0.4728,951.21,34.9,Low
CLM0009232,0.5659,0.537,0.3781,325.78,30.2,Low
CLM0009233,0.3211,0.3824,0.5052,974.05,35.5,Low
CLM0009234,0.0831,0.2908,0.6421,649.45,39.3,Low
CLM0009235,0.2146,0.3501,0.5215,2730.02,37.1,Low
CLM0009236,0.156,0.0961,0.555,837.72,27.0,Low
CLM0009237,0.2493,0.3338,0.5269,572.77,36.9,Low
CLM0009238,0.0914,0.2411,0.6406,85.94,36.0,Low
CLM0009239,0.2104,0.4265,0.6871,520.15,34.3,Low
CLM0009240,0.0908,0.1052,0.6371,109.45,29.6,Low
CLM0009241,0.2664,0.4954,0.5059,844.45,35.3,Low
CLM0009242,0.4291,0.4147,0.659,185.74,40.0,Low
CLM0009243,0.2802,0.459,0.4101,1366.97,32.8,Low
CLM0009244,0.2897,0.4182,0.6522,7158.0,52.1,Medium
CLM0009245,0.5016,0.3834,0.7549,4613.62,51.9,Medium
CLM0009246,0.1072,0.3028,0.5984,346.78,33.1,Low
CLM0009247,0.0696,0.0975,0.6417,12.91,31.7,Low
CLM0009248,0.637,0.5361,0.565,3401.04,39.1,Low
CLM0009249,0.2348,0.3188,0.6911,46.84,42.0,Medium
CLM0009250,0.2564,0.4628,0.4806,738.61,34.0,Low
CLM0009251,0.0531,0.2214,0.584,2596.24,31.6,Low
CLM0009252,0.152,0.1676,0.7764,4904.89,41.6,Medium
CLM0009253,0.2795,0.3586,0.7441,4985.67,49.5,Medium
CLM0009254,0.1526,0.2685,0.6085,40.57,39.4,Low
CLM0009255,0.2811,0.4052,0.4956,2572.33,43.5,Medium
CLM0009256,0.5506,0.5441,0.3043,466.7,19.1,Low
CLM0009257,0.0878,0.2076,0.7705,6451.73,43.7,Medium
CLM0009258,0.1895,0.3486,0.6129,393.72,35.2,Low
CLM0009259,0.1057,0.2185,0.8006,16867.79,47.7,Medium
CLM0009260,0.1391,0.2641,0.6871,329.01,35.5,Low
CLM0009261,0.5854,0.5731,0.2485,1395.5,29.2,Low
CLM0009262,0.2343,0.3252,0.8395,6287.45,49.6,Medium
CLM0009263,0.1073,0.216,0.6348,2.16,35.2,Low
CLM0009264,0.2806,0.3322,0.5051,810.88,32.1,Low
CLM0009265,0.3831,0.5826,0.7049,8583.65,58.3,Medium
CLM0009266,0.5983,0.639,0.3545,568.6,32.5,Low
CLM0009267,0.1841,0.382,0.614,527.0,41.9,Medium
CLM0009268,0.2846,0.3773,0.4953,661.77,27.0,Low
CLM0009269,0.6096,0.4119,0.5056,1553.26,35.0,Low
CLM0009270,0.5328,0.6304,0.4768,5660.91,52.7,Medium
CLM0009271,0.2857,0.2167,0.5252,1013.71,28.6,Low
CLM0009272,0.5531,0.3571,0.492,802.62,37.7,Low
CLM0009273,0.6114,0.4618,0.4549,752.39,32.5,Low
CLM0009274,0.3442,0.4681,0.6413,10024.81,54.4,Medium
CLM0009275,0.4831,0.3824,0.4876,629.66,40.4,Medium
CLM0009276,0.1204,0.1511,0.6276,781.54,40.1,Medium
CLM0009277,0.6317,0.578,0.3694,1941.55,41.5,Medium
CLM0009278,0.2414,0.2983,0.6996,1873.44,45.4,Medium
CLM0009279,0.1382,0.1471,0.6648,3.19,33.8,Low
CLM0009280,0.2615,0.4004,0.6232,1588.65,47.5,Medium
CLM0009281,0.0628,0.2227,0.6545,2597.94,39.1,Low
CLM0009282,0.6354,0.4909,0.2376,434.42,30.4,Low
CLM0009283,0.1354,0.3117,0.6579,1561.85,41.6,Medium
CLM0009284,0.3032,0.3795,0.4466,780.7,34.1,Low
CLM0009285,0.1981,0.4539,0.6693,3663.65,50.6,Medium
CLM0009286,0.6765,0.4632,0.4535,984.76,29.9,Low
CLM0009287,0.573,0.5203,0.3569,1145.83,29.0,Low
CLM0009288,0.1952,0.3203,0.6208,33.84,33.0,Low
CLM0009289,0.225,0.403,0.5933,2651.72,40.7,Medium
CLM0009290,0.2084,0.2258,0.6353,109.89,36.0,Low
CLM0009291,0.5629,0.5149,0.2637,393.05,28.0,Low
CLM0009292,0.1696,0.2377,0.6145,1507.87,37.2,Low
CLM0009293,0.5235,0.4979,0.4395,555.22,35.4,Low
CLM0009294,0.4431,0.5617,0.5649,1812.53,48.5,Medium
CLM0009295,0.245,0.4836,0.4983,2703.86,41.0,Medium
CLM0009296,0.571,0.4091,0.3331,257.85,24.1,Low
CLM0009297,0.1065,0.2253,0.5681,1398.1,42.7,Medium
CLM0009298,0.4947,0.365,0.5469,579.93,29.4,Low
CLM0009299,0.271,0.5018,0.6795,17956.93,66.3,Medium
CLM0009300,0.5912,0.5172,0.6741,5238.66,43.9,Medium
CLM0009301,0.0902,0.1612,0.6572,1811.42,42.5,Medium
CLM0009302,0.2249,0.3638,0.6565,924.6,33.4,Low
CLM0009303,0.2168,0.2789,0.5285,1205.65,29.9,Low
CLM0009304,0.3832,0.2898,0.4649,1483.62,26.3,Low
CLM0009305,0.5942,0.5326,0.6615,14739.56,52.0,Medium
CLM0009306,0.5499,0.582,0.2497,739.14,31.0,Low
CLM0009307,0.0251,0.1541,0.6071,79.93,37.1,Low
CLM0009308,0.1504,0.3414,0.6039,2246.52,40.3,Medium
CLM0009309,0.2631,0.4729,0.4874,242.77,33.9,Low
CLM0009310,0.1454,0.2639,0.6223,996.26,45.0,Medium
CLM0009311,0.1045,0.1453,0.6055,19.47,31.4,Low
CLM0009312,0.2447,0.3929,0.3685,869.07,30.0,Low
CLM0009313,0.2751,0.3847,0.4625,248.33,37.7,Low
CLM0009314,0.587,0.6471,0.5179,5259.91,42.9,Medium
CLM0009315,0.1751,0.4079,0.5351,733.63,34.7,Low
CLM0009316,0.1382,0.2285,0.6545,550.04,25.4,Low
CLM0009317,0.4656,0.423,0.4143,104.46,41.6,Medium
CLM0009318,0.1408,0.4047,0.8173,11813.25,53.3,Medium
CLM0009319,0.4692,0.2361,0.4268,571.54,29.7,Low
CLM0009320,0.6356,0.5052,0.3462,1922.0,43.7,Medium
CLM0009321,0.1315,0.2639,0.6434,1561.74,40.1,Medium
CLM0009322,0.2502,0.5211,0.3607,732.52,34.7,Low
CLM0009323,0.1013,0.229,0.5369,2118.13,28.8,Low
CLM0009324,0.2071,0.366,0.6493,1920.11,38.0,Low
CLM0009325,0.2462,0.2544,0.6301,907.25,37.7,Low
CLM0009326,0.7027,0.5657,0.3864,669.36,34.1,Low
CLM0009327,0.0992,0.1785,0.6424,556.77,26.9,Low
CLM0009328,0.544,0.3394,0.7967,4699.7,47.0,Medium
CLM0009329,0.5674,0.6029,0.2417,468.31,27.5,Low
CLM0009330,0.3567,0.443,0.5225,631.66,33.8,Low
CLM0009331,0.2687,0.4314,0.4501,1693.12,32.7,Low
CLM0009332,0.2554,0.3969,0.7516,12301.55,50.7,Medium
CLM0009333,0.5847,0.6341,0.5235,5442.22,43.7,Medium
CLM0009334,0.4307,0.2898,0.5058,1369.95,36.9,Low
CLM0009335,0.2686,0.4262,0.3582,472.58,29.4,Low
CLM0009336,0.55,0.4791,0.4774,477.77,34.7,Low
CLM0009337,0.147,0.2634,0.6075,811.35,41.4,Medium
CLM0009338,0.2672,0.402,0.3925,648.19,32.3,Low
CLM0009339,0.1268,0.1459,0.6115,172.25,40.3,Medium
CLM0009340,0.2666,0.5132,0.3581,1529.93,36.2,Low
CLM0009341,0.6307,0.4916,0.6043,13092.52,45.5,Medium
CLM0009342,0.2619,0.4013,0.7402,4544.63,55.5,Medium
CLM0009343,0.1568,0.284,0.5419,1637.95,34.9,Low
CLM0009344,0.1257,0.2765,0.6466,3262.92,42.1,Medium
CLM0009345,0.1654,0.2734,0.5299,618.32,33.3,Low
CLM0009346,0.1531,0.3711,0.6813,836.82,41.6,Medium
CLM0009347,0.1157,0.2264,0.635,196.07,34.4,Low
CLM0009348,0.0373,0.2346,0.8123,12228.15,54.5,Medium
CLM0009349,0.1303,0.3298,0.5428,1179.31,36.0,Low
CLM0009350,0.0825,0.1288,0.663,876.93,37.6,Low
CLM0009351,0.235,0.4608,0.4344,526.09,34.5,Low
CLM0009352,0.1096,0.2027,0.5944,62.09,34.5,Low
CLM0009353,0.1553,0.2422,0.5483,1897.84,34.0,Low
CLM0009354,0.6914,0.47,0.3048,1244.04,33.4,Low
CLM0009355,0.5553,0.3666,0.5442,537.35,35.4,Low
CLM0009356,0.1775,0.2221,0.6656,1397.97,42.1,Medium
CLM0009357,0.1,0.2686,0.8716,6210.21,50.0,Medium
CLM0009358,0.3103,0.473,0.3561,2310.81,29.9,Low
CLM0009359,0.5743,0.392,0.52,675.44,34.3,Low
CLM0009360,0.1434,0.2252,0.6262,95.58,30.1,Low
CLM0009361,0.3249,0.5302,0.4991,696.23,38.9,Low
CLM0009362,0.2572,0.4299,0.5111,3156.66,32.1,Low
CLM0009363,0.3268,0.39,0.4442,323.76,37.5,Low
CLM0009364,0.2865,0.4963,0.7463,9019.17,45.6,Medium
CLM0009365,0.551,0.4778,0.7816,12237.28,55.9,Medium
CLM0009366,0.2407,0.4792,0.5016,1051.67,31.7,Low
CLM0009367,0.1025,0.2997,0.7721,6794.73,55.1,Medium
CLM0009368,0.562,0.3782,0.4843,810.35,32.9,Low
CLM0009369,0.2388,0.3344,0.6275,2127.7,42.8,Medium
CLM0009370,0.2604,0.3689,0.7164,5428.98,53.0,Medium
CLM0009371,0.1994,0.3137,0.7975,6816.45,56.3,Medium
CLM0009372,0.2348,0.4192,0.4168,655.46,32.1,Low
CLM0009373,0.1536,0.2287,0.6551,156.54,36.6,Low
CLM0009374,0.2167,0.3069,0.8833,6281.73,60.6,Medium
CLM0009375,0.7902,0.5887,0.3477,188.13,37.3,Low
CLM0009376,0.5533,0.5197,0.4909,1447.43,39.1,Low
CLM0009377,0.2184,0.3738,0.9393,12602.27,62.2,Medium
CLM0009378,0.2462,0.335,0.5957,1037.0,39.4,Low
CLM0009379,0.0873,0.2654,0.5005,1975.13,39.3,Low
CLM0009380,0.4575,0.3683,0.5007,1248.49,36.5,Low
CLM0009381,0.143,0.2708,0.8728,11625.48,55.1,Medium
CLM0009382,0.1584,0.1992,0.6758,2188.45,39.6,Low
CLM0009383,0.5628,0.5092,0.3381,414.91,38.3,Low
CLM0009384,0.0696,0.1266,0.6136,1031.78,34.5,Low
CLM0009385,0.1169,0.1787,0.8471,5941.53,38.7,Low
CLM0009386,0.2042,0.4664,0.5037,1754.44,31.0,Low
CLM0009387,0.1624,0.2486,0.6851,103.37,37.7,Low
CLM0009388,0.2808,0.474,0.4719,836.25,33.9,Low
CLM0009389,0.0284,0.1707,0.6528,75.77,38.4,Low
CLM0009390,0.2386,0.273,0.7808,10994.82,50.1,Medium
CLM0009391,0.2147,0.304,0.6324,565.7,34.7,Low
CLM0009392,0.2818,0.4015,0.7396,6632.93,45.4,Medium
CLM0009393,0.1865,0.4059,0.5971,158.23,46.1,Medium
CLM0009394,0.2254,0.3454,0.6159,127.47,46.0,Medium
CLM0009395,0.2031,0.3058,0.8556,4435.34,45.7,Medium
CLM0009396,0.2727,0.3884,0.4574,268.42,34.4,Low
CLM0009397,0.1534,0.2635,0.636,1273.16,35.9,Low
CLM0009398,0.6252,0.4827,0.5531,7335.12,52.2,Medium
CLM0009399,0.2116,0.261,0.658,1302.06,36.9,Low
CLM0009400,0.4289,0.509,0.4972,389.26,41.5,Medium
CLM0009401,0.0889,0.2686,0.7067,629.83,37.8,Low
CLM0009402,0.1052,0.1591,0.6208,1093.33,35.6,Low
CLM0009403,0.1608,0.363,0.6347,352.64,41.1,Medium
CLM0009404,0.634,0.6249,0.595,5214.44,42.9,Medium
CLM0009405,0.6183,0.5593,0.2206,906.17,23.5,Low
CLM0009406,0.5887,0.5048,0.2484,1064.11,26.9,Low
CLM0009407,0.1213,0.216,0.6726,638.81,37.3,Low
CLM0009408,0.079,0.2831,0.8063,26190.97,59.0,Medium
CLM0009409,0.3645,0.3915,0.642,368.09,44.1,Medium
CLM0009410,0.0968,0.2781,0.6799,918.96,39.1,Low
CLM0009411,0.2273,0.3075,0.6908,98.84,34.6,Low
CLM0009412,0.0981,0.2239,0.5346,1955.13,33.3,Low
CLM0009413,0.2109,0.4089,0.501,1731.49,34.0,Low
CLM0009414,0.259,0.3304,0.3338,838.95,29.0,Low
CLM0009415,0.5641,0.4693,0.5018,1136.3,41.7,Medium
CLM0009416,0.2177,0.4916,0.3674,1104.72,29.6,Low
CLM0009417,0.7099,0.5474,0.3828,401.06,29.7,Low
CLM0009418,0.1956,0.5077,0.3912,606.47,34.4,Low
CLM0009419,0.7056,0.6363,0.7919,10681.89,61.0,Medium
CLM0009420,0.6116,0.5572,0.6159,3855.85,46.2,Medium
CLM0009421,0.6094,0.5407,0.379,557.23,36.9,Low
CLM0009422,0.0632,0.2339,0.5407,720.49,35.8,Low
CLM0009423,0.5801,0.4942,0.3653,183.29,30.8,Low
CLM0009424,0.5311,0.4626,0.4642,825.97,30.9,Low
CLM0009425,0.2511,0.3292,0.4732,192.61,33.9,Low
CLM0009426,0.0923,0.2301,0.8241,11463.3,45.9,Medium
CLM0009427,0.2717,0.4118,0.4847,2742.57,36.9,Low
CLM0009428,0.5963,0.5829,0.3516,496.4,31.7,Low
CLM0009429,0.193,0.3087,0.6253,47.08,35.0,Low
CLM0009430,0.1881,0.2173,0.6451,412.58,33.8,Low
CLM0009431,0.0871,0.3241,0.6267,194.98,37.8,Low
CLM0009432,0.2601,0.4685,0.4192,1179.93,30.0,Low
CLM0009433,0.6601,0.5352,0.3208,1060.2,35.5,Low
CLM0009434,0.2502,0.3323,0.6825,3017.72,36.3,Low
CLM0009435,0.2618,0.3905,0.3994,668.53,27.7,Low
CLM0009436,0.182,0.2029,0.6397,144.47,34.8,Low
CLM0009437,0.6391,0.5261,0.3664,290.28,30.4,Low
CLM0009438,0.7766,0.5751,0.2426,446.63,24.8,Low
CLM0009439,0.3496,0.4644,0.4651,590.35,35.4,Low
CLM0009440,0.2599,0.2527,0.6387,393.16,38.2,Low
CLM0009441,0.2337,0.3426,0.6383,1024.83,41.0,Medium
CLM0009442,0.0785,0.1308,0.4982,2436.59,29.4,Low
CLM0009443,0.6322,0.6,0.2902,809.72,29.6,Low
CLM0009444,0.2718,0.4675,0.511,591.6,33.7,Low
CLM0009445,0.5579,0.6019,0.4806,4214.8,52.0,Medium
CLM0009446,0.2668,0.338,0.3513,1442.23,27.1,Low
CLM0009447,0.6136,0.5372,0.6146,5650.99,53.6,Medium
CLM0009448,0.594,0.4671,0.2173,532.12,20.2,Low
CLM0009449,0.2348,0.434,0.6582,3310.04,50.2,Medium
CLM0009450,0.2748,0.3203,0.4822,1061.54,32.7,Low
CLM0009451,0.1483,0.2802,0.6167,105.76,35.4,Low
CLM0009452,0.1449,0.2372,0.6073,579.65,39.9,Low
CLM0009453,0.6456,0.6021,0.2559,1213.21,34.4,Low
CLM0009454,0.2508,0.4077,0.363,428.77,34.9,Low
CLM0009455,0.5401,0.488,0.422,1654.38,33.5,Low
CLM0009456,0.1163,0.2563,0.6129,197.44,41.9,Medium
CLM0009457,0.1709,0.2152,0.7939,6527.75,43.3,Medium
CLM0009458,0.595,0.5387,0.3241,287.63,30.2,Low
CLM0009459,0.783,0.62,0.4928,6521.53,42.0,Medium
CLM0009460,0.1589,0.0716,0.6221,190.05,32.0,Low
CLM0009461,0.2204,0.4919,0.4049,1569.64,29.9,Low
CLM0009462,0.1515,0.2027,0.6479,2585.55,39.0,Low
CLM0009463,0.0697,0.2204,0.7977,4837.85,41.2,Medium
CLM0009464,0.6655,0.554,0.5053,13454.2,53.0,Medium
CLM0009465,0.5458,0.5511,0.5977,4378.59,47.9,Medium
CLM0009466,0.2267,0.3114,0.6384,392.42,40.6,Medium
CLM0009467,0.6059,0.5538,0.2543,168.48,27.4,Low
CLM0009468,0.2776,0.2021,0.653,502.33,36.7,Low
CLM0009469,0.0901,0.2371,0.634,183.74,40.5,Medium
CLM0009470,0.1176,0.211,0.6557,576.8,36.0,Low
CLM0009471,0.2214,0.3238,0.6403,564.24,36.8,Low
CLM0009472,0.6327,0.6208,0.3625,909.56,36.5,Low
CLM0009473,0.2046,0.299,0.5446,397.89,34.1,Low
CLM0009474,0.6247,0.551,0.4632,3416.14,41.4,Medium
CLM0009475,0.1887,0.2386,0.5152,1770.74,29.3,Low
CLM0009476,0.1127,0.1173,0.6616,341.05,31.8,Low
CLM0009477,0.1079,0.2258,0.5692,507.44,30.7,Low
CLM0009478,0.2367,0.4508,0.4544,476.68,40.0,Low
CLM0009479,0.224,0.4584,0.4144,1269.56,29.3,Low
CLM0009480,0.1723,0.2346,0.8519,4928.88,51.5,Medium
CLM0009481,0.116,0.2679,0.6817,2440.17,42.1,Medium
CLM0009482,0.0908,0.0969,0.542,2271.66,32.3,Low
CLM0009483,0.2851,0.5475,0.7989,6839.39,53.0,Medium
CLM0009484,0.2101,0.4349,0.5321,2447.64,43.1,Medium
CLM0009485,0.2051,0.3453,0.6685,154.67,36.3,Low
CLM0009486,0.3473,0.5215,0.9162,7979.51,61.0,Medium
CLM0009487,0.5723,0.381,0.5112,2764.77,35.3,Low
CLM0009488,0.2662,0.3801,0.7909,4811.87,45.5,Medium
CLM0009489,0.1002,0.2603,0.6651,66.41,40.4,Medium
CLM0009490,0.0897,0.1823,0.5685,788.32,29.6,Low
CLM0009491,0.2514,0.2811,0.6139,1696.85,41.6,Medium
CLM0009492,0.0744,0.2407,0.7996,5357.58,51.2,Medium
CLM0009493,0.2643,0.5296,0.5325,1178.23,39.0,Low
CLM0009494,0.5675,0.3872,0.7856,8327.85,54.9,Medium
CLM0009495,0.2539,0.4284,0.6051,5403.66,40.6,Medium
CLM0009496,0.2801,0.488,0.7905,12922.81,67.6,Medium
CLM0009497,0.5867,0.4747,0.3774,1609.35,35.0,Low
CLM0009498,0.2181,0.3028,0.6314,1557.35,43.7,Medium
CLM0009499,0.2339,0.3543,0.6283,997.96,33.4,Low
CLM0009500,0.0636,0.2107,0.6548,592.26,30.7,Low
CLM0009501,0.6392,0.4366,0.256,176.35,25.0,Low
CLM0009502,0.1721,0.2848,0.6792,51.0,39.3,Low
CLM0009503,0.2674,0.328,0.5649,2425.11,37.6,Low
CLM0009504,0.144,0.295,0.5371,2346.21,35.9,Low
CLM0009505,0.6196,0.5739,0.3002,1024.18,35.1,Low
CLM0009506,0.2588,0.4888,0.7411,9573.23,58.2,Medium
CLM0009507,0.4711,0.4489,0.8042,4224.71,53.8,Medium
CLM0009508,0.2927,0.384,0.6797,2080.14,42.6,Medium
CLM0009509,0.2403,0.3753,0.3938,736.94,37.2,Low
CLM0009510,0.6633,0.5059,0.3129,1807.08,33.8,Low
CLM0009511,0.3723,0.2677,0.9181,6604.61,50.7,Medium
CLM0009512,0.1826,0.2933,0.6497,115.09,37.4,Low
CLM0009513,0.1798,0.3104,0.6474,852.2,32.8,Low
CLM0009514,0.6109,0.3776,0.4289,401.78,29.5,Low
CLM0009515,0.2301,0.3205,0.6536,4682.9,44.2,Medium
CLM0009516,0.593,0.5143,0.1823,658.07,27.5,Low
CLM0009517,0.2087,0.2654,0.8562,5465.1,44.7,Medium
CLM0009518,0.2905,0.4906,0.4864,2138.9,37.0,Low
CLM0009519,0.6188,0.4628,0.2831,1128.82,33.2,Low
CLM0009520,0.266,0.3492,0.735,4236.3,48.0,Medium
CLM0009521,0.2916,0.4633,0.458,676.91,33.7,Low
CLM0009522,0.2723,0.4326,0.4544,637.07,32.9,Low
CLM0009523,0.1576,0.2039,0.8436,4644.75,44.7,Medium
CLM0009524,0.2848,0.3186,0.6183,1627.65,36.5,Low
CLM0009525,0.2778,0.3508,0.5388,2467.63,44.4,Medium
CLM0009526,0.4999,0.3944,0.7762,17213.55,57.5,Medium
CLM0009527,0.2406,0.3582,0.4603,1049.1,40.9,Medium
CLM0009528,0.2048,0.3834,0.458,1339.21,37.8,Low
CLM0009529,0.2399,0.4537,0.6437,8062.56,46.5,Medium
CLM0009530,0.1978,0.3488,0.6619,1148.96,41.5,Medium
CLM0009531,0.2916,0.3269,0.502,779.64,35.8,Low
CLM0009532,0.2508,0.4749,0.8915,5643.79,55.3,Medium
CLM0009533,0.0904,0.1462,0.5201,653.48,31.4,Low
CLM0009534,0.201,0.2922,0.5977,172.27,40.5,Medium
CLM0009535,0.2366,0.4518,0.4842,486.97,33.4,Low
CLM0009536,0.2815,0.5031,0.7121,7488.53,53.5,Medium
CLM0009537,0.0764,0.1654,0.6094,85.91,35.3,Low
CLM0009538,0.1946,0.2486,0.6339,1592.87,38.4,Low
CLM0009539,0.5858,0.5382,0.501,1315.72,42.3,Medium
CLM0009540,0.262,0.3815,0.5117,482.55,34.8,Low
CLM0009541,0.1027,0.2396,0.5627,1316.28,34.8,Low
CLM0009542,0.2526,0.4374,0.5197,1331.92,42.7,Medium
CLM0009543,0.29,0.3428,0.6672,7675.08,41.9,Medium
CLM0009544,0.1485,0.2242,0.6628,823.26,34.7,Low
CLM0009545,0.2683,0.4156,0.5026,2123.76,32.4,Low
CLM0009546,0.4189,0.2419,0.4893,2333.19,27.8,Low
CLM0009547,0.633,0.591,0.6175,9320.52,55.8,Medium
CLM0009548,0.545,0.42,0.4946,1388.33,33.6,Low
CLM0009549,0.15,0.2934,0.4866,964.23,37.2,Low
CLM0009550,0.2255,0.3686,0.64,1620.94,36.6,Low
CLM0009551,0.2307,0.3822,0.8996,6199.6,54.9,Medium
CLM0009552,0.0774,0.2048,0.8325,6119.23,50.1,Medium
CLM0009553,0.2824,0.4377,0.7008,3696.63,46.1,Medium
CLM0009554,0.5718,0.4056,0.4582,373.34,32.8,Low
CLM0009555,0.6029,0.4977,0.5671,2723.02,42.4,Medium
CLM0009556,0.1425,0.3398,0.627,344.39,41.9,Medium
CLM0009557,0.707,0.6318,0.583,5033.06,48.0,Medium
CLM0009558,0.0278,0.2129,0.6452,47.61,30.5,Low
CLM0009559,0.4605,0.2716,0.6707,4084.91,43.3,Medium
CLM0009560,0.5584,0.6095,0.3165,598.48,31.3,Low
CLM0009561,0.6308,0.5416,0.2275,424.25,30.6,Low
CLM0009562,0.2085,0.3472,0.6255,931.79,40.3,Medium
CLM0009563,0.2256,0.3688,0.5443,1483.33,37.9,Low
CLM0009564,0.2425,0.3814,0.5046,691.37,42.9,Medium
CLM0009565,0.2665,0.408,0.3791,424.84,27.1,Low
CLM0009566,0.1484,0.3953,0.5326,2054.63,39.5,Low
CLM0009567,0.282,0.3423,0.6397,956.65,42.8,Medium
CLM0009568,0.6134,0.544,0.2692,268.59,17.6,Low
CLM0009569,0.6371,0.4792,0.2518,511.91,28.9,Low
CLM0009570,0.286,0.4139,0.5985,968.31,44.0,Medium
CLM0009571,0.5509,0.3464,0.4772,673.46,33.4,Low
CLM0009572,0.2432,0.6099,0.7009,18291.4,57.9,Medium
CLM0009573,0.0697,0.2315,0.6086,8.44,35.8,Low
CLM0009574,0.1255,0.1882,0.6587,119.02,33.5,Low
CLM0009575,0.4601,0.3871,0.5441,832.36,33.5,Low
CLM0009576,0.1908,0.3239,0.6614,157.19,40.2,Medium
CLM0009577,0.5459,0.5644,0.3657,317.25,37.2,Low
CLM0009578,0.544,0.4791,0.6524,10251.04,49.9,Medium
CLM0009579,0.2518,0.4478,0.7648,6799.07,52.0,Medium
CLM0009580,0.6762,0.5127,0.2865,1097.55,30.5,Low
CLM0009581,0.0894,0.3339,0.6379,2127.46,37.3,Low
CLM0009582,0.4523,0.3933,0.3984,799.59,31.0,Low
CLM0009583,0.1943,0.2659,0.6583,726.94,37.5,Low
CLM0009584,0.2043,0.4206,0.4913,638.53,32.4,Low
CLM0009585,0.6367,0.5313,0.6195,5380.69,46.4,Medium
CLM0009586,0.1934,0.2587,0.5972,66.0,40.2,Medium
CLM0009587,0.5544,0.5837,0.6534,5370.51,53.8,Medium
CLM0009588,0.2559,0.5196,0.4805,815.09,32.6,Low
CLM0009589,0.1826,0.2371,0.6295,1373.48,35.2,Low
CLM0009590,0.1055,0.0618,0.6227,252.42,31.9,Low
CLM0009591,0.1588,0.0902,0.5696,781.09,23.8,Low
CLM0009592,0.4416,0.3777,0.439,1591.12,30.0,Low
CLM0009593,0.5558,0.4718,0.4851,1141.36,39.4,Low
CLM0009594,0.2077,0.2581,0.4997,2547.22,35.2,Low
CLM0009595,0.1311,0.3008,0.5947,1718.2,33.2,Low
CLM0009596,0.0339,0.2518,0.6337,16.56,36.4,Low
CLM0009597,0.2335,0.3967,0.3762,259.83,29.2,Low
CLM0009598,0.2751,0.4471,0.7396,9963.74,62.6,Medium
CLM0009599,0.5304,0.4872,0.4206,885.8,26.7,Low
CLM0009600,0.0893,0.2685,0.6482,355.64,34.6,Low
CLM0009601,0.268,0.4849,0.6768,3863.46,49.8,Medium
CLM0009602,0.5878,0.5568,0.5384,4655.94,43.8,Medium
CLM0009603,0.0833,0.2215,0.6007,624.32,32.8,Low
CLM0009604,0.3554,0.4497,0.4667,1529.84,30.2,Low
CLM0009605,0.2319,0.2351,0.6378,28.23,36.5,Low
CLM0009606,0.1278,0.2587,0.6352,117.79,43.4,Medium
CLM0009607,0.1243,0.2124,0.831,9777.38,49.2,Medium
CLM0009608,0.2302,0.38,0.666,2450.82,40.5,Medium
CLM0009609,0.0592,0.2442,0.6234,63.12,36.4,Low
CLM0009610,0.1491,0.3117,0.6318,593.51,38.5,Low
CLM0009611,0.1061,0.3396,0.8356,8464.49,49.7,Medium
CLM0009612,0.1848,0.2672,0.6144,317.2,41.0,Medium
CLM0009613,0.1144,0.116,0.5624,1182.17,26.9,Low
CLM0009614,0.5998,0.4496,0.7135,5453.32,44.6,Medium
CLM0009615,0.1901,0.3694,0.6387,17.81,40.2,Medium
CLM0009616,0.1442,0.3659,0.8919,15719.99,55.5,Medium
CLM0009617,0.1364,0.232,0.5261,897.74,35.9,Low
CLM0009618,0.6594,0.4983,0.2552,332.14,39.7,Low
CLM0009619,0.0154,0.1076,0.6284,175.45,31.6,Low
CLM0009620,0.277,0.5674,0.462,714.91,39.8,Low
CLM0009621,0.2275,0.2666,0.8785,5895.67,55.7,Medium
CLM0009622,0.2638,0.4503,0.5613,1395.6,37.1,Low
CLM0009623,0.1624,0.4011,0.6578,1607.81,44.4,Medium
CLM0009624,0.1368,0.1745,0.5915,186.22,34.9,Low
CLM0009625,0.5165,0.444,0.4184,341.07,35.1,Low
CLM0009626,0.1635,0.1956,0.6674,2827.84,37.0,Low
CLM0009627,0.2877,0.4472,0.4058,1833.55,31.1,Low
CLM0009628,0.2262,0.3577,0.6942,68.92,38.0,Low
CLM0009629,0.2636,0.5109,0.7212,9811.86,52.7,Medium
CLM0009630,0.2258,0.323,0.9174,7102.0,57.6,Medium
CLM0009631,0.0453,0.0894,0.7911,6458.08,49.9,Medium
CLM0009632,0.3149,0.5525,0.7293,5503.19,54.8,Medium
CLM0009633,0.6557,0.5614,0.3658,416.63,26.4,Low
CLM0009634,0.2507,0.3598,0.565,981.19,34.1,Low
CLM0009635,0.6913,0.4579,0.4415,1357.73,28.7,Low
CLM0009636,0.4592,0.2654,0.5366,1127.29,33.1,Low
CLM0009637,0.4015,0.4065,0.4065,778.69,34.3,Low
CLM0009638,0.2165,0.2116,0.646,325.86,35.4,Low
CLM0009639,0.2642,0.5167,0.3827,488.62,37.5,Low
CLM0009640,0.269,0.4669,0.6915,18272.39,64.9,Medium
CLM0009641,0.1634,0.1495,0.6388,633.56,35.0,Low
CLM0009642,0.5968,0.4094,0.6928,5068.38,51.0,Medium
CLM0009643,0.5053,0.2996,0.656,4911.04,41.3,Medium
CLM0009644,0.2954,0.3394,0.4949,1299.84,33.4,Low
CLM0009645,0.1211,0.293,0.5372,1202.68,37.5,Low
CLM0009646,0.1255,0.2412,0.6388,280.86,37.0,Low
CLM0009647,0.2505,0.3807,0.6474,1641.08,39.5,Low
CLM0009648,0.1531,0.2627,0.6281,1173.55,38.8,Low
CLM0009649,0.2542,0.469,0.4715,1728.24,37.0,Low
CLM0009650,0.406,0.488,0.3785,1252.17,31.3,Low
CLM0009651,0.5934,0.6705,0.3712,270.58,33.5,Low
CLM0009652,0.2864,0.5279,0.4333,1031.42,41.9,Medium
CLM0009653,0.8117,0.6451,0.5782,7928.31,50.3,Medium
CLM0009654,0.6511,0.5517,0.5169,1405.5,43.1,Medium
CLM0009655,0.5731,0.4213,0.4177,1346.63,31.1,Low
CLM0009656,0.236,0.2221,0.5637,1311.31,35.4,Low
CLM0009657,0.4138,0.2825,0.5355,316.73,27.1,Low
CLM0009658,0.3118,0.4327,0.5028,617.79,36.2,Low
CLM0009659,0.5561,0.5341,0.3929,1422.62,36.9,Low
CLM0009660,0.4797,0.4631,0.5111,1127.44,27.1,Low
CLM0009661,0.184,0.3894,0.4166,551.44,23.4,Low
CLM0009662,0.2504,0.4833,0.4422,3223.33,40.4,Medium
CLM0009663,0.6049,0.5441,0.3862,1094.49,29.8,Low
CLM0009664,0.5627,0.6228,0.5901,4695.8,48.3,Medium
CLM0009665,0.3578,0.569,0.6109,7524.08,46.6,Medium
CLM0009666,0.5894,0.5201,0.5638,1209.4,43.6,Medium
CLM0009667,0.4808,0.3626,0.4012,358.69,24.4,Low
CLM0009668,0.2716,0.3972,0.6291,6687.61,50.9,Medium
CLM0009669,0.4743,0.3471,0.4194,881.13,30.3,Low
CLM0009670,0.2067,0.3922,0.4609,488.38,35.9,Low
CLM0009671,0.2921,0.3959,0.5114,710.07,35.2,Low
CLM0009672,0.1887,0.5027,0.5696,2058.41,46.4,Medium
CLM0009673,0.6277,0.5129,0.3909,451.41,34.3,Low
CLM0009674,0.2519,0.4968,0.751,8477.22,49.9,Medium
CLM0009675,0.0813,0.2674,0.6736,503.09,32.7,Low
CLM0009676,0.5184,0.479,0.6704,4261.53,40.3,Medium
CLM0009677,0.262,0.5237,0.5087,1685.41,38.8,Low
CLM0009678,0.2095,0.3803,0.9448,12384.81,63.7,Medium
CLM0009679,0.0867,0.1533,0.6132,139.79,29.2,Low
CLM0009680,0.0947,0.2243,0.652,10.46,34.2,Low
CLM0009681,0.2567,0.6157,0.4351,1491.77,33.5,Low
CLM0009682,0.5774,0.5264,0.2413,164.64,23.0,Low
CLM0009683,0.2256,0.4084,0.3845,609.2,27.1,Low
CLM0009684,0.457,0.4973,0.3866,966.78,23.9,Low
CLM0009685,0.3687,0.5303,0.6355,6958.54,60.6,Medium
CLM0009686,0.6207,0.5627,0.5135,3616.39,46.3,Medium
CLM0009687,0.2319,0.3616,0.4885,2262.23,36.1,Low
CLM0009688,0.1648,0.2395,0.6389,236.13,31.8,Low
CLM0009689,0.2905,0.4187,0.7687,4307.14,35.9,Low
CLM0009690,0.0999,0.2451,0.6839,88.55,33.5,Low
CLM0009691,0.5077,0.4266,0.8161,9358.7,53.7,Medium
CLM0009692,0.6156,0.686,0.5684,11771.71,53.7,Medium
CLM0009693,0.4126,0.5563,0.4736,2149.13,46.0,Medium
CLM0009694,0.2092,0.2672,0.5659,1929.09,25.0,Low
CLM0009695,0.2405,0.6337,0.6169,8586.82,47.2,Medium
CLM0009696,0.2455,0.3963,0.7574,5039.09,49.3,Medium
CLM0009697,0.1232,0.1242,0.5178,1451.47,31.3,Low
CLM0009698,0.6211,0.4026,0.2602,651.56,29.5,Low
CLM0009699,0.296,0.4826,0.4941,663.41,47.4,Medium
CLM0009700,0.6099,0.4792,0.3158,295.25,35.0,Low
CLM0009701,0.2224,0.4082,0.3585,306.77,34.8,Low
CLM0009702,0.2177,0.2986,0.6331,365.84,36.4,Low
CLM0009703,0.5687,0.5629,0.3461,1393.64,31.6,Low
CLM0009704,0.2615,0.3531,0.3558,543.03,25.0,Low
CLM0009705,0.5856,0.4363,0.5391,954.27,32.1,Low
CLM0009706,0.5762,0.5729,0.3998,1682.21,35.4,Low
CLM0009707,0.2238,0.3055,0.6616,790.23,32.4,Low
CLM0009708,0.1981,0.2616,0.5849,1579.03,28.1,Low
CLM0009709,0.5541,0.4412,0.2607,572.34,25.5,Low
CLM0009710,0.5527,0.5193,0.2257,510.9,28.9,Low
CLM0009711,0.2307,0.3542,0.7869,5464.02,59.2,Medium
CLM0009712,0.1193,0.1831,0.5172,426.86,28.4,Low
CLM0009713,0.1697,0.4317,0.637,107.57,40.9,Medium
CLM0009714,0.2935,0.542,0.4574,622.2,34.7,Low
CLM0009715,0.2753,0.4788,0.4163,922.31,35.0,Low
CLM0009716,0.1017,0.2798,0.8801,5152.56,44.3,Medium
CLM0009717,0.1009,0.3282,0.88,9594.86,59.6,Medium
CLM0009718,0.2151,0.3128,0.6639,684.74,37.6,Low
CLM0009719,0.2701,0.3793,0.3446,1761.08,30.3,Low
CLM0009720,0.1102,0.2262,0.6179,511.16,42.5,Medium
CLM0009721,0.1122,0.166,0.611,301.52,41.0,Medium
CLM0009722,0.0509,0.1391,0.5477,1798.44,27.8,Low
CLM0009723,0.0934,0.2441,0.8267,10089.29,45.7,Medium
CLM0009724,0.2466,0.4078,0.491,677.68,38.2,Low
CLM0009725,0.1705,0.1391,0.614,343.83,28.2,Low
CLM0009726,0.5193,0.4284,0.4057,2683.82,40.1,Medium
CLM0009727,0.2993,0.3394,0.6247,625.82,44.1,Medium
CLM0009728,0.5232,0.4038,0.5201,785.02,34.9,Low
CLM0009729,0.6044,0.5544,0.2408,980.11,29.7,Low
CLM0009730,0.1001,0.225,0.6551,2415.18,30.0,Low
CLM0009731,0.4778,0.4022,0.4046,2117.17,29.6,Low
CLM0009732,0.3175,0.4796,0.7404,5063.51,56.2,Medium
CLM0009733,0.3183,0.4034,0.5107,293.16,35.0,Low
CLM0009734,0.2624,0.3589,0.4632,1054.77,29.8,Low
CLM0009735,0.2435,0.6041,0.7214,19969.62,51.4,Medium
CLM0009736,0.2183,0.3822,0.3678,636.02,26.2,Low
CLM0009737,0.2494,0.3722,0.6288,1401.38,40.7,Medium
CLM0009738,0.1343,0.2697,0.6314,228.64,37.1,Low
CLM0009739,0.2054,0.2589,0.6459,1453.96,33.4,Low
CLM0009740,0.6175,0.6117,0.3427,1502.01,29.8,Low
CLM0009741,0.7981,0.6567,0.3489,763.84,31.6,Low
CLM0009742,0.1778,0.2792,0.6732,1882.99,43.5,Medium
CLM0009743,0.2333,0.4924,0.637,1155.67,37.7,Low
CLM0009744,0.1556,0.2486,0.6475,182.05,38.9,Low
CLM0009745,0.3243,0.3988,0.4841,618.96,30.0,Low
CLM0009746,0.2471,0.2552,0.6672,298.52,42.3,Medium
CLM0009747,0.6729,0.5261,0.663,5495.23,45.1,Medium
CLM0009748,0.2567,0.3951,0.6479,2014.97,42.4,Medium
CLM0009749,0.7645,0.5372,0.2672,825.5,21.5,Low
CLM0009750,0.1169,0.163,0.6481,3300.67,39.5,Low
CLM0009751,0.5008,0.3002,0.4904,1630.49,37.5,Low
CLM0009752,0.2578,0.4463,0.6303,435.72,43.6,Medium
CLM0009753,0.1638,0.2376,0.6959,234.9,37.6,Low
CLM0009754,0.1859,0.3272,0.9537,7337.83,56.0,Medium
CLM0009755,0.2335,0.3175,0.8242,6927.92,46.1,Medium
CLM0009756,0.1664,0.3756,0.7056,277.06,43.6,Medium
CLM0009757,0.184,0.2637,0.6484,40.01,35.2,Low
CLM0009758,0.2859,0.3442,0.5913,9389.4,43.2,Medium
CLM0009759,0.0861,0.2869,0.5888,179.06,32.2,Low
CLM0009760,0.1736,0.315,0.5124,2458.24,41.9,Medium
CLM0009761,0.2638,0.4868,0.5714,1680.72,41.7,Medium
CLM0009762,0.2581,0.5922,0.4035,1589.95,31.5,Low
CLM0009763,0.2628,0.4138,0.5975,137.2,43.1,Medium
CLM0009764,0.2815,0.5685,0.4586,1141.16,36.8,Low
CLM0009765,0.2298,0.3788,0.3909,692.07,28.4,Low
CLM0009766,0.3047,0.3347,0.4733,608.76,40.6,Medium
CLM0009767,0.1702,0.2301,0.6623,467.06,38.0,Low
CLM0009768,0.1271,0.0915,0.6508,79.02,35.0,Low
CLM0009769,0.4086,0.6506,0.4751,1303.88,35.5,Low
CLM0009770,0.2651,0.3261,0.6523,6523.23,39.8,Low
CLM0009771,0.4996,0.3648,0.5243,1200.46,41.6,Medium
CLM0009772,0.2691,0.4684,0.4915,1996.17,38.2,Low
CLM0009773,0.1212,0.2074,0.8951,24380.78,62.4,Medium
CLM0009774,0.0771,0.196,0.6338,136.42,44.9,Medium
CLM0009775,0.1138,0.1581,0.6418,162.75,35.4,Low
CLM0009776,0.0992,0.1623,0.6678,79.41,33.1,Low
CLM0009777,0.2294,0.3548,0.5166,2478.35,33.3,Low
CLM0009778,0.6139,0.5917,0.5715,8261.45,48.5,Medium
CLM0009779,0.4978,0.3352,0.4968,2515.88,40.1,Medium
CLM0009780,0.0598,0.2486,0.6102,716.34,41.7,Medium
CLM0009781,0.071,0.2018,0.6777,104.98,41.5,Medium
CLM0009782,0.2323,0.4122,0.4335,1617.86,29.5,Low
CLM0009783,0.6229,0.5398,0.4497,863.79,33.9,Low
CLM0009784,0.6041,0.4703,0.3606,1243.85,33.2,Low
CLM0009785,0.447,0.3227,0.4064,991.73,29.3,Low
CLM0009786,0.0702,0.1397,0.6348,485.18,33.0,Low
CLM0009787,0.2914,0.4399,0.4735,798.31,35.2,Low
CLM0009788,0.1955,0.3316,0.6625,1910.76,39.0,Low
CLM0009789,0.4617,0.6454,0.5047,872.19,38.7,Low
CLM0009790,0.1148,0.207,0.6335,158.8,30.2,Low
CLM0009791,0.2831,0.3988,0.4436,3130.65,38.8,Low
CLM0009792,0.1454,0.3402,0.6445,954.69,41.1,Medium
CLM0009793,0.1483,0.3103,0.6629,1149.96,41.3,Medium
CLM0009794,0.466,0.5076,0.3507,1535.2,37.4,Low
CLM0009795,0.2158,0.3512,0.6176,18.97,41.8,Medium
CLM0009796,0.29,0.4795,0.3802,413.33,34.4,Low
CLM0009797,0.123,0.2837,0.5986,894.86,33.5,Low
CLM0009798,0.6089,0.5789,0.5122,3273.41,40.5,Medium
CLM0009799,0.2861,0.231,0.5142,3053.53,37.1,Low
CLM0009800,0.1851,0.3322,0.5911,2619.92,40.1,Medium
CLM0009801,0.2091,0.4846,0.9079,25867.35,71.7,High
CLM0009802,0.2602,0.492,0.5324,976.25,39.5,Low
CLM0009803,0.6433,0.5357,0.2328,1221.49,22.9,Low
CLM0009804,0.6143,0.505,0.2357,1109.81,29.0,Low
CLM0009805,0.5131,0.3609,0.5265,1563.04,38.4,Low
CLM0009806,0.0638,0.2126,0.6676,1070.86,33.0,Low
CLM0009807,0.0556,0.0572,0.6533,42.11,30.1,Low
CLM0009808,0.0585,0.3884,0.6292,120.57,39.1,Low
CLM0009809,0.531,0.5542,0.3397,284.44,33.4,Low
CLM0009810,0.1195,0.1415,0.8122,5729.03,47.8,Medium
CLM0009811,0.0885,0.1995,0.5277,984.7,28.6,Low
CLM0009812,0.1078,0.3274,0.8279,15015.16,50.4,Medium
CLM0009813,0.1251,0.2795,0.6008,3450.91,29.3,Low
CLM0009814,0.0513,0.3146,0.5966,147.84,31.9,Low
CLM0009815,0.2502,0.5645,0.4816,1116.56,40.8,Medium
CLM0009816,0.062,0.2672,0.5596,2754.8,25.5,Low
CLM0009817,0.0648,0.3941,0.5942,1009.33,41.2,Medium
CLM0009818,0.1035,0.2906,0.6677,52.42,40.6,Medium
CLM0009819,0.2304,0.2406,0.6669,400.21,37.0,Low
CLM0009820,0.2071,0.3675,0.6298,2935.23,40.9,Medium
CLM0009821,0.3348,0.4229,0.6341,10.45,44.4,Medium
CLM0009822,0.1468,0.2796,0.522,1949.28,33.9,Low
CLM0009823,0.0535,0.1553,0.554,1161.71,31.5,Low
CLM0009824,0.5576,0.479,0.4178,548.89,38.2,Low
CLM0009825,0.141,0.2611,0.6545,2636.61,44.1,Medium
CLM0009826,0.5092,0.3069,0.4707,2403.98,39.9,Low
CLM0009827,0.6275,0.6228,0.3506,705.24,33.7,Low
CLM0009828,0.2781,0.2408,0.6185,1939.43,40.1,Medium
CLM0009829,0.6779,0.7077,0.4197,1337.44,36.4,Low
CLM0009830,0.0943,0.211,0.6453,201.01,30.6,Low
CLM0009831,0.2549,0.4265,0.6237,2159.16,39.5,Low
CLM0009832,0.2955,0.4171,0.7547,10757.27,50.1,Medium
CLM0009833,0.2018,0.3334,0.6029,21.66,40.5,Medium
CLM0009834,0.2578,0.4849,0.4613,2598.62,37.7,Low
CLM0009835,0.4391,0.4145,0.4298,721.95,34.7,Low
CLM0009836,0.2931,0.4426,0.3936,541.76,31.4,Low
CLM0009837,0.5943,0.5439,0.6096,24915.01,65.4,Medium
CLM0009838,0.2013,0.3492,0.6769,39.33,31.1,Low
CLM0009839,0.5417,0.406,0.4242,181.92,31.5,Low
CLM0009840,0.228,0.3162,0.5925,1136.15,37.4,Low
CLM0009841,0.2333,0.3353,0.5452,1156.38,33.9,Low
CLM0009842,0.1285,0.2927,0.6776,821.04,34.7,Low
CLM0009843,0.0841,0.1667,0.6411,256.25,34.0,Low
CLM0009844,0.2375,0.3993,0.3652,339.16,25.5,Low
CLM0009845,0.1385,0.3658,0.5405,485.56,33.1,Low
CLM0009846,0.6617,0.4979,0.3505,409.85,32.8,Low
CLM0009847,0.7709,0.4879,0.2742,1169.37,25.6,Low
CLM0009848,0.6106,0.5996,0.5859,21216.8,72.0,High
CLM0009849,0.6224,0.6164,0.6158,7657.98,49.3,Medium
CLM0009850,0.0724,0.1116,0.7887,7326.13,50.3,Medium
CLM0009851,0.5736,0.416,0.487,1655.44,35.6,Low
CLM0009852,0.2889,0.4234,0.4882,467.96,34.9,Low
CLM0009853,0.0969,0.1931,0.6487,137.65,39.7,Low
CLM0009854,0.237,0.4548,0.7267,4021.07,53.0,Medium
CLM0009855,0.0956,0.2294,0.6332,1793.88,29.8,Low
CLM0009856,0.5976,0.6245,0.3544,501.17,34.0,Low
CLM0009857,0.0512,0.2419,0.5204,324.32,32.8,Low
CLM0009858,0.5664,0.7013,0.3445,164.76,35.0,Low
CLM0009859,0.5614,0.3587,0.537,1967.43,39.1,Low
CLM0009860,0.5984,0.532,0.2448,242.75,30.5,Low
CLM0009861,0.0467,0.2097,0.6067,816.96,33.5,Low
CLM0009862,0.2672,0.4963,0.3969,2149.84,31.4,Low
CLM0009863,0.6001,0.5038,0.3509,1835.83,39.1,Low
CLM0009864,0.1123,0.2011,0.6425,68.69,32.1,Low
CLM0009865,0.2665,0.421,0.4621,1470.14,36.9,Low
CLM0009866,0.2688,0.2715,0.5671,1131.98,33.9,Low
CLM0009867,0.2415,0.4659,0.6663,4036.94,43.6,Medium
CLM0009868,0.1209,0.2144,0.5282,840.15,32.0,Low
CLM0009869,0.2341,0.4122,0.7937,10258.4,52.5,Medium
CLM0009870,0.536,0.3828,0.4098,197.69,37.1,Low
CLM0009871,0.2878,0.499,0.472,767.77,37.5,Low
CLM0009872,0.0838,0.2571,0.6526,1242.92,39.9,Low
CLM0009873,0.2291,0.473,0.7367,6879.14,57.5,Medium
CLM0009874,0.4701,0.4072,0.3449,551.79,33.4,Low
CLM0009875,0.0243,0.1858,0.6657,513.35,30.9,Low
CLM0009876,0.3559,0.4683,0.7809,6606.54,56.5,Medium
CLM0009877,0.3415,0.4064,0.4754,487.55,32.8,Low
CLM0009878,0.534,0.4506,0.4819,582.91,34.8,Low
CLM0009879,0.5672,0.5833,0.6138,8055.28,49.5,Medium
CLM0009880,0.6191,0.4883,0.5341,1297.04,32.9,Low
CLM0009881,0.5884,0.4673,0.2508,662.13,27.5,Low
CLM0009882,0.2287,0.315,0.5478,723.53,36.3,Low
CLM0009883,0.1218,0.17,0.7948,10378.82,45.8,Medium
CLM0009884,0.6295,0.6513,0.6273,3693.33,43.0,Medium
CLM0009885,0.1208,0.1502,0.538,1893.01,32.6,Low
CLM0009886,0.6359,0.527,0.3655,1525.03,27.3,Low
CLM0009887,0.2453,0.4291,0.4174,1021.93,28.8,Low
CLM0009888,0.1351,0.2576,0.607,173.88,35.4,Low
CLM0009889,0.2889,0.3868,0.5226,228.36,32.0,Low
CLM0009890,0.1687,0.2716,0.6057,595.81,41.9,Medium
CLM0009891,0.1209,0.2001,0.6211,437.47,33.6,Low
CLM0009892,0.2705,0.3844,0.6392,5228.57,40.7,Medium
CLM0009893,0.4066,0.5157,0.7139,5770.54,49.6,Medium
CLM0009894,0.0806,0.2527,0.6151,725.65,37.0,Low
CLM0009895,0.1559,0.3383,0.5445,1729.55,31.4,Low
CLM0009896,0.2356,0.3582,0.683,756.47,44.2,Medium
CLM0009897,0.7861,0.5896,0.772,4082.7,54.6,Medium
CLM0009898,0.0726,0.2721,0.6375,63.01,36.4,Low
CLM0009899,0.232,0.458,0.4921,252.3,38.9,Low
CLM0009900,0.0816,0.2009,0.6425,226.97,31.7,Low
CLM0009901,0.6126,0.5994,0.3736,747.09,36.1,Low
CLM0009902,0.6661,0.5163,0.5568,3101.09,50.4,Medium
CLM0009903,0.2249,0.4778,0.4719,511.34,31.2,Low
CLM0009904,0.6204,0.505,0.2442,369.14,26.8,Low
CLM0009905,0.317,0.4896,0.722,9457.04,53.2,Medium
CLM0009906,0.6286,0.6526,0.6336,8111.99,53.0,Medium
CLM0009907,0.1983,0.2025,0.6668,584.48,39.7,Low
CLM0009908,0.2831,0.2984,0.8362,6331.8,56.5,Medium
CLM0009909,0.2245,0.1696,0.668,1541.96,36.2,Low
CLM0009910,0.1945,0.4114,0.6288,3661.57,42.4,Medium
CLM0009911,0.0729,0.1544,0.6266,228.67,34.1,Low
CLM0009912,0.2385,0.4027,0.4863,2193.42,29.2,Low
CLM0009913,0.1081,0.2085,0.6388,1758.8,37.6,Low
CLM0009914,0.1282,0.1627,0.608,39.45,34.9,Low
CLM0009915,0.3871,0.4287,0.8109,6542.33,48.4,Medium
CLM0009916,0.5163,0.4381,0.4951,384.7,37.7,Low
CLM0009917,0.6037,0.655,0.5809,9847.51,57.9,Medium
CLM0009918,0.2469,0.2709,0.5338,1579.42,31.4,Low
CLM0009919,0.6011,0.5375,0.3295,1615.8,39.0,Low
CLM0009920,0.1629,0.2277,0.6553,527.68,30.4,Low
CLM0009921,0.2646,0.4341,0.4957,196.1,35.0,Low
CLM0009922,0.1701,0.2831,0.5289,1847.98,39.9,Low
CLM0009923,0.6025,0.5449,0.3163,945.86,33.2,Low
CLM0009924,0.3938,0.3087,0.7045,6781.34,43.4,Medium
CLM0009925,0.7136,0.4678,0.2611,1067.87,31.0,Low
CLM0009926,0.168,0.2657,0.8987,13681.94,57.6,Medium
CLM0009927,0.6411,0.533,0.3621,1200.77,27.8,Low
CLM0009928,0.285,0.5642,0.7507,8426.67,58.9,Medium
CLM0009929,0.1132,0.3736,0.6508,230.49,38.9,Low
CLM0009930,0.1056,0.2547,0.5485,2294.63,35.1,Low
CLM0009931,0.4703,0.3503,0.3955,409.21,30.4,Low
CLM0009932,0.339,0.3666,0.5312,996.46,29.4,Low
CLM0009933,0.2831,0.4147,0.7023,15320.11,52.4,Medium
CLM0009934,0.0466,0.1875,0.8348,6963.37,47.4,Medium
CLM0009935,0.6239,0.5535,0.2286,181.26,21.6,Low
CLM0009936,0.1163,0.1659,0.6638,614.03,42.5,Medium
CLM0009937,0.6226,0.5649,0.5456,8903.54,45.9,Medium
CLM0009938,0.269,0.4596,0.6818,4925.05,43.9,Medium
CLM0009939,0.1769,0.2201,0.6398,1597.69,43.1,Medium
CLM0009940,0.1714,0.1816,0.888,5275.72,49.9,Medium
CLM0009941,0.1984,0.3147,0.7858,7500.42,50.0,Medium
CLM0009942,0.1355,0.1284,0.5323,1545.52,35.4,Low
CLM0009943,0.141,0.3251,0.6254,247.52,38.9,Low
CLM0009944,0.2479,0.3986,0.4986,1517.71,40.0,Low
CLM0009945,0.2612,0.3556,0.894,16531.6,59.0,Medium
CLM0009946,0.5016,0.5202,0.7174,6767.7,48.5,Medium
CLM0009947,0.0873,0.2757,0.6196,1700.67,37.7,Low
CLM0009948,0.2696,0.4367,0.4866,622.03,33.4,Low
CLM0009949,0.3884,0.3922,0.5001,1513.68,38.6,Low
CLM0009950,0.083,0.2222,0.5645,1684.18,32.8,Low
CLM0009951,0.1903,0.4283,0.7328,5146.81,47.2,Medium
CLM0009952,0.1155,0.2247,0.5474,655.07,34.3,Low
CLM0009953,0.4341,0.4875,0.4172,837.51,28.7,Low
CLM0009954,0.2265,0.48,0.3824,1234.96,39.9,Low
CLM0009955,0.2083,0.4241,0.6161,200.83,35.6,Low
CLM0009956,0.2478,0.3644,0.5587,2411.51,35.9,Low
CLM0009957,0.1244,0.1522,0.6056,1739.84,34.9,Low
CLM0009958,0.6037,0.4515,0.4025,890.29,32.0,Low
CLM0009959,0.2276,0.3103,0.3902,1693.5,29.1,Low
CLM0009960,0.1713,0.3056,0.6693,66.64,35.3,Low
CLM0009961,0.2566,0.337,0.6184,812.43,42.3,Medium
CLM0009962,0.2095,0.3847,0.3611,198.32,30.8,Low
CLM0009963,0.2048,0.4028,0.6481,2102.43,41.1,Medium
CLM0009964,0.2784,0.5919,0.657,10300.43,57.3,Medium
CLM0009965,0.2127,0.4276,0.4758,271.64,39.2,Low
CLM0009966,0.0612,0.1261,0.5396,383.33,26.9,Low
CLM0009967,0.0997,0.2013,0.6493,76.4,39.3,Low
CLM0009968,0.2232,0.2829,0.6218,463.43,37.5,Low
CLM0009969,0.6009,0.5617,0.2464,599.17,34.1,Low
CLM0009970,0.5734,0.5298,0.3488,1579.5,33.9,Low
CLM0009971,0.2542,0.499,0.4822,941.39,43.2,Medium
CLM0009972,0.2014,0.4259,0.6245,423.56,49.4,Medium
CLM0009973,0.2317,0.3574,0.8041,5730.91,53.9,Medium
CLM0009974,0.3023,0.3938,0.452,1904.72,39.0,Low
CLM0009975,0.2425,0.342,0.4565,460.09,35.9,Low
CLM0009976,0.2027,0.3893,0.6324,337.87,36.4,Low
CLM0009977,0.5962,0.5844,0.2076,908.4,30.6,Low
CLM0009978,0.2755,0.5405,0.4333,1307.77,33.6,Low
CLM0009979,0.3269,0.4662,0.4948,372.62,36.9,Low
CLM0009980,0.4174,0.2914,0.4088,602.42,28.4,Low
CLM0009981,0.135,0.2658,0.6394,734.69,33.1,Low
CLM0009982,0.3682,0.4523,0.6884,4661.54,54.5,Medium
CLM0009983,0.4646,0.352,0.6649,6549.59,38.6,Low
CLM0009984,0.2808,0.315,0.6768,784.62,41.1,Medium
CLM0009985,0.2856,0.4846,0.7558,3883.87,53.6,Medium
CLM0009986,0.6206,0.5613,0.2194,194.33,23.4,Low
CLM0009987,0.5831,0.4347,0.4133,1160.94,24.2,Low
CLM0009988,0.2062,0.3714,0.6534,145.21,36.6,Low
CLM0009989,0.2944,0.338,0.6701,1698.82,47.5,Medium
CLM0009990,0.6341,0.4645,0.3462,337.57,30.3,Low
CLM0009991,0.2808,0.3074,0.9071,4872.99,49.6,Medium
CLM0009992,0.1857,0.3129,0.5777,512.85,38.7,Low
CLM0009993,0.4708,0.4253,0.48,621.99,42.5,Medium
CLM0009994,0.1572,0.1769,0.6357,174.77,37.2,Low
CLM0009995,0.6537,0.5929,0.2774,447.82,29.0,Low
CLM0009996,0.0559,0.2278,0.6932,20.98,33.3,Low
CLM0009997,0.1326,0.1952,0.6224,789.7,37.8,Low
CLM0009998,0.229,0.5412,0.4716,1052.72,44.8,Medium
CLM0009999,0.1082,0.3497,0.6656,3040.94,41.8,Medium
CLM0010000,0.0958,0.2427,0.637,73.88,35.0,Low
